set,row,exception,nan_out,ier,fvec,theta_rad,reach_max,reach_min,reach_spread,tcp_x,tcp_y,tcp_z,warned
"workspace_sampling/contact_points.npy, 1000 rows, seed 0",4299,,False,1,3.552713678800501e-15,0.1377275921712903,22.3925634997146,22.29998025236922,0.09258324734538093,480.72141740644287,-100.66623751230745,1057.5152169377584,False
"workspace_sampling/contact_points.npy, 1000 rows, seed 0",404,,False,1,7.105427357601002e-15,0.2741870046556022,36.32229359718156,35.857864063883774,0.464429533297789,331.7254971863319,-103.79813804960932,938.7636949215366,False
"workspace_sampling/contact_points.npy, 1000 rows, seed 0",5192,,False,1,7.105427357601002e-15,0.6065661649949786,60.71692550408029,18.39017061793305,42.326754886147235,363.84396654205824,-46.03432241076562,915.2501951050327,False
"workspace_sampling/contact_points.npy, 1000 rows, seed 0",199,,False,1,0.0,0.13895601326674709,22.52497040046695,22.231512462893924,0.2934579375730273,507.2682331553344,-81.36498578115334,1052.9617012034364,False
"workspace_sampling/contact_points.npy, 1000 rows, seed 0",3768,,False,1,3.552713678800501e-15,0.14056513919476746,22.698248668093978,22.3216653535496,0.37658331454437644,480.3028109984317,-97.31400873243714,1057.4610043659434,False
"workspace_sampling/contact_points.npy, 1000 rows, seed 0",1293,,False,1,0.0,0.14576186822393278,23.256577319822895,22.84943186879935,0.4071454510235455,487.153534113052,-89.11384726394115,1057.6167154350537,False
"workspace_sampling/contact_points.npy, 1000 rows, seed 0",3171,,False,1,8.881784197001252e-16,-0.01900514265140575,4.8154254740532325,4.659883907618153,0.15554156643507966,500.89582635669206,-104.34296246048328,1061.9206233711805,False
"workspace_sampling/contact_points.npy, 1000 rows, seed 0",7098,,False,1,3.552713678800501e-15,0.12889198816039335,21.43707680924434,21.40212467558642,0.03495213365791727,472.7483171934987,-105.43098428379744,1057.0500642535997,False
"workspace_sampling/contact_points.npy, 1000 rows, seed 0",232,,False,1,3.552713678800501e-15,0.2251740843610668,31.517274444364805,31.195752530847184,0.32152191351762127,465.5996940992932,-92.19700946723663,1053.073027435081,False
"workspace_sampling/contact_points.npy, 1000 rows, seed 0",6621,,False,1,0.0,0.13263706746630408,21.84273664761543,21.804064785535342,0.03867186208008633,464.4932828199216,-101.94005919963337,1057.0933945755207,False
"workspace_sampling/contact_points.npy, 1000 rows, seed 0",3479,,False,1,1.7763568394002505e-15,0.06223625749974275,14.071305325711236,13.589181005625269,0.4821243200859673,490.7663666448574,-99.60056418806727,1060.9462992387523,False
"workspace_sampling/contact_points.npy, 1000 rows, seed 0",6577,,False,1,3.552713678800501e-14,0.5497597550157794,57.71775904508837,38.40508033947153,19.31267870561684,412.4420455097114,-57.38339269505657,1006.767121420621,False
"workspace_sampling/contact_points.npy, 1000 rows, seed 0",21,,False,1,8.881784197001252e-16,-0.01816409184284171,4.912284393941942,4.707377124087136,0.20490726985480556,515.3372536759078,-109.22175845059837,1062.245018421017,False
"workspace_sampling/contact_points.npy, 1000 rows, seed 0",4695,,False,1,3.552713678800501e-15,0.14017759524623383,22.65653310559942,22.53953088388527,0.11700222171414865,469.1779624407584,-97.7297262295672,1057.387589545614,False
"workspace_sampling/contact_points.npy, 1000 rows, seed 0",5874,,False,1,0.0,0.13666767117087428,22.278232274579725,22.238831445961985,0.0394008286177403,485.0836011843136,-118.21251531987853,1057.6049657539659,False
"workspace_sampling/contact_points.npy, 1000 rows, seed 0",7031,,False,1,1.7763568394002505e-15,0.06584205692246856,14.47604422197456,13.9362571043107,0.5397871176638596,497.54543625366534,-118.96531247523396,1058.321319482017,False
"workspace_sampling/contact_points.npy, 1000 rows, seed 0",6008,,False,1,3.552713678800501e-14,0.05472042100990911,13.225691278796837,13.111259175628414,0.1144321031684239,481.5539972558046,-103.89701936633234,1060.8762556886634,False
"workspace_sampling/contact_points.npy, 1000 rows, seed 0",68,,False,1,1.7763568394002505e-15,0.07443212215304269,15.437651941990781,15.03617760736363,0.4014743346271512,454.6432242767899,-35.622510757386316,1057.5348827430505,False
"workspace_sampling/contact_points.npy, 1000 rows, seed 0",2924,,False,1,0.0,0.28179770742003246,37.04569885776509,36.70826535016872,0.3374335075963657,355.5713286191512,-51.26856253439658,988.8182371797982,False
"workspace_sampling/contact_points.npy, 1000 rows, seed 0",511,,False,1,3.552713678800501e-15,0.2247797403701064,31.477636053994974,31.253599358153195,0.22403669584177877,464.3584830670851,-92.07930463674263,1053.0859103804785,False
"workspace_sampling/contact_points.npy, 1000 rows, seed 0",6258,,False,1,1.7763568394002505e-15,-0.015663141889660285,5.200211174978361,4.828757229426819,0.37145394555154176,490.79005039994524,-108.63923765255461,1061.6453812737395,False
"workspace_sampling/contact_points.npy, 1000 rows, seed 0",8232,,False,1,0.0,0.12626151483589432,21.151573531668358,21.113308530533065,0.03826500113529363,468.6490078164183,-106.32666422540922,1056.552031169676,False
"workspace_sampling/contact_points.npy, 1000 rows, seed 0",5051,,False,1,0.0,0.06432459222842528,14.305790813598632,13.908980668655852,0.3968101449427799,500.47198846121904,-121.44639071048363,1058.3915905147337,False
"workspace_sampling/contact_points.npy, 1000 rows, seed 0",3868,,False,1,2.7711166694643907e-13,0.22031433553188076,31.027747789838863,30.872794720106736,0.15495306973212664,447.46034372179747,-95.37234924507956,1052.250270861626,False
"workspace_sampling/contact_points.npy, 1000 rows, seed 0",1644,,False,1,3.552713678800501e-15,0.14652274017511374,23.338158540354556,23.093026438561683,0.2451321017928727,479.3341383186958,-89.0100796740868,1057.5110792140172,False
"workspace_sampling/contact_points.npy, 1000 rows, seed 0",6767,,False,1,0.0,0.6066744791107584,60.72213638986962,22.53550073400043,38.18663565586919,384.7746741938583,-42.006373577958506,910.8183064162831,False
"workspace_sampling/contact_points.npy, 1000 rows, seed 0",1010,,False,1,0.0,0.059347494915571876,13.746600953375877,13.162908799016234,0.5836921543596425,506.1448962801534,-87.39423408128204,1058.6687880673626,False
"workspace_sampling/contact_points.npy, 1000 rows, seed 0",7004,,False,1,0.0,0.06707103591176541,14.613847918547034,14.178251517380673,0.4355964011663609,499.79743352146625,-123.79311113446498,1058.3362239705,False
"workspace_sampling/contact_points.npy, 1000 rows, seed 0",3250,,False,1,3.552713678800501e-15,0.13975969364750748,22.61153772120113,22.305451559865947,0.30608616133518396,497.50907407248985,-95.29489113868878,1052.7452735480083,False
"workspace_sampling/contact_points.npy, 1000 rows, seed 0",4839,,False,1,3.552713678800501e-15,0.13668753089121463,22.280375229398487,22.046801650467685,0.23357357893080177,480.7858006478087,-103.70906366465965,1057.5103876640717,False
"workspace_sampling/contact_points.npy, 1000 rows, seed 0",3973,,False,1,8.881784197001252e-16,-0.019295363511206528,4.7819988388866275,4.408778722215761,0.37322011667086663,497.5470690132965,-111.1637486936639,1062.6769934857741,False
"workspace_sampling/contact_points.npy, 1000 rows, seed 0",1042,,False,1,3.552713678800501e-15,0.2226698970729881,31.265307067888504,31.24828708456114,0.017019983327362098,464.0196755055641,-90.1908454649552,1053.1117021197135,False
"workspace_sampling/contact_points.npy, 1000 rows, seed 0",7088,,False,1,2.4868995751603507e-14,0.052609448078295935,12.987714855937394,12.897588922577443,0.09012593335995156,483.5953568998544,-108.95673867816082,1060.8448779221453,False
"workspace_sampling/contact_points.npy, 1000 rows, seed 0",1198,,False,1,3.552713678800501e-15,0.1534213757258154,24.075869950354306,23.63795716974601,0.43791278060829697,429.4220392604238,-111.27856225598822,1053.148189505436,False
"workspace_sampling/contact_points.npy, 1000 rows, seed 0",5704,,False,1,1.4210854715202004e-13,0.5627080297195172,58.44774464746499,34.21421420105854,24.233530446406448,421.344398331545,-51.087937373114826,1007.614080893572,False
"workspace_sampling/contact_points.npy, 1000 rows, seed 0",5345,,False,1,7.105427357601002e-15,0.606664208635849,60.721642371196786,16.08823380845087,44.63340856274591,388.45121206430514,-32.385430262265416,923.8667075920185,False
"workspace_sampling/contact_points.npy, 1000 rows, seed 0",8106,,False,1,3.552713678800501e-15,0.13286497664811736,21.867391967010796,21.70471094856981,0.16268101844098481,487.23627187518815,-122.88448281692573,1057.6093947615357,False
"workspace_sampling/contact_points.npy, 1000 rows, seed 0",3480,,False,1,3.552713678800501e-15,0.14128048163253112,22.775220323899244,22.41387545950049,0.361344864398756,482.2209448310879,-97.43403931409121,1057.4869919665448,False
"workspace_sampling/contact_points.npy, 1000 rows, seed 0",2,,False,1,0.0,0.0602590512688367,13.849104985660336,13.261312423104483,0.5877925625558529,516.386901485259,-112.23400369791148,1058.9573705704006,False
"workspace_sampling/contact_points.npy, 1000 rows, seed 0",5146,,False,1,6.323830348264892e-13,0.5756774176581839,59.15165248053233,31.972181542480165,27.179470938052162,421.98220684863935,-48.114351351701494,1007.0546086745238,False
"workspace_sampling/contact_points.npy, 1000 rows, seed 0",5765,,False,1,1.7763568394002505e-15,0.056269584286848306,13.40020416273424,13.390848987256515,0.009355175477725908,478.58290760020617,-101.50198782675295,1060.838125035849,False
"workspace_sampling/contact_points.npy, 1000 rows, seed 0",8324,,False,1,0.0,0.2247467338226766,31.474317647770846,31.28861237601315,0.1857052717576977,598.2115597766981,-64.58172300042187,880.9922629953013,False
"workspace_sampling/contact_points.npy, 1000 rows, seed 0",1154,,False,1,1.9539925233402755e-14,0.05132843131582548,12.843204187248729,12.38674233902508,0.45646184822364866,471.96660233988223,-36.294486342768934,1059.20737408039,False
"workspace_sampling/contact_points.npy, 1000 rows, seed 0",6486,,False,1,3.552713678800501e-15,0.13260691001969493,21.839473930211433,21.784260556088245,0.05521337412318772,480.295612522968,-110.41691198005853,1057.3986233576943,False
"workspace_sampling/contact_points.npy, 1000 rows, seed 0",3581,,False,1,7.105427357601002e-15,0.28094161590055305,36.96464503888357,36.78242441976888,0.18222061911468757,335.74387984808857,-80.09698875659691,986.3185750176267,False
"workspace_sampling/contact_points.npy, 1000 rows, seed 0",4981,,False,1,8.881784197001252e-16,-0.01627275268436533,5.130041540775154,4.686978664186692,0.44306287658846166,481.9511883021788,-98.95873346031911,1062.3909950613815,False
"workspace_sampling/contact_points.npy, 1000 rows, seed 0",4986,,False,1,2.2382096176443156e-13,0.21791050595130523,30.784778365326385,30.322557248597075,0.4622211167293102,488.8959092235214,-98.99309595012014,1044.4965842922625,False
"workspace_sampling/contact_points.npy, 1000 rows, seed 0",2929,,False,1,1.7763568394002505e-15,-0.017154884709423494,5.02848826123879,4.7353617075440475,0.2931265536947425,496.6880754816353,-98.00721474727413,1062.660486570097,False
"workspace_sampling/contact_points.npy, 1000 rows, seed 0",7412,,False,1,2.842170943040401e-14,0.053276587104531835,13.062945240705725,12.79659878480095,0.2663464559047739,477.866018350839,-105.96127733115834,1060.6957152064965,False
"workspace_sampling/contact_points.npy, 1000 rows, seed 0",2703,,False,1,0.0,-0.0218158552164294,4.491621259580226,4.483321614268403,0.008299645311822701,495.88039072392996,-92.31774539090841,1061.865650034711,False
"workspace_sampling/contact_points.npy, 1000 rows, seed 0",6879,,False,1,7.105427357601002e-15,0.27877486631013415,36.75913743409601,36.745512325823015,0.01362510827299701,474.7552421162914,-102.85818218473568,1050.4942278865208,False
"workspace_sampling/contact_points.npy, 1000 rows, seed 0",4397,,False,1,1.7763568394002505e-15,0.062262308763473384,14.074231746114393,13.691129499964983,0.38310224614940935,480.5950809818927,-97.12761856476229,1060.7898147354913,False
"workspace_sampling/contact_points.npy, 1000 rows, seed 0",5744,,False,1,0.0,0.06169000442151765,14.009935513350184,13.86139372165103,0.14854179169915405,489.6228080085574,-103.98445555827641,1058.1622508526546,False
"workspace_sampling/contact_points.npy, 1000 rows, seed 0",5713,,False,1,1.3500311979441904e-13,0.5619930758325311,58.408145013114584,34.37912383315957,24.029021179955016,419.39860433250266,-51.540146768095994,1007.51554578552,False
"workspace_sampling/contact_points.npy, 1000 rows, seed 0",6501,,False,1,8.881784197001252e-16,-0.01359651629867877,5.438027645446582,4.689529858824027,0.7484977866225551,494.11503158907783,-113.7767843405781,1061.6969060384195,False
"workspace_sampling/contact_points.npy, 1000 rows, seed 0",7083,,False,1,0.0,0.22262761041282356,31.261047099828083,30.95758700822138,0.30346009160670206,492.72276983075614,-110.99546698775683,1044.484505764221,False
"workspace_sampling/contact_points.npy, 1000 rows, seed 0",3858,,False,1,0.0,0.14293897773993758,22.953534036348337,22.68361781043224,0.26991622591609854,472.30564712828755,-95.39004259150391,1057.3729645502294,False
"workspace_sampling/contact_points.npy, 1000 rows, seed 0",1852,,False,1,3.090860900556436e-13,0.2215434890606884,31.151774246991526,31.03519629642001,0.11657795057151432,462.9918780162843,-89.74084833783786,1052.905144739132,False
"workspace_sampling/contact_points.npy, 1000 rows, seed 0",1092,,False,1,8.881784197001252e-16,-0.014115606012309623,5.378302870797067,5.308989506345712,0.06931336445135461,428.9452259854688,-133.99820715724698,1061.1475185729882,False
"workspace_sampling/contact_points.npy, 1000 rows, seed 0",994,,False,1,8.881784197001252e-16,-0.01266945951077708,5.544675952185924,5.15398886153471,0.39068709065121343,503.0982506827954,-89.42965497847159,1062.7738987738285,False
"workspace_sampling/contact_points.npy, 1000 rows, seed 0",4376,,False,1,1.7763568394002505e-15,0.06112301841342443,13.94622134558659,13.516716083951676,0.42950526163491354,491.8730329299695,-98.56023380075962,1058.2655496709367,False
"workspace_sampling/contact_points.npy, 1000 rows, seed 0",6215,,False,1,0.0,0.05605768182055566,13.376339898555377,12.938343532354656,0.43799636620072135,488.30022395964244,-112.1147386047473,1060.9398723386012,False
"workspace_sampling/contact_points.npy, 1000 rows, seed 0",4966,,False,1,1.6697754290362354e-13,0.21517817363150984,30.507944794426184,30.35458969771186,0.1533550967143249,442.1574988015215,-95.26063297706426,1051.3472809841444,False
"workspace_sampling/contact_points.npy, 1000 rows, seed 0",6256,,False,1,3.552713678800501e-15,0.1425535035674873,22.91210745431736,22.745735653769366,0.16637180054799572,493.1118999505853,-109.09008362030954,1052.4688173717145,False
"workspace_sampling/contact_points.npy, 1000 rows, seed 0",7681,,False,1,8.881784197001252e-16,-0.024464109142061142,4.186381724890204,3.7398303697859685,0.44655135510423527,482.6563626675626,-107.52806569758906,1062.3756336084653,False
"workspace_sampling/contact_points.npy, 1000 rows, seed 0",5987,,False,1,0.0,0.06268714816631374,14.12195069577716,14.04914933541861,0.07280136035855023,492.03016149816847,-107.57660838762035,1058.220819750446,False
"workspace_sampling/contact_points.npy, 1000 rows, seed 0",8118,,False,1,7.105427357601002e-15,0.22892452857174894,31.893509443670908,31.292097231452864,0.6014122122180439,502.5085973881104,-124.94117210379142,1044.3846732209606,False
"workspace_sampling/contact_points.npy, 1000 rows, seed 0",3912,,False,1,0.0,0.14295389675324136,22.955137152981685,22.738249936537645,0.2168872164440394,487.54141298155304,-115.50828290557244,1057.5852047617925,False
"workspace_sampling/contact_points.npy, 1000 rows, seed 0",3242,,False,1,1.7763568394002505e-15,0.06091900240072558,13.923291618420771,13.48215450928903,0.4411371091317413,497.3131989142618,-96.02429055870223,1058.4367254719677,False
"workspace_sampling/contact_points.npy, 1000 rows, seed 0",4860,,False,1,3.268496584496461e-13,0.22234478587895046,31.232550903337703,31.1514309827401,0.08111992059760453,497.8144245401457,-107.05558843973449,1044.5192863099576,False
"workspace_sampling/contact_points.npy, 1000 rows, seed 0",8493,,False,1,0.0,0.126155298950734,21.140035315314407,21.070774786876243,0.06926052843816422,471.4847724231403,-107.94549086969108,1056.610847975427,False
"workspace_sampling/contact_points.npy, 1000 rows, seed 0",6317,,False,1,7.105427357601002e-15,0.6065508508223324,60.716188596721786,22.827858701151577,37.88832989557021,364.1009985489532,-52.0144316190336,906.7261177077149,False
"workspace_sampling/contact_points.npy, 1000 rows, seed 0",8181,,False,1,3.268496584496461e-13,0.22252165857341422,31.250372737263607,31.127969871321813,0.12240286594179395,494.10131530106923,-114.07280239920509,1044.6083817539438,False
"workspace_sampling/contact_points.npy, 1000 rows, seed 0",7552,,False,1,0.0,0.14608659251401465,23.291399700232635,23.255195095164144,0.03620460506849099,501.8842142565248,-126.16709489809398,1052.5988997087943,False
"workspace_sampling/contact_points.npy, 1000 rows, seed 0",3436,,False,1,2.3803181647963356e-13,0.21840437467528337,30.83474115748977,30.64922376641411,0.1855173910756598,464.638677584481,-93.1596347735449,1052.517827434116,False
"workspace_sampling/contact_points.npy, 1000 rows, seed 0",5489,,False,1,7.105427357601002e-15,0.6065439750106323,60.7158577247392,18.870280765339846,41.84557695939935,360.21156400355994,-50.85219859695049,913.2950652083395,False
"workspace_sampling/contact_points.npy, 1000 rows, seed 0",3100,,False,1,8.881784197001252e-16,-0.017242709264628227,5.018376716975686,5.012994399848724,0.005382317126962022,500.7965878053467,-115.61641401311843,1062.724215667599,False
"workspace_sampling/contact_points.npy, 1000 rows, seed 0",4222,,False,1,0.0,0.14337959809536838,23.000873897622675,22.897652636660737,0.10322126096193784,502.95090547808576,-118.96608865936568,1052.6843900505928,False
"workspace_sampling/contact_points.npy, 1000 rows, seed 0",2995,,False,1,2.8066438062523957e-13,0.22039805372969776,31.036199838774014,30.853472417389522,0.1827274213844916,454.7112466370195,-91.55688795077673,1052.5197710547063,False
"workspace_sampling/contact_points.npy, 1000 rows, seed 0",3932,,False,1,7.105427357601002e-15,0.2813931758651555,37.00740836653737,36.95696824345345,0.05044012308391643,376.46112067916295,-35.330183460477386,993.0158901599656,False
"workspace_sampling/contact_points.npy, 1000 rows, seed 0",2456,,False,1,0.0,0.2848205572714333,37.33124782641671,37.17861764507377,0.1526301813429356,342.989409953821,-84.8675668966324,994.1926824300893,False
"workspace_sampling/contact_points.npy, 1000 rows, seed 0",1836,,False,1,3.019806626980426e-13,0.22135090221453596,31.13235095529566,30.64949585400127,0.48285510129439047,505.71382174012984,-91.78200400279412,1044.8950438269735,False
"workspace_sampling/contact_points.npy, 1000 rows, seed 0",1054,,False,1,0.0,0.13859736506756615,22.48632418810866,22.372609911345336,0.11371427676332502,502.6889034535545,-83.17739200254536,1052.8941551659273,False
"workspace_sampling/contact_points.npy, 1000 rows, seed 0",7056,,False,1,3.552713678800501e-15,0.22387104228752586,31.38623936265279,31.076838654879396,0.30940070777339557,495.94873282483854,-114.74143616545905,1044.493502216642,False
"workspace_sampling/contact_points.npy, 1000 rows, seed 0",2064,,False,1,0.0,-0.020260045955687186,4.670876950748428,4.490295968829767,0.180580981918661,504.69984995076015,-99.58219994542233,1062.0307431427022,False
"workspace_sampling/contact_points.npy, 1000 rows, seed 0",1632,,False,1,8.881784197001252e-16,-0.02110716880481152,4.573280334139531,4.234986743762364,0.3382935903771669,495.42437677290854,-85.18172084374837,1061.856230478201,False
"workspace_sampling/contact_points.npy, 1000 rows, seed 0",6721,,False,1,1.2434497875801753e-13,0.21190027540653703,30.17491622787676,29.848565030299564,0.3263511975771962,461.54087285838904,-106.72148979765788,1051.418464780274,False
"workspace_sampling/contact_points.npy, 1000 rows, seed 0",7955,,False,1,7.105427357601002e-15,0.2500579998067194,33.98761426528391,33.89169328797081,0.09592097731309934,610.7458055064228,-86.96009584110867,878.3012192033641,False
"workspace_sampling/contact_points.npy, 1000 rows, seed 0",5359,,False,1,0.0,-0.022882369554765317,4.368711377385866,4.279583477890753,0.08912789949511257,494.94447749955435,-115.30463528658316,1062.6419567184532,False
"workspace_sampling/contact_points.npy, 1000 rows, seed 0",2751,,False,1,3.552713678800501e-15,0.14459052014662582,23.13090137750677,23.10954029033558,0.021361087171190007,475.75275017977856,-92.22610888815356,1057.4322235032007,False
"workspace_sampling/contact_points.npy, 1000 rows, seed 0",63,,False,1,2.6290081223123707e-13,0.21975026947715115,30.97078331375227,30.54732365996647,0.42345965378580175,519.5931359230183,-101.77037483797403,1045.337137969739,False
"workspace_sampling/contact_points.npy, 1000 rows, seed 0",7627,,False,1,0.0,-0.02634411028034314,3.969605927341198,3.8551481146329496,0.11445781270824851,489.8653435476689,-113.04292884498005,1062.5412901368172,False
"workspace_sampling/contact_points.npy, 1000 rows, seed 0",318,,False,1,0.0,-0.01936278598306517,4.774233089591681,4.5805616319182265,0.19367145767345484,514.5115173543998,-106.96257705682217,1062.2360153724198,False
"workspace_sampling/contact_points.npy, 1000 rows, seed 0",5443,,False,1,2.5579538487363607e-13,0.567302316780356,58.700231006899116,33.24240256920628,25.45782843769284,417.726098531339,-50.685139793578045,1007.2473465250134,False
"workspace_sampling/contact_points.npy, 1000 rows, seed 0",5989,,False,1,8.881784197001252e-16,-0.024220011399393185,4.214522564032559,4.172612928061473,0.04190963597108599,487.6374539684842,-106.42464554890933,1062.5062576465002,False
"workspace_sampling/contact_points.npy, 1000 rows, seed 0",1999,,False,1,3.552713678800501e-15,0.14128932780940076,22.776171951439952,22.50025832404008,0.27591362739987346,510.02761672870577,-111.6538042581225,1053.0234721708166,False
"workspace_sampling/contact_points.npy, 1000 rows, seed 0",8592,,False,1,3.552713678800501e-15,0.12900509855425588,21.449342863261563,21.353873765338918,0.09546909792264557,458.12971230977365,-106.78355992969836,1056.2565232883687,False
"workspace_sampling/contact_points.npy, 1000 rows, seed 0",732,,False,1,1.7763568394002505e-15,-0.022161750989085155,4.451761268314228,4.3776495036264,0.07411176468782799,505.0954102616039,-86.39203566497758,1062.0583450883937,False
"workspace_sampling/contact_points.npy, 1000 rows, seed 0",1621,,False,1,3.552713678800501e-15,0.13761110963871018,22.380002702084955,22.25725366477686,0.12274903730809328,499.65401273314694,-85.0852123578852,1052.8886644586498,False
"workspace_sampling/contact_points.npy, 1000 rows, seed 0",3911,,False,1,0.0,0.06177834002925807,14.019860708133336,13.98620677083626,0.03365393729707655,494.65721982510684,-119.65279556436079,1061.026884587098,False
"workspace_sampling/contact_points.npy, 1000 rows, seed 0",1825,,False,1,3.126388037344441e-13,0.22188991892663615,31.186704448602256,30.934366925887264,0.252337522714992,466.0125061076762,-89.80204735735224,1052.9147661605564,False
"workspace_sampling/contact_points.npy, 1000 rows, seed 0",4254,,False,1,0.0,0.1402249200991619,22.661627772385373,22.25033854166558,0.41128923071979173,484.5048666828617,-106.13928873164708,1057.541473510857,False
"workspace_sampling/contact_points.npy, 1000 rows, seed 0",7304,,False,1,4.440892098500626e-14,0.0554779809808193,13.311043970285615,12.890160147114171,0.4208838231714438,490.9539293625615,-118.29866056291493,1060.9779253272404,False
"workspace_sampling/contact_points.npy, 1000 rows, seed 0",5256,,False,1,2.2737367544323206e-13,0.21821351600123937,30.815435446762198,30.262228714258615,0.5532067325035825,488.58427038077247,-99.98963784458334,1044.4270395796561,False
"workspace_sampling/contact_points.npy, 1000 rows, seed 0",3529,,False,1,0.0,0.14043306762416408,22.684033585015374,22.268343418466678,0.4156901665486963,496.4630027266128,-96.31918301305544,1052.6819865747584,False
"workspace_sampling/contact_points.npy, 1000 rows, seed 0",126,,False,1,2.984279490192421e-13,0.22118581071507587,31.115697891452943,30.530604301063946,0.5850935903889969,516.0188269009462,-90.49127645806794,1045.1031476673388,False
"workspace_sampling/contact_points.npy, 1000 rows, seed 0",7672,,False,1,8.881784197001252e-16,-0.025645565334675574,4.050160620286439,3.7853869497260892,0.26477367056034984,484.0871650643967,-108.26675630347134,1062.4178237449053,False
"workspace_sampling/contact_points.npy, 1000 rows, seed 0",6830,,False,1,0.0,0.6233827996693769,61.502513305308426,26.65415224829871,34.84836105700971,377.083194940884,-45.244158662691035,900.5595943613903,False
"workspace_sampling/contact_points.npy, 1000 rows, seed 0",3132,,False,1,7.105427357601002e-15,0.22509993349920582,31.509822141136592,30.846868974759616,0.6629531663769761,506.2171903592698,-111.75360861756423,1044.6866809880792,False
"workspace_sampling/contact_points.npy, 1000 rows, seed 0",3013,,False,1,2.913225216616411e-13,0.22102251206780058,31.09922312732003,31.038049635941306,0.06117349137872452,453.1379282131322,-92.79269390555224,1052.5384201472223,False
"workspace_sampling/contact_points.npy, 1000 rows, seed 0",4382,,False,1,7.105427357601002e-15,0.6066141054630511,60.7192321137912,14.801397954526486,45.917834159264714,356.4444566919467,-51.82203997191853,922.2718014014147,False
"workspace_sampling/contact_points.npy, 1000 rows, seed 0",5410,,False,1,3.552713678800501e-15,0.14234526530900798,22.889723776699288,22.865256630480665,0.02446714621862256,496.0099856367196,-108.98114782924243,1052.5246866512214,False
"workspace_sampling/contact_points.npy, 1000 rows, seed 0",7620,,False,1,3.552713678800501e-15,0.13025796742931572,21.585149231721942,21.21387219365372,0.37127703806822154,477.2371171652215,-110.050242938611,1057.0653813009242,False
"workspace_sampling/contact_points.npy, 1000 rows, seed 0",7457,,False,1,3.907985046680551e-14,0.05458618367475627,13.210564308570717,12.983847689633297,0.22671661893742012,473.22837143620677,-104.91217272776802,1060.6713150066635,False
"workspace_sampling/contact_points.npy, 1000 rows, seed 0",1824,,False,1,3.552713678800501e-15,0.14483137795146273,23.15675164254892,22.841832271200676,0.31491937134824255,487.5185898147701,-92.2908647511619,1057.5788471194528,False
"workspace_sampling/contact_points.npy, 1000 rows, seed 0",381,,False,1,8.881784197001252e-16,-0.011624442176847431,5.664869783855687,5.635713511756323,0.029156272099364777,431.23852549442574,-115.74660405835195,1061.1602396606227,False
"workspace_sampling/contact_points.npy, 1000 rows, seed 0",4854,,False,1,8.881784197001252e-16,-0.01783913857731259,4.949703194381956,4.870551168703881,0.07915202567807533,494.79747187786006,-107.14950291032613,1061.7502443300718,False
"workspace_sampling/contact_points.npy, 1000 rows, seed 0",2999,,False,1,1.7763568394002505e-15,0.06027211080738522,13.85057323877041,13.209206199373885,0.6413670393965258,495.38696295416514,-92.37830388697967,1058.4196567124109,False
"workspace_sampling/contact_points.npy, 1000 rows, seed 0",5317,,False,1,1.9184653865522705e-13,0.2165316854287669,30.64516697057999,30.360002455665594,0.28516451491439554,465.15346963194116,-104.98391362423442,1052.3432249456978,False
"workspace_sampling/contact_points.npy, 1000 rows, seed 0",6631,,False,1,6.394884621840902e-14,0.555164620504005,58.025761694476905,36.24715928926349,21.778602405213412,400.77561090559675,-63.38408184368457,1005.4850988319939,False
"workspace_sampling/contact_points.npy, 1000 rows, seed 0",5419,,False,1,0.0,0.1443038966228282,23.100133735185732,22.543184486051246,0.5569492491344867,495.34770989406564,-107.88842098700587,1052.4224605068523,False
"workspace_sampling/contact_points.npy, 1000 rows, seed 0",7998,,False,1,0.0,0.12908771124787605,21.45830109467427,21.157093377922237,0.30120771675203173,463.1334184953104,-104.85679274013242,1056.5103558210526,False
"workspace_sampling/contact_points.npy, 1000 rows, seed 0",6536,,False,1,3.552713678800501e-15,0.06347944139588459,14.210919709371787,13.999128611624878,0.21179109774690907,491.75359216346425,-109.36876467080324,1058.2196227872123,False
"workspace_sampling/contact_points.npy, 1000 rows, seed 0",6138,,False,1,3.552713678800501e-15,0.22703642589372344,31.70426969554239,31.40365339779974,0.30061629774264986,502.0730906256541,-127.27968576098468,1044.5040129548595,False
"workspace_sampling/contact_points.npy, 1000 rows, seed 0",8456,,False,1,1.9539925233402755e-14,0.05134721674476572,12.845323888408261,12.726344057658679,0.1189798307495824,487.4437083256739,-114.14744005440144,1060.8742083254324,False
"workspace_sampling/contact_points.npy, 1000 rows, seed 0",8496,,False,1,2.7355895326763857e-13,0.22028994518495656,31.025285256294385,30.834627633278334,0.19065762301605105,488.46216872247425,-109.96668633569273,1044.6729716619939,False
"workspace_sampling/contact_points.npy, 1000 rows, seed 0",2127,,False,1,8.881784197001252e-16,-0.020253577159056582,4.671622158871485,4.312427147906908,0.3591950109645774,499.7082817230487,-91.67904040050982,1061.9302568876353,False
"workspace_sampling/contact_points.npy, 1000 rows, seed 0",6675,,False,1,3.552713678800501e-15,0.1369526109395847,22.308975904581825,22.308064534934708,0.0009113696471167998,460.6653844582025,-104.09338161541822,1057.2664338545687,False
"workspace_sampling/contact_points.npy, 1000 rows, seed 0",6834,,False,1,0.0,0.29983370507998164,38.7341932560317,38.733516933629645,0.0006763224020573944,477.2317944494565,-104.06917698149334,1049.2595901864886,False
"workspace_sampling/contact_points.npy, 1000 rows, seed 0",4080,,False,1,8.881784197001252e-16,-0.019126204293633053,4.801482235546282,4.381556248054166,0.41992598749211574,492.12465358396446,-98.48526561228037,1061.7338758204749,False
"workspace_sampling/contact_points.npy, 1000 rows, seed 0",203,,False,1,0.0,0.06508026961580425,14.390588821948269,14.23321487265202,0.15737394929624848,496.6509606513744,-83.5528933085079,1061.1180799555482,False
"workspace_sampling/contact_points.npy, 1000 rows, seed 0",6183,,False,1,3.552713678800501e-15,0.22405825746522728,31.40507590681096,31.19029601092924,0.21477989588171909,500.167341480985,-120.16824489261688,1044.5505216262593,False
"workspace_sampling/contact_points.npy, 1000 rows, seed 0",8312,,False,1,3.730349362740526e-14,0.05431670844890746,13.180195141650847,13.125868450471197,0.054326691179650055,470.48135111011584,-106.59851473597061,1060.5575810450564,False
"workspace_sampling/contact_points.npy, 1000 rows, seed 0",483,,False,1,3.552713678800501e-15,0.14621200814391688,23.304846787657734,22.91281263014214,0.39203415751559234,487.50680534480466,-86.16360197569459,1057.6718604444063,False
"workspace_sampling/contact_points.npy, 1000 rows, seed 0",2691,,False,1,3.375077994860476e-13,0.22257735583299804,31.25598421975677,30.49165579766703,0.76432842208974,500.6846526391606,-93.24908736063374,1044.7106224479417,False
"workspace_sampling/contact_points.npy, 1000 rows, seed 0",1141,,False,1,7.105427357601002e-15,0.24194312817756602,33.188807984663164,33.13590858281456,0.052899401848605976,437.27972431387053,-31.21046857580756,1037.9315044674922,False
"workspace_sampling/contact_points.npy, 1000 rows, seed 0",7399,,False,1,3.552713678800501e-15,0.14330406379781926,22.992759563162647,22.292551135218577,0.7002084279440695,488.2684193897067,-107.91243959280165,1052.3780496840275,False
"workspace_sampling/contact_points.npy, 1000 rows, seed 0",8275,,False,1,8.881784197001252e-16,-0.024436484191094496,4.1895665308233445,4.072849488112925,0.1167170427104196,478.38753690387483,-106.77482345816304,1062.2996247697354,False
"workspace_sampling/contact_points.npy, 1000 rows, seed 0",3698,,False,1,7.105427357601002e-15,0.6066171526323861,60.71937871249693,13.75980706985637,46.95957164264056,384.83312015867097,-27.85330370934407,931.1808469100201,False
"workspace_sampling/contact_points.npy, 1000 rows, seed 0",6783,,False,1,0.0,0.13077121375185866,21.640752037630207,21.638151582895972,0.0026004547342353135,477.86620679129715,-108.53299955354414,1057.2816607091927,False
"workspace_sampling/contact_points.npy, 1000 rows, seed 0",5970,,False,1,0.0,-0.015197483257843555,5.253805375382667,4.83960887334981,0.41419650203285663,491.9465377932015,-109.13481734607211,1061.6645719852695,False
"workspace_sampling/contact_points.npy, 1000 rows, seed 0",3635,,False,1,0.0,0.28429161202657055,37.281355251994775,37.27026150929525,0.011093742699522124,380.8503711078961,-36.97376897503594,999.2187850026844,False
"workspace_sampling/contact_points.npy, 1000 rows, seed 0",1031,,False,1,1.7763568394002505e-15,0.06427003972816162,14.299668152821566,14.25347467733464,0.046193475486925095,494.8457447072447,-86.52527990168238,1061.0923468574517,False
"workspace_sampling/contact_points.npy, 1000 rows, seed 0",2385,,False,1,3.055333763768431e-13,0.221585033431974,31.15596373012222,30.756367546980332,0.39959618314188816,504.2282415944085,-95.07063738957791,1044.845729287295,False
"workspace_sampling/contact_points.npy, 1000 rows, seed 0",801,,False,1,0.0,0.22708481904347058,31.709124327672477,31.51622240932595,0.19290191834652504,434.40081851571813,-132.18470298175566,1045.9257917257682,False
"workspace_sampling/contact_points.npy, 1000 rows, seed 0",1009,,False,1,7.105427357601002e-15,0.13991438085242355,22.628194324822154,22.27540253099325,0.3527917938289029,507.5912596759501,-87.35899328641253,1052.9526432261523,False
"workspace_sampling/contact_points.npy, 1000 rows, seed 0",965,,False,1,3.552713678800501e-15,0.058488622136004864,13.649985398780895,13.459399624900557,0.19058577388033804,510.31893972697634,-93.36077898631552,1058.7919425252835,False
"workspace_sampling/contact_points.npy, 1000 rows, seed 0",6097,,False,1,8.881784197001252e-16,-0.017801273397866125,4.954063267907222,4.482271369774905,0.4717918981323175,479.01433608319337,-102.33618759728242,1062.3615649119392,False
"workspace_sampling/contact_points.npy, 1000 rows, seed 0",8294,,False,1,3.019806626980426e-14,0.05367975851038087,13.108399410683548,12.875878208956301,0.23252120172724666,472.2046500263023,-106.41022288804248,1060.5491428499156,False
"workspace_sampling/contact_points.npy, 1000 rows, seed 0",1909,,False,1,0.0,0.13747584313089833,22.365415139032987,22.244597617885567,0.12081752114741917,497.8530001639301,-85.92968547193786,1052.8628127012184,False
"workspace_sampling/contact_points.npy, 1000 rows, seed 0",7565,,False,1,3.197442310920451e-14,0.05385485459208757,13.128137725629651,13.127142411596651,0.0009953140330001276,492.69551710224886,-121.75378349021423,1061.0489179667886,False
"workspace_sampling/contact_points.npy, 1000 rows, seed 0",5371,,False,1,1.1723955140041653e-13,0.21142813013228307,30.12686500353553,30.076307318947578,0.050557684587953844,458.5466645923205,-96.9221050116154,1051.4588272852563,False
"workspace_sampling/contact_points.npy, 1000 rows, seed 0",2240,,False,1,0.0,0.3049803620700879,39.20919560191442,38.91229678965536,0.2968988122590659,375.812087280548,3.126566159835363,950.7948133566883,False
"workspace_sampling/contact_points.npy, 1000 rows, seed 0",8268,,False,1,0.0,0.1274535246036938,21.281008899242416,21.040218563002046,0.24079033624036938,463.4138135470165,-105.3542210695486,1056.3400723267255,False
"workspace_sampling/contact_points.npy, 1000 rows, seed 0",1509,,False,1,0.0,0.14463596463924683,23.135779070784757,22.99289843561887,0.14288063516588778,492.0103813915813,-95.3189198885239,1057.6701070895215,False
"workspace_sampling/contact_points.npy, 1000 rows, seed 0",4889,,False,1,0.0,0.061937150467951084,14.037703361855694,13.895187491091818,0.1425158707638765,493.6637135095516,-103.574975910398,1058.267390969435,False
"workspace_sampling/contact_points.npy, 1000 rows, seed 0",7408,,False,1,0.0,0.1427361660495713,22.93173938193348,22.50042837291129,0.43131100902218833,486.8099995023307,-107.1404427821659,1052.3784945262234,False
"workspace_sampling/contact_points.npy, 1000 rows, seed 0",6156,,False,1,0.0,0.22653504222664309,31.653959320726145,31.183462805024018,0.470496515702127,501.7632986447055,-125.23182623017608,1044.47358897506,False
"workspace_sampling/contact_points.npy, 1000 rows, seed 0",6201,,False,1,0.0,0.22383821099556753,31.38293571566288,31.20726767598692,0.175668039675962,499.02220253478987,-117.12533518331958,1044.5149582918052,False
"workspace_sampling/contact_points.npy, 1000 rows, seed 0",5591,,False,1,1.7763568394002505e-15,0.06613312284602775,14.508687758428986,13.903864651479655,0.6048231069493308,500.4173433135978,-125.5083863484908,1058.3593349770538,False
"workspace_sampling/contact_points.npy, 1000 rows, seed 0",3663,,False,1,7.105427357601002e-15,0.22637441460680996,31.637836320502053,30.885810973479874,0.7520253470221796,505.09083684702114,-118.1951734059327,1044.5675621947894,False
"workspace_sampling/contact_points.npy, 1000 rows, seed 0",7274,,False,1,0.0,0.06508272431109428,14.390864229136563,14.379323944283477,0.011540284853085225,500.49509868036563,-125.62358545727841,1058.4115928659871,False
"workspace_sampling/contact_points.npy, 1000 rows, seed 0",7011,,False,1,3.552713678800501e-15,0.2260157826787581,31.601829655051283,31.226099841689532,0.37572981336175104,500.8407811945431,-122.65423169824687,1044.4773602503747,False
"workspace_sampling/contact_points.npy, 1000 rows, seed 0",7302,,False,1,1.7763568394002505e-15,-0.014916178722856086,5.286179229842378,5.134474173420874,0.15170505642150367,497.07420124859493,-120.42308529357675,1061.7874668887036,False
"workspace_sampling/contact_points.npy, 1000 rows, seed 0",4071,,False,1,8.881784197001252e-16,-0.01850336930303361,4.873213655123374,4.479310020353763,0.393903634769611,492.9526900510724,-99.21056150594883,1061.7420246394345,False
"workspace_sampling/contact_points.npy, 1000 rows, seed 0",5888,,False,1,1.7763568394002505e-15,0.06410330049725198,14.280953398572855,14.114858697912398,0.16609470066045695,499.6858978359436,-122.56031015334065,1058.391028791853,False
"workspace_sampling/contact_points.npy, 1000 rows, seed 0",6564,,False,1,7.105427357601002e-15,0.3119494240561236,39.847466453847616,39.84288571608898,0.004580737758637099,474.44879168593343,-102.21266608601817,1048.431803526783,False
"workspace_sampling/contact_points.npy, 1000 rows, seed 0",5386,,False,1,8.881784197001252e-16,-0.021707181438345432,4.504143984394784,4.140686049150648,0.3634579352441367,492.9835724168012,-110.99997773675972,1062.5920394212455,False
"workspace_sampling/contact_points.npy, 1000 rows, seed 0",3818,,False,1,0.0,0.05889770798247147,13.696008235164694,13.515890021281454,0.18011821388324023,493.595047747433,-96.60433557028742,1058.391183817027,False
"workspace_sampling/contact_points.npy, 1000 rows, seed 0",7906,,False,1,1.7763568394002505e-15,-0.0257006091366045,4.043813434411915,3.6963951546112717,0.34741827980064377,489.7454138473742,-113.28822821081516,1062.5271303354607,False
"workspace_sampling/contact_points.npy, 1000 rows, seed 0",7755,,False,1,3.552713678800501e-15,0.13124582190556702,21.692152765383714,21.614824745501906,0.07732801988180782,459.7636492294192,-104.95859605926424,1056.6847208510626,False
"workspace_sampling/contact_points.npy, 1000 rows, seed 0",2922,,False,1,0.0,0.14252308392020918,22.908837821206554,22.602407995225594,0.3064298259809597,484.4147939638883,-96.27284005581063,1057.5107482991048,False
"workspace_sampling/contact_points.npy, 1000 rows, seed 0",1052,,False,1,0.0,0.2699322288968566,35.91511469200931,35.88238902785921,0.032725664150099476,320.84839176125035,-124.35726165364859,923.9689526488082,False
"workspace_sampling/contact_points.npy, 1000 rows, seed 0",5461,,False,1,2.7000623958883807e-13,0.5676961554925959,58.721715332144,33.14169410281009,25.58002122933391,413.6955078417345,-52.08649521792479,1006.972050068493,False
"workspace_sampling/contact_points.npy, 1000 rows, seed 0",7496,,False,1,7.105427357601002e-15,0.6266552783290925,61.64988481583257,24.58941744933807,37.0604673664945,357.04242688935193,-67.88646150211025,897.687493819817,False
"workspace_sampling/contact_points.npy, 1000 rows, seed 0",4845,,False,1,1.7763568394002505e-15,-0.016181353760096193,5.1405626109187255,4.716625489807259,0.4239371211114662,495.39481615254886,-108.30936180235531,1061.7458609361677,False
"workspace_sampling/contact_points.npy, 1000 rows, seed 0",6948,,False,1,1.4921397450962104e-13,0.21380443755259063,30.368497277392454,29.823378337636274,0.5451189397561791,483.71012240246506,-104.49585206763285,1044.2989785734724,False
"workspace_sampling/contact_points.npy, 1000 rows, seed 0",257,,False,1,3.197442310920451e-14,0.054064241365323604,13.151739754710157,12.834763834837325,0.31697591987283147,429.94137379926894,-140.10749318322675,1057.0120934094537,False
"workspace_sampling/contact_points.npy, 1000 rows, seed 0",3062,,False,1,0.0,0.05795449565341552,13.589883507722643,13.094285437155849,0.4955980705667944,490.3254879592288,-90.85753425752091,1058.3928190740235,False
"workspace_sampling/contact_points.npy, 1000 rows, seed 0",4032,,False,1,3.304023721284466e-13,0.22237559756927694,31.235655728476157,30.97046531312286,0.26519041535329535,499.6478250924912,-103.83799014135894,1044.615384934061,False
"workspace_sampling/contact_points.npy, 1000 rows, seed 0",872,,False,1,4.121147867408581e-13,0.40957035418696514,48.1497430687306,33.653342094846124,14.496400973884477,559.7667297426344,-176.44220151907263,909.2705993288304,False
"workspace_sampling/contact_points.npy, 1000 rows, seed 0",8477,,False,1,0.0,0.2540977468661161,34.38276196482053,34.17116392281279,0.21159804200774346,615.6558625529648,-95.75991887112362,877.3903431689503,False
"workspace_sampling/contact_points.npy, 1000 rows, seed 0",4870,,False,1,0.0,0.14217150098033415,22.871043318681465,22.790406736960193,0.0806365817212722,496.1152890611043,-105.67433653925673,1052.5322804642599,False
"workspace_sampling/contact_points.npy, 1000 rows, seed 0",5200,,False,1,1.4210854715202004e-13,0.21256182023888812,30.24220835437977,29.896493635947525,0.34571471843224444,444.5792234774966,-92.72360559731862,1050.6698053155749,False
"workspace_sampling/contact_points.npy, 1000 rows, seed 0",685,,False,1,0.0,0.13952882300192762,22.586674547409704,22.121127976402448,0.4655465710072555,512.4559133043048,-92.34750252142558,1053.1030773468883,False
"workspace_sampling/contact_points.npy, 1000 rows, seed 0",2825,,False,1,7.105427357601002e-15,0.2870983462903041,37.54574213183063,37.22436481240007,0.32137731943056025,379.0623567708231,-39.104795941900335,1000.9865286943335,False
"workspace_sampling/contact_points.npy, 1000 rows, seed 0",7256,,False,1,0.0,0.06812331752094604,14.731779432523732,14.338593715204912,0.39318571731882024,501.3798919398233,-128.01057340406385,1058.3463604197832,False
"workspace_sampling/contact_points.npy, 1000 rows, seed 0",1635,,False,1,3.552713678800501e-15,0.14613609233978897,23.296707219266345,23.128925472652178,0.16778174661416756,479.9462506212861,-88.78961791884265,1057.5198193314639,False
"workspace_sampling/contact_points.npy, 1000 rows, seed 0",3194,,False,1,0.0,0.6066332257027742,60.72015195911702,13.667780971293029,47.05237098782399,372.52533671302274,-36.043077246194294,930.9146409439246,False
"workspace_sampling/contact_points.npy, 1000 rows, seed 0",8512,,False,1,0.0,0.5086496906603791,55.2226846894807,45.01368985718206,10.208994832298643,418.4373622994748,-69.91315323864075,1009.8699540444014,False
"workspace_sampling/contact_points.npy, 1000 rows, seed 0",3432,,False,1,8.881784197001252e-16,-0.016665540389515413,5.0848249908412635,4.529828166552565,0.5549968242886987,500.9735644011415,-107.96305525407237,1061.8889710497026,False
"workspace_sampling/contact_points.npy, 1000 rows, seed 0",7538,,False,1,3.375077994860476e-14,0.05429047159363478,13.177238138966581,13.152956104440145,0.02428203452643629,494.3282278461805,-125.65754940341782,1061.0860373525047,False
"workspace_sampling/contact_points.npy, 1000 rows, seed 0",6750,,False,1,3.552713678800501e-15,0.22560444452191403,31.560516023222018,31.037782741820735,0.5227332814012833,499.3207475324605,-119.17545981394869,1044.4515729896364,False
"workspace_sampling/contact_points.npy, 1000 rows, seed 0",6895,,False,1,0.0,0.13787876572972543,22.408863735733064,22.197272147619167,0.21159158811389744,484.9455542093924,-104.59016189490215,1052.3501918758734,False
"workspace_sampling/contact_points.npy, 1000 rows, seed 0",4485,,False,1,0.0,-0.015084670825355828,5.266788582419565,4.616048034665826,0.6507405477537391,499.99647716773063,-121.47327722464418,1061.8331609811594,False
"workspace_sampling/contact_points.npy, 1000 rows, seed 0",332,,False,1,2.1316282072803006e-14,0.5472314441673007,57.57206647628905,26.49495966880845,31.077106807480604,511.26752987885953,-178.99407028607175,954.8456077617631,False
"workspace_sampling/contact_points.npy, 1000 rows, seed 0",3156,,False,1,0.0,0.14262791745258188,22.920105492100635,22.562239634441212,0.3578658576594229,487.0189877825998,-101.80278499313907,1057.5599799204117,False
"workspace_sampling/contact_points.npy, 1000 rows, seed 0",3886,,False,1,3.552713678800501e-15,0.22262726806640745,31.261012611073436,30.936315204385092,0.3246974066883439,446.59481371528335,-97.3418534032383,1052.2996735963573,False
"workspace_sampling/contact_points.npy, 1000 rows, seed 0",1465,,False,1,6.039613253960852e-14,0.20425947295858796,29.394782863712184,29.366273090539703,0.02850977317248038,393.631114786644,-100.02642495076884,1033.6456853790596,False
"workspace_sampling/contact_points.npy, 1000 rows, seed 0",3415,,False,1,0.0,-0.017256767168854076,5.016758165889245,4.519445871450635,0.49731229443860947,499.23467609932345,-109.92389138274531,1062.69451104301,False
"workspace_sampling/contact_points.npy, 1000 rows, seed 0",4536,,False,1,3.552713678800501e-15,0.22423980496207283,31.423338992997323,31.211820848684518,0.21151814431280513,501.7919573926921,-113.38512988863688,1044.539628528188,False
"workspace_sampling/contact_points.npy, 1000 rows, seed 0",4312,,False,1,3.552713678800501e-15,0.14549061619507908,23.22748318603198,22.338974578000435,0.8885086080315432,498.0328225225834,-104.42075703364222,1052.4636747931795,False
"workspace_sampling/contact_points.npy, 1000 rows, seed 0",4549,,False,1,1.7763568394002505e-15,-0.01895789731742036,4.820866854610299,4.103325260870197,0.7175415937401013,495.0696536907197,-109.49007802077014,1062.6191637903937,False
"workspace_sampling/contact_points.npy, 1000 rows, seed 0",6228,,False,1,3.552713678800501e-15,0.22297901286821012,31.296442280328417,31.08012406566135,0.2163182146670657,496.5283507038017,-112.79792155538381,1044.4898271503012,False
"workspace_sampling/contact_points.npy, 1000 rows, seed 0",650,,False,1,1.7763568394002505e-15,0.06794234773889862,14.711501667062723,14.437459587842255,0.2740420792204681,431.10835438288916,-113.9275247465331,1058.5899814557893,False
"workspace_sampling/contact_points.npy, 1000 rows, seed 0",1414,,False,1,3.552713678800501e-15,0.14020490717055564,22.659473338373314,22.207860107973637,0.45161323039967627,511.62190699224453,-114.71294594888583,1053.1535339164766,False
"workspace_sampling/contact_points.npy, 1000 rows, seed 0",2303,,False,1,0.0,0.2851604738945767,37.36329385817611,37.34531398514464,0.01797987303146442,372.8056408637818,-44.389192963624026,999.9110030071552,False
"workspace_sampling/contact_points.npy, 1000 rows, seed 0",7915,,False,1,0.0,-0.024281427958484994,4.207442260850801,3.643174901846503,0.5642673590042979,489.0518303450176,-112.32269834506533,1062.5048797533618,False
"workspace_sampling/contact_points.npy, 1000 rows, seed 0",8451,,False,1,3.552713678800501e-15,0.22470243447351249,31.469863723513622,31.076624966618617,0.39323875689500554,495.4009322866338,-115.45141453429486,1044.5351284488975,False
"workspace_sampling/contact_points.npy, 1000 rows, seed 0",3426,,False,1,0.0,0.14188943875657334,22.840715683962905,22.462337756442505,0.37837792752040045,486.72107086150135,-103.54662760208595,1057.5904894510845,False
"workspace_sampling/contact_points.npy, 1000 rows, seed 0",1166,,False,1,0.0,0.058133808817847764,13.610061973992845,13.549535982806137,0.060525991186707984,420.355069577848,-107.86325404935955,1056.7556331200178,False
"workspace_sampling/contact_points.npy, 1000 rows, seed 0",3798,,False,1,0.0,0.22259806077146174,31.258070160734643,30.695145063380888,0.5629250973537552,497.15447885597575,-98.17778667604435,1044.5650179552842,False
"workspace_sampling/contact_points.npy, 1000 rows, seed 0",5526,,False,1,2.2737367544323206e-13,0.21837272949952913,30.831540426425416,30.233635553132412,0.5979048732930039,488.2433417609254,-100.93333274002714,1044.376816263649,False
"workspace_sampling/contact_points.npy, 1000 rows, seed 0",6991,,False,1,1.1013412404281553e-13,0.2106351697339287,30.046117429837512,30.04313533412619,0.002982095711320909,462.64827758979624,-109.25000680081601,1051.6336096144423,False
"workspace_sampling/contact_points.npy, 1000 rows, seed 0",376,,False,1,7.815970093361102e-14,0.20692983099512255,29.6680351411991,29.62388375520305,0.04415138599604873,399.81137773413815,-113.66452852150594,1034.2315901461068,False
"workspace_sampling/contact_points.npy, 1000 rows, seed 0",3793,,False,1,8.881784197001252e-16,-0.017537299099572676,4.984458312515842,4.519076271691408,0.4653820408244336,491.18329575620567,-97.9091846236608,1062.5518422459672,False
"workspace_sampling/contact_points.npy, 1000 rows, seed 0",1485,,False,1,3.552713678800501e-15,0.22325169311148352,31.323900000411495,30.521391997317192,0.802508003094303,512.1777877411404,-101.68318652637085,1044.9735337394357,False
"workspace_sampling/contact_points.npy, 1000 rows, seed 0",5078,,False,1,0.0,0.06467620815600778,14.345250702410924,13.98064921644244,0.36460148596848363,499.5268050411492,-116.67644887735246,1058.3475071218147,False
"workspace_sampling/contact_points.npy, 1000 rows, seed 0",8438,,False,1,2.3092638912203256e-14,0.0525577036312052,12.981879021971277,12.623199088849736,0.35867993312154134,489.941190409035,-116.75100840126797,1060.9349771798354,False
"workspace_sampling/contact_points.npy, 1000 rows, seed 0",7698,,False,1,1.1013412404281553e-13,0.21022864137659938,30.004697958521323,29.955634999532325,0.04906295898899771,484.1541765034242,-107.0743390749281,1054.4506376680595,False
"workspace_sampling/contact_points.npy, 1000 rows, seed 0",934,,False,1,5.684341886080802e-14,0.20396964834397552,29.36508683964726,29.347820814452362,0.017266025194899726,394.8609584160787,-106.99460421702041,1033.5802139680322,False
"workspace_sampling/contact_points.npy, 1000 rows, seed 0",7842,,False,1,1.7763568394002505e-15,-0.014443896979744667,5.340527520990146,5.237936893769536,0.10259062722060985,499.3962241979975,-124.20338057973836,1061.831029099912,False
"workspace_sampling/contact_points.npy, 1000 rows, seed 0",1822,,False,1,8.881784197001252e-16,-0.013636676450233297,5.433407175126031,4.939790978497381,0.49361619662864964,500.4312175333588,-93.33415803241232,1062.7162526004129,False
"workspace_sampling/contact_points.npy, 1000 rows, seed 0",645,,False,1,7.105427357601002e-15,0.13248546535503233,21.826334258492455,21.56290629378878,0.26342796470367347,415.4767579285531,-111.93068492992866,1049.3245640709422,False
"workspace_sampling/contact_points.npy, 1000 rows, seed 0",7291,,False,1,3.552713678800501e-15,0.14820736358947795,23.518632883281136,22.86152148960081,0.6571113936803243,499.9452597632043,-122.48090481942828,1052.4747050935973,False
"workspace_sampling/contact_points.npy, 1000 rows, seed 0",5760,,False,1,2.5224267119483557e-13,0.21935135131412106,30.930478777708544,30.762226583276856,0.16825219443168749,490.2177224168617,-103.09300900034033,1044.408328940708,False
"workspace_sampling/contact_points.npy, 1000 rows, seed 0",2503,,False,1,3.552713678800501e-15,0.1408758348360182,22.73168440340454,21.8045971628213,0.9270872405832407,493.1948132044751,-87.84995934089208,1052.650563805943,False
"workspace_sampling/contact_points.npy, 1000 rows, seed 0",4896,,False,1,2.8066438062523957e-13,0.2204113398760831,31.037541124740976,30.957396965209714,0.08014415953126175,494.62016202002695,-102.97749158163424,1044.5406904726817,False
"workspace_sampling/contact_points.npy, 1000 rows, seed 0",4017,,False,1,8.881784197001252e-16,-0.01816249420394996,4.912468369897591,4.613625019435222,0.2988433504623691,497.1606086541438,-105.1348834275728,1061.818842427105,False
"workspace_sampling/contact_points.npy, 1000 rows, seed 0",3550,,False,1,8.881784197001252e-16,-0.01548237754393389,5.221016536130481,4.744221151230547,0.4767953848999342,489.08704593423954,-94.79773199767868,1062.5058315686663,False
"workspace_sampling/contact_points.npy, 1000 rows, seed 0",7928,,False,1,0.0,0.25011608659571716,33.99330794757472,33.83847504615618,0.1548329014185441,612.7741490446541,-95.81039793312993,875.3937182781966,False
"workspace_sampling/contact_points.npy, 1000 rows, seed 0",4041,,False,1,0.0,0.22295899408215647,31.2944261952834,30.84623672544187,0.4481894698415303,498.966736341277,-102.72329697292328,1044.5678512698805,False
"workspace_sampling/contact_points.npy, 1000 rows, seed 0",1464,,False,1,0.0,0.14561778079726914,23.241123366478767,23.080347904360732,0.1607754621180355,494.96197581330705,-101.70877061956841,1057.6715955658985,False
"workspace_sampling/contact_points.npy, 1000 rows, seed 0",2720,,False,1,1.7763568394002505e-15,0.05908611377462021,13.717201561399813,13.319414880258606,0.3977866811412074,496.4059531628568,-91.21302801610767,1058.4751828832577,False
"workspace_sampling/contact_points.npy, 1000 rows, seed 0",2475,,False,1,3.161915174132446e-13,0.2217615729715005,31.17376477737545,30.39164400951699,0.7821207678584585,496.3763533729668,-88.15965186943605,1044.6800995447572,False
"workspace_sampling/contact_points.npy, 1000 rows, seed 0",4555,,False,1,3.552713678800501e-15,0.1460701792314992,23.289639779263663,22.568165600197503,0.7214741790661598,499.63216403829125,-110.01712492027443,1052.4784246736551,False
"workspace_sampling/contact_points.npy, 1000 rows, seed 0",607,,False,1,0.0,-0.0051641130137296655,6.407310340502511,6.316931749038272,0.09037859146423965,464.4724964871041,-35.47836220423784,1061.193166980827,False
"workspace_sampling/contact_points.npy, 1000 rows, seed 0",4861,,False,1,3.552713678800501e-15,0.14414669338785974,23.08325618075092,22.660697816281512,0.4225583644694062,496.78828573105324,-106.75281609534139,1052.4748911110937,False
"workspace_sampling/contact_points.npy, 1000 rows, seed 0",2204,,False,1,0.0,0.270815616096858,35.999815520995526,35.81844378098947,0.18137174000605683,313.69504565503127,-128.140500908258,922.6782836536042,False
"workspace_sampling/contact_points.npy, 1000 rows, seed 0",7983,,False,1,2.3092638912203256e-13,0.2184961612719992,30.844024319999985,30.288277319504235,0.5557470004957494,484.589644268518,-106.7692067586238,1044.528876863126,False
"workspace_sampling/contact_points.npy, 1000 rows, seed 0",3312,,False,1,2.4158453015843406e-13,0.2191366461947386,30.908779903404874,30.5371967453369,0.37158315806797404,493.62100110801026,-92.10594386046846,1044.7419289492757,False
"workspace_sampling/contact_points.npy, 1000 rows, seed 0",1349,,False,1,0.0,0.27088208969416916,36.006185723375765,35.733161878140834,0.2730238452349312,319.74627509598884,-131.10551136888728,926.1810199337884,False
"workspace_sampling/contact_points.npy, 1000 rows, seed 0",5992,,False,1,7.815970093361102e-14,0.5572983961738079,58.146060124436,35.63974289125481,22.506317233181186,419.0669286932148,-52.93272489163395,1007.5539963003288,False
"workspace_sampling/contact_points.npy, 1000 rows, seed 0",2617,,False,1,3.055333763768431e-13,0.22155984890548294,31.15342405191015,30.79192933031983,0.3614947215903186,466.72498303733164,-91.7786237562066,1052.682088257789,False
"workspace_sampling/contact_points.npy, 1000 rows, seed 0",5842,,False,1,0.0,0.137705270619377,22.39015654837997,21.757280873430343,0.6328756749496272,485.66242190315427,-102.02623195862714,1052.2627253079413,False
"workspace_sampling/contact_points.npy, 1000 rows, seed 0",7191,,False,1,1.6342482922482304e-13,0.21511970095899946,30.50201283829496,30.273002791080867,0.2290100472140928,484.1066477164294,-104.75502060393987,1044.3949242851527,False
"workspace_sampling/contact_points.npy, 1000 rows, seed 0",1442,,False,1,1.7763568394002505e-15,0.0664779811983315,14.547358814397388,13.854688490370458,0.6926703240269294,426.56116343241405,-108.26695355063674,1058.547307767673,False
"workspace_sampling/contact_points.npy, 1000 rows, seed 0",283,,False,1,8.881784197001252e-16,-0.008471563083926846,6.027339896504228,5.931671568369649,0.09566832813457893,511.9493325962393,-112.91357464733777,1062.8539239991755,False
"workspace_sampling/contact_points.npy, 1000 rows, seed 0",114,,False,1,3.552713678800501e-15,0.13010889322497418,21.56899579634153,21.216097705368362,0.3528980909731665,418.20939495255845,-117.73310935323549,1049.42185812867,False
"workspace_sampling/contact_points.npy, 1000 rows, seed 0",4643,,False,1,7.105427357601002e-15,0.6065857273050919,60.717866772092485,16.136140736169867,44.581726035922614,360.9155804890322,-47.15874179117053,919.7224837793716,False
"workspace_sampling/contact_points.npy, 1000 rows, seed 0",2144,,False,1,0.0,0.060673964125593796,13.895748710586105,13.027747241363048,0.8680014692230564,499.9213081771955,-90.12316321379126,1058.516469987627,False
"workspace_sampling/contact_points.npy, 1000 rows, seed 0",8384,,False,1,3.730349362740526e-14,0.05524764301690095,13.285095050601285,12.779869383450508,0.5052256671507767,496.2655336444981,-126.42066217212732,1061.0995839846246,False
"workspace_sampling/contact_points.npy, 1000 rows, seed 0",1430,,False,1,7.105427357601002e-15,0.4348137544644456,50.08837743526011,31.553088148670557,18.53528928658955,372.75919724570156,-25.47583032636932,960.5758770590976,False
"workspace_sampling/contact_points.npy, 1000 rows, seed 0",5860,,False,1,0.0,0.14664102852492447,23.350837666853486,23.05558039940059,0.2952572674528966,501.55560669870005,-127.29373025801601,1052.5569403876284,False
"workspace_sampling/contact_points.npy, 1000 rows, seed 0",5669,,False,1,0.0,0.6066405960243264,60.72050651770407,19.70758366456552,41.01292285313855,381.71391696857495,-36.10214352984317,915.4736114656934,False
"workspace_sampling/contact_points.npy, 1000 rows, seed 0",4736,,False,1,4.263256414560601e-14,0.05516767163144415,13.276085238319125,13.274683232444177,0.0014020058749473208,486.3843189930815,-98.30647912893721,1058.2783345522607,False
"workspace_sampling/contact_points.npy, 1000 rows, seed 0",1649,,False,1,1.7763568394002505e-15,0.05818702743972107,13.616050482575128,13.13413601339061,0.4819144691845185,495.48566409682746,-84.25925637049903,1058.4929104700054,False
"workspace_sampling/contact_points.npy, 1000 rows, seed 0",2280,,False,1,0.0,-0.018207862823023568,4.907243928930446,4.471173783413909,0.43607014551653656,505.8384432019912,-111.18166362222465,1062.0306325364063,False
"workspace_sampling/contact_points.npy, 1000 rows, seed 0",7322,,False,1,2.842170943040401e-14,0.053308738907220286,13.066570354173724,12.949445625548936,0.11712472862478762,488.8349898190373,-115.26712314125123,1060.95353496788,False
"workspace_sampling/contact_points.npy, 1000 rows, seed 0",2416,,False,1,0.0,-0.014621538086310629,5.320085901922937,4.9338505709300735,0.38623533099286345,494.93406670902385,-91.8436919870675,1062.6206954325503,False
"workspace_sampling/contact_points.npy, 1000 rows, seed 0",2091,,False,1,8.881784197001252e-16,-0.01971451434556265,4.733719268773041,4.4211412635958975,0.3125780051771434,502.8794170311978,-95.78328502505296,1061.987459134948,False
"workspace_sampling/contact_points.npy, 1000 rows, seed 0",7298,,False,1,7.105427357601002e-15,0.6066134499933286,60.71920057907233,21.5638889241916,39.155311654880734,387.1085919921161,-45.81252291836262,913.1771151172021,False
"workspace_sampling/contact_points.npy, 1000 rows, seed 0",8037,,False,1,1.5987211554602254e-13,0.21444080503460541,30.4331166078729,29.81088253786644,0.6222340700064599,480.8304315419066,-105.85997007576196,1044.4562346302678,False
"workspace_sampling/contact_points.npy, 1000 rows, seed 0",8623,,False,1,3.552713678800501e-15,0.12906985839900423,21.456365233847443,21.124531671209397,0.331833562638046,478.51364019710945,-107.14465535277257,1052.5290038308299,False
"workspace_sampling/contact_points.npy, 1000 rows, seed 0",6768,,False,1,3.552713678800501e-15,0.22267612240076173,31.265934194455944,31.24470710917023,0.02122708528571593,497.39048120046175,-116.03010595508162,1044.5663960293505,False
"workspace_sampling/contact_points.npy, 1000 rows, seed 0",5872,,False,1,8.881784197001252e-16,-0.021608546177096212,4.515509734300165,4.149840714983569,0.3656690193165959,496.4724949824412,-124.1327333633532,1062.6428405348295,False
"workspace_sampling/contact_points.npy, 1000 rows, seed 0",4186,,False,1,0.0,0.14381910109426918,23.04807962284564,22.963407864819185,0.08467175802645599,503.010542400033,-125.17578025874326,1052.6988381175936,False
"workspace_sampling/contact_points.npy, 1000 rows, seed 0",6379,,False,1,2.3447910280083306e-13,0.5669142051158462,58.67903440357254,32.85733724270242,25.821697160870116,395.6473763275945,-66.0433463694744,1004.7717511651201,False
"workspace_sampling/contact_points.npy, 1000 rows, seed 0",6231,,False,1,8.881784197001252e-16,-0.016746141794425972,5.075545966022507,5.06496706088576,0.01057890513674753,493.3258340822183,-111.9783554448735,1061.7140024572493,False
"workspace_sampling/contact_points.npy, 1000 rows, seed 0",4118,,False,1,0.0,0.06315473791840678,14.174461430022506,13.739171273187601,0.43529015683490435,481.5118080462941,-96.24695438598675,1060.7839124243678,False
"workspace_sampling/contact_points.npy, 1000 rows, seed 0",5129,,False,1,7.105427357601002e-15,0.6066051543818911,60.7188014701344,18.30211780140946,42.41668366872494,377.95839842139696,-35.281831152348786,917.6626276132263,False
"workspace_sampling/contact_points.npy, 1000 rows, seed 0",6499,,False,1,3.552713678800501e-15,0.14464425849255996,23.136669258545496,22.702417006014908,0.4342522525305874,496.253158268747,-114.26654054335008,1052.4884543611504,False
"workspace_sampling/contact_points.npy, 1000 rows, seed 0",6319,,False,1,0.0,0.13989215751809966,22.625801438319893,22.54788184938321,0.07791958893668394,487.90121566441525,-104.22890925810098,1052.352329442579,False
"workspace_sampling/contact_points.npy, 1000 rows, seed 0",6040,,False,1,0.0,0.14030927061848,22.670707967338007,22.38282766474465,0.28788030259335784,488.53824056707845,-103.63764470960012,1052.354381862007,False
"workspace_sampling/contact_points.npy, 1000 rows, seed 0",457,,False,1,3.552713678800501e-15,0.22329947291017882,31.328710487527143,31.191018570860347,0.13769191666679603,469.0984312793719,-89.36398539292352,1053.1866201122298,False
"workspace_sampling/contact_points.npy, 1000 rows, seed 0",7559,,False,1,7.105427357601002e-15,0.6064897817268514,60.71324960608429,20.131775162095234,40.58147444398905,387.5386157020241,-48.73775486359612,916.6177104879614,False
"workspace_sampling/contact_points.npy, 1000 rows, seed 0",7507,,False,1,0.0,0.13210698453152192,21.785378049750435,21.48075339984925,0.30462464990118576,481.87896363307794,-105.70971720878939,1052.294746420598,False
"workspace_sampling/contact_points.npy, 1000 rows, seed 0",3340,,False,1,0.0,0.136102641959969,22.217251336783285,22.16692559051253,0.05032574627075448,490.81844394329914,-91.98951992893714,1052.77687789408,False
"workspace_sampling/contact_points.npy, 1000 rows, seed 0",7995,,False,1,3.552713678800501e-15,0.17386757517307508,26.240739633628916,26.23657821763068,0.004161415998236606,485.0362481718446,-107.29127061250622,1056.1724992216248,False
"workspace_sampling/contact_points.npy, 1000 rows, seed 0",7277,,False,1,4.085620730620576e-14,0.055055999837769896,13.263503475410527,13.08326659890213,0.18023687650839726,493.08239857660516,-123.0034610871445,1061.0457878024185,False
"workspace_sampling/contact_points.npy, 1000 rows, seed 0",947,,False,1,0.0,0.05868221524812598,13.671765921769627,13.356947370297926,0.314818551471701,511.45833364784266,-96.17255696571317,1058.821967718386,False
"workspace_sampling/contact_points.npy, 1000 rows, seed 0",7060,,False,1,1.7763568394002505e-15,-0.02505741731287412,4.11797715200615,3.955910856910474,0.16206629509567572,491.0294195125824,-113.59954528179243,1062.5609449732297,False
"workspace_sampling/contact_points.npy, 1000 rows, seed 0",4635,,False,1,3.552713678800501e-15,0.22271005778206296,31.26935270911799,30.812448193665727,0.45690451545226196,494.4378647298106,-100.84943199639696,1044.4153800739412,False
"workspace_sampling/contact_points.npy, 1000 rows, seed 0",991,,False,1,0.0,0.14081851514663202,22.725516427016416,22.233400751646833,0.49211567536958256,509.40624064777916,-89.5983088129278,1052.9632950253072,False
"workspace_sampling/contact_points.npy, 1000 rows, seed 0",8514,,False,1,2.5579538487363607e-13,0.21972669376414655,30.968401769690164,30.58230874045745,0.3860930292327147,486.0701391236345,-108.54930769665879,1044.6522304842242,False
"workspace_sampling/contact_points.npy, 1000 rows, seed 0",1036,,False,1,0.0,0.13919646492971186,22.550875169170453,22.143814318971476,0.4070608501989774,504.3653625067026,-84.59038679035935,1052.914772763859,False
"workspace_sampling/contact_points.npy, 1000 rows, seed 0",7262,,False,1,7.105427357601002e-15,0.6063918289009678,60.70853426540284,18.15921136824116,42.54932289716168,387.91981999663597,-47.416347744157775,921.4271571149205,False
"workspace_sampling/contact_points.npy, 1000 rows, seed 0",7217,,False,1,0.0,0.6268095984949165,61.656790018523004,23.276758365973265,38.38003165254974,355.9774297468195,-66.6244500304206,899.471681832481,False
"workspace_sampling/contact_points.npy, 1000 rows, seed 0",2464,,False,1,3.552713678800501e-15,0.22309102025171373,31.307721798906723,31.05388720264884,0.25383459625788163,455.4770499056957,-92.9864707322284,1052.7523115791623,False
"workspace_sampling/contact_points.npy, 1000 rows, seed 0",1802,,False,1,0.0,0.05850444673984454,13.65176583860643,13.58721084863817,0.06455498996825959,506.5836629981576,-96.3426755749995,1058.7201377887172,False
"workspace_sampling/contact_points.npy, 1000 rows, seed 0",7571,,False,1,1.7763568394002505e-15,0.0664270444043823,14.541647331745105,14.201257149510809,0.3403901822342963,499.67844573639866,-122.69769894680948,1058.3591353710822,False
"workspace_sampling/contact_points.npy, 1000 rows, seed 0",1968,,False,1,3.552713678800501e-15,0.138078269165442,22.430372632906543,22.15704880463132,0.27332382827522395,410.82931083797655,-103.10545526970827,1049.1817608506424,False
"workspace_sampling/contact_points.npy, 1000 rows, seed 0",6795,,False,1,3.161915174132446e-13,0.22178213985004316,31.175838408682562,31.077324978370726,0.09851343031183646,494.4469296076272,-112.0001149474187,1044.539493274227,False
"workspace_sampling/contact_points.npy, 1000 rows, seed 0",579,,False,1,0.0,-0.017827195873891533,4.951078367981168,4.5072538290735,0.44382453890766804,512.876895525564,-111.18291215597047,1062.1895418374113,False
"workspace_sampling/contact_points.npy, 1000 rows, seed 0",7152,,False,1,3.552713678800501e-15,0.12981241610829,21.536865475788147,21.467790655975218,0.06907481981292918,465.6405174911595,-103.06442842797856,1056.8589457129135,False
"workspace_sampling/contact_points.npy, 1000 rows, seed 0",2489,,False,1,1.7763568394002505e-15,0.06625195692616266,14.522014004681502,14.28341003407782,0.23860397060368221,483.96368100415054,-90.12794170538356,1060.818064166812,False
"workspace_sampling/contact_points.npy, 1000 rows, seed 0",8506,,False,1,0.0,0.14286424679803572,22.945503609197267,22.50056380753569,0.444939801661576,487.4580863371189,-109.39727300107441,1052.5319969923676,False
"workspace_sampling/contact_points.npy, 1000 rows, seed 0",2189,,False,1,3.552713678800501e-15,0.05898322807330714,13.705628396276186,13.065878764716068,0.6397496315601181,495.7812878656048,-87.42031587167013,1058.4724605947708,False
"workspace_sampling/contact_points.npy, 1000 rows, seed 0",8314,,False,1,7.105427357601002e-15,0.5107108147098663,55.35411754018599,41.93157084661744,13.422546693568549,401.8958427677446,-76.7201828900521,1007.9573003342387,False
"workspace_sampling/contact_points.npy, 1000 rows, seed 0",1864,,False,1,0.0,0.13970387284512403,22.60552655685184,22.09901196834039,0.5065145885114504,502.23846694338243,-88.9226776383478,1052.8676004640615,False
"workspace_sampling/contact_points.npy, 1000 rows, seed 0",7902,,False,1,3.161915174132446e-13,0.22186426205608586,31.184117881929662,31.177966433695225,0.00615144823443714,494.31526922118775,-113.98901823810061,1044.6194584033394,False
"workspace_sampling/contact_points.npy, 1000 rows, seed 0",223,,False,1,3.552713678800501e-15,0.22395384090001103,31.39457051009538,31.31607136257085,0.07849914752453202,466.0674996368549,-91.44798961704143,1053.1346715533182,False
"workspace_sampling/contact_points.npy, 1000 rows, seed 0",8257,,False,1,8.881784197001252e-16,-0.02518541633072235,4.103218779984293,3.9552999694015507,0.14791881058274248,480.29221917295877,-107.33320441507189,1062.33115119634,False
"workspace_sampling/contact_points.npy, 1000 rows, seed 0",6100,,False,1,5.186961971048731e-13,0.5737952537139979,59.05120059787845,31.66392434789273,27.387276249985717,395.8448267728205,-64.69620687616295,1004.7080315575547,False
"workspace_sampling/contact_points.npy, 1000 rows, seed 0",695,,False,1,1.7763568394002505e-15,0.057936874433961984,13.587900476053075,13.443565995047589,0.14433448100548674,510.8019865888196,-91.02396125377719,1058.8069132670473,False
"workspace_sampling/contact_points.npy, 1000 rows, seed 0",6243,,False,1,0.0,0.13246555366192048,21.824179820442538,21.64659706689715,0.1775827535453871,476.54461002144757,-105.4471973271524,1057.2868570708715,False
"workspace_sampling/contact_points.npy, 1000 rows, seed 0",1313,,False,1,0.0,0.28638245934097095,37.47839125163135,37.338152280884245,0.1402389707471059,351.8178050894189,-85.29658165062192,998.2867671877281,False
"workspace_sampling/contact_points.npy, 1000 rows, seed 0",43,,False,1,7.105427357601002e-15,0.24870493714059663,33.85488870660625,33.5907704221125,0.26411828449375463,431.6469241838295,-36.85712341440562,1037.6643006205168,False
"workspace_sampling/contact_points.npy, 1000 rows, seed 0",2153,,False,1,0.0,0.05934312690469256,13.746109678576506,13.17520457534266,0.5709051032338461,499.0211737423578,-89.40918870477904,1058.5315671572591,False
"workspace_sampling/contact_points.npy, 1000 rows, seed 0",2247,,False,1,7.105427357601002e-15,0.13347552625315992,21.93342365074119,21.6549126071446,0.2785110435965912,409.51195007371973,-101.60052495565367,1049.2373060699629,False
"workspace_sampling/contact_points.npy, 1000 rows, seed 0",7439,,False,1,2.842170943040401e-14,0.05318883499513771,13.053050959315533,12.99054386354855,0.06250709576698199,474.7774160677018,-105.03897525861393,1060.674226513199,False
"workspace_sampling/contact_points.npy, 1000 rows, seed 0",7714,,False,1,3.552713678800501e-15,0.13961989703037966,22.596483047798735,22.161666109185283,0.4348169386134515,484.1628264244373,-106.26288189647626,1052.4050091638708,False
"workspace_sampling/contact_points.npy, 1000 rows, seed 0",5057,,False,1,7.105427357601002e-15,0.6066631486541006,60.72159138416399,14.909814197763533,45.81177718640046,389.7714835894375,-30.816834658539584,927.1841965359201,False
"workspace_sampling/contact_points.npy, 1000 rows, seed 0",4506,,False,1,3.552713678800501e-15,0.13888979256523015,22.51783546693674,22.452027988298635,0.06580747863810643,485.5377881875257,-110.84305283033653,1057.641334299014,False
"workspace_sampling/contact_points.npy, 1000 rows, seed 0",1707,,False,1,3.552713678800501e-15,0.13462732705061842,22.05792132386632,21.924357387240093,0.13356393662622779,411.40572526409187,-103.75021356612778,1049.2392971095155,False
"workspace_sampling/contact_points.npy, 1000 rows, seed 0",7464,,False,1,4.973799150320701e-14,0.2031552663510129,29.281603013588168,29.26663638595507,0.014966627633096863,479.30359029290344,-105.21612277437924,1054.6927587667292,False
"workspace_sampling/contact_points.npy, 1000 rows, seed 0",7233,,False,1,7.105427357601002e-15,0.13668580855907317,22.280189382975554,22.010521807736353,0.2696675752392004,459.1132884829326,-105.46603681467118,1057.1137134712385,False
"workspace_sampling/contact_points.npy, 1000 rows, seed 0",8521,,False,1,7.105427357601002e-15,0.5087911446777242,55.23172600481846,45.307751552103646,9.923974452714816,416.44777744637804,-70.29245222517275,1009.4683951587117,False
"workspace_sampling/contact_points.npy, 1000 rows, seed 0",5313,,False,1,8.881784197001252e-16,-0.01394145508698508,5.398340815300618,4.676524325898543,0.7218164894020749,499.17515930235413,-124.51351124400004,1061.800976560879,False
"workspace_sampling/contact_points.npy, 1000 rows, seed 0",4236,,False,1,0.0,0.14113800558841938,22.759892684062784,22.320314620946064,0.4395780631167199,485.716997863624,-108.89887245467071,1057.5677448804365,False
"workspace_sampling/contact_points.npy, 1000 rows, seed 0",4907,,False,1,1.7763568394002505e-15,0.061060985040502204,13.939249512531717,13.860507985074706,0.07874152745701046,492.16773098214685,-102.00432707757905,1058.251921388531,False
"workspace_sampling/contact_points.npy, 1000 rows, seed 0",7702,,False,1,1.4210854715202004e-14,0.5405615714661005,57.18279981875686,43.58348685789279,13.599312960864076,409.0459741255769,-63.32066114626559,1004.9954267795897,False
"workspace_sampling/contact_points.npy, 1000 rows, seed 0",8012,,False,1,1.7763568394002505e-15,0.05838999450159274,13.638888454700327,13.548684688950388,0.09020376574993882,481.40518600261026,-106.26351438941558,1058.1421512960967,False
"workspace_sampling/contact_points.npy, 1000 rows, seed 0",2320,,False,1,3.232969447708456e-13,0.22215004611125352,31.212925318453845,30.99725489839099,0.2156704200628532,469.9567471066877,-93.40770543853138,1052.8773427358315,False
"workspace_sampling/contact_points.npy, 1000 rows, seed 0",713,,False,1,0.0,0.056618590161187296,13.43950437909349,13.38340684047545,0.05609753861804023,508.84738954978786,-88.48686887112333,1058.796865726917,False
"workspace_sampling/contact_points.npy, 1000 rows, seed 0",1555,,False,1,3.304023721284466e-13,0.22250633003272763,31.248828339367805,30.99914473105256,0.2496836083152445,466.28980460705486,-89.57173736372101,1052.95929758911,False
"workspace_sampling/contact_points.npy, 1000 rows, seed 0",3954,,False,1,0.0,-0.01502657418083601,5.2734746170936395,4.489798850350541,0.7836757667430989,500.7198918715766,-115.48909528231333,1061.852914986691,False
"workspace_sampling/contact_points.npy, 1000 rows, seed 0",5114,,False,1,1.7763568394002505e-15,0.06276430997596111,14.130616759047458,14.100503341354695,0.030113417692762212,497.2274892361298,-110.81427727007784,1058.3351561358625,False
"workspace_sampling/contact_points.npy, 1000 rows, seed 0",4621,,False,1,0.0,-0.019086317821417998,4.806076183350336,4.29949673104928,0.5065794523010556,489.006388182366,-100.96281311459263,1062.5114041095544,False
"workspace_sampling/contact_points.npy, 1000 rows, seed 0",6515,,False,1,7.105427357601002e-15,0.6066637728345764,60.72162140839264,23.387803352347643,37.333818056045004,380.78412597122804,-41.80019687916173,908.7772621247575,False
"workspace_sampling/contact_points.npy, 1000 rows, seed 0",582,,False,1,1.0658141036401503e-14,0.17108537991477452,25.94811127334361,25.802554587216427,0.14555668612718264,456.37212138859473,-36.046167708985685,1050.577230612531,False
"workspace_sampling/contact_points.npy, 1000 rows, seed 0",6507,,False,1,3.552713678800501e-15,0.22405627006481402,31.4048759633306,30.888343954622663,0.5165320087079373,496.05779288473207,-113.08589841318846,1044.434952336314,False
"workspace_sampling/contact_points.npy, 1000 rows, seed 0",4974,,False,1,7.105427357601002e-15,0.14158450363247377,22.807922250923287,22.317196301600465,0.49072594932282243,467.85475975795583,-98.4241795090656,1057.2541068351939,False
"workspace_sampling/contact_points.npy, 1000 rows, seed 0",7210,,False,1,3.552713678800501e-15,0.13442108195523628,22.035635211612192,21.713242162184983,0.3223930494272089,482.69744315123086,-104.91280296331216,1052.3099030851622,False
"workspace_sampling/contact_points.npy, 1000 rows, seed 0",1487,,False,1,1.7763568394002505e-15,0.058784739126342925,13.683299834808556,13.637772361788535,0.04552747302002125,510.1771741231066,-101.24137667303107,1058.7976450929018,False
"workspace_sampling/contact_points.npy, 1000 rows, seed 0",2319,,False,1,3.552713678800501e-15,0.14369968580521364,23.035254971233268,22.874261502930025,0.1609934683032428,490.36539201514455,-100.40634568662026,1057.6195628394257,False
"workspace_sampling/contact_points.npy, 1000 rows, seed 0",4182,,False,1,0.0,0.14497860019588307,23.172550299950807,23.00302577520726,0.1695245247435473,468.6581772010492,-98.39013886253805,1057.3470052685793,False
"workspace_sampling/contact_points.npy, 1000 rows, seed 0",5825,,False,1,0.0,0.05737745702818569,13.524938047703115,12.998156158093579,0.526781889609536,484.6642330635182,-101.79508532732578,1058.0771593254694,False
"workspace_sampling/contact_points.npy, 1000 rows, seed 0",6650,,False,1,7.105427357601002e-15,0.6063484607069934,60.70644605856574,20.51475248127043,40.19169357729531,353.51132769200694,-65.46007513959674,906.4768639801374,False
"workspace_sampling/contact_points.npy, 1000 rows, seed 0",5406,,False,1,3.552713678800501e-15,0.13591822073570015,22.197342737158706,21.813839723448204,0.3835030137105022,478.43618121489993,-103.81787663490137,1057.3903040237788,False
"workspace_sampling/contact_points.npy, 1000 rows, seed 0",2684,,False,1,1.7763568394002505e-15,0.05970443641956365,13.786743506313057,13.500735897457695,0.28600760885536225,499.51918988023374,-93.97762694040935,1058.525865523929,False
"workspace_sampling/contact_points.npy, 1000 rows, seed 0",8108,,False,1,0.0,0.6062220006460581,60.70035513723262,19.891795823199793,40.80855931403283,386.94029706600884,-54.222262188480656,918.1825469967105,False
"workspace_sampling/contact_points.npy, 1000 rows, seed 0",5593,,False,1,0.0,-0.022549076615234222,4.407124075121974,4.386502874840036,0.020621200281937924,496.580887881583,-123.7155223734982,1062.6587935288617,False
"workspace_sampling/contact_points.npy, 1000 rows, seed 0",7036,,False,1,8.526512829121202e-14,0.5570436305439738,58.13173556952143,35.71609621194334,22.415639357578094,431.3671926514406,-58.321363683057726,1008.3561617569778,False
"workspace_sampling/contact_points.npy, 1000 rows, seed 0",1129,,False,1,0.0,-0.009486261203292575,5.910712226170552,5.587055902760858,0.3236563234096934,508.01129457042157,-114.06912135753679,1062.7875807716293,False
"workspace_sampling/contact_points.npy, 1000 rows, seed 0",8481,,False,1,2.2026824808563106e-13,0.21783894179727814,30.777536590528857,30.741569494209475,0.03596709631938211,490.51226322261556,-112.2216165438904,1054.2217178813419,False
"workspace_sampling/contact_points.npy, 1000 rows, seed 0",5941,,False,1,3.552713678800501e-15,0.14307058915882195,22.96767573049002,22.923927162541318,0.04374856794870041,497.08148892167816,-113.63084800689728,1052.5480693887264,False
"workspace_sampling/contact_points.npy, 1000 rows, seed 0",8414,,False,1,7.105427357601002e-15,0.6065301852574501,60.71519412221209,23.741028588322745,36.97416553388935,386.81712284211244,-54.67702051556948,909.1647491685773,False
"workspace_sampling/contact_points.npy, 1000 rows, seed 0",5552,,False,1,0.0,0.6064204368803748,60.70991158695156,15.007098933999336,45.702812652952225,347.07974876106204,-67.36125723365762,915.9422754209007,False
"workspace_sampling/contact_points.npy, 1000 rows, seed 0",7293,,False,1,0.0,-0.014946467504049312,5.282693541707843,5.157339545017371,0.12535399669047198,497.8848106388621,-122.02558037704162,1061.802380255701,False
"workspace_sampling/contact_points.npy, 1000 rows, seed 0",2443,,False,1,0.0,-0.01335007737101802,5.466379886156105,5.1031573317988626,0.36322255435724227,492.1463975006665,-90.15879018522739,1062.5552357052925,False
"workspace_sampling/contact_points.npy, 1000 rows, seed 0",7515,,False,1,1.2789769243681803e-13,0.21209430982433927,30.19465754500287,29.429473020223835,0.7651845247790341,481.9584335995714,-105.6988667570229,1044.3053427476677,False
"workspace_sampling/contact_points.npy, 1000 rows, seed 0",3435,,False,1,0.0,0.1416326528353447,22.813100775505767,22.512125624548524,0.3009751509572425,485.9847347982525,-102.27133887606206,1057.5642131838817,False
"workspace_sampling/contact_points.npy, 1000 rows, seed 0",2241,,False,1,2.6290081223123707e-13,0.21994929055383453,30.990885697348933,30.269628132463087,0.7212575648858461,478.34119673688156,-40.754663904659104,1046.2439095460754,False
"workspace_sampling/contact_points.npy, 1000 rows, seed 0",4124,,False,1,0.0,0.05747805354278764,13.536261257944226,13.434759394768028,0.10150186317619792,490.664532716329,-96.35916113586242,1058.3491870623227,False
"workspace_sampling/contact_points.npy, 1000 rows, seed 0",2455,,False,1,3.126388037344441e-13,0.22170776859165303,31.168339823678338,31.114673773814857,0.053666049863480225,456.10520757146264,-92.26051888971159,1052.7827978989312,False
"workspace_sampling/contact_points.npy, 1000 rows, seed 0",3317,,False,1,1.7763568394002505e-15,0.0648628006886915,14.36618849346465,14.276643545262743,0.0895449482019064,481.7603426388955,-93.31948615114806,1060.787686955028,False
"workspace_sampling/contact_points.npy, 1000 rows, seed 0",4846,,False,1,8.881784197001252e-16,-0.021341914032000038,4.5462327585007625,4.19924619036724,0.3469865681335227,492.9645319531592,-107.46397700599115,1062.5990847221085,False
"workspace_sampling/contact_points.npy, 1000 rows, seed 0",8541,,False,1,2.1671553440683056e-13,0.21748262002546842,30.74147223066277,30.32738859107828,0.41408363958449,483.01194406925487,-107.15322349178395,1044.6763777408983,False
"workspace_sampling/contact_points.npy, 1000 rows, seed 0",6699,,False,1,8.881784197001252e-16,-0.015103493412426337,5.264622373990222,5.185961323160986,0.07866105082923625,499.3268532056699,-127.10859370049933,1061.823915753299,False
"workspace_sampling/contact_points.npy, 1000 rows, seed 0",51,,False,1,3.552713678800501e-15,0.1615848238795061,24.94416686025445,24.93315228487234,0.011014575382112923,449.8582851855101,-36.01562862558544,1050.5797726070857,False
"workspace_sampling/contact_points.npy, 1000 rows, seed 0",5240,,False,1,1.7763568394002505e-15,0.05812245299301313,13.608784124954104,13.406569329283371,0.20221479567073253,487.35499519788095,-100.2157494841123,1058.1828207526896,False
"workspace_sampling/contact_points.npy, 1000 rows, seed 0",3592,,False,1,3.552713678800501e-15,0.13707616876157977,22.322305409483835,22.12334285051567,0.19896255896816584,491.7698253755011,-93.39767083162226,1052.7247759879929,False
"workspace_sampling/contact_points.npy, 1000 rows, seed 0",5308,,False,1,1.9539925233402755e-13,0.21634789761001252,30.62654419805339,30.447383119834498,0.17916107821889327,465.7184690168388,-106.10802739426785,1052.4751727635598,False
"workspace_sampling/contact_points.npy, 1000 rows, seed 0",8247,,False,1,7.105427357601002e-15,0.18470224575532002,27.3742304249647,27.35363051359695,0.020599911367749968,488.0257923577867,-108.95325061515788,1055.7531218191345,False
"workspace_sampling/contact_points.npy, 1000 rows, seed 0",3024,,False,1,2.4868995751603507e-13,0.219213068297725,30.91650389634969,30.59749132805135,0.31901256829833713,495.2575471421671,-91.084405410686,1044.776145730437,False
"workspace_sampling/contact_points.npy, 1000 rows, seed 0",5220,,False,1,2.7355895326763857e-13,0.22021560129078446,31.017778892428897,30.439834532956887,0.57794435947201,490.5486692717381,-100.82980013297107,1044.3942646035678,False
"workspace_sampling/contact_points.npy, 1000 rows, seed 0",7380,,False,1,2.6290081223123707e-13,0.21988753773715447,30.98464867480024,30.937222159579946,0.04742651522029462,490.13246128367547,-109.26042584532306,1044.586352304787,False
"workspace_sampling/contact_points.npy, 1000 rows, seed 0",4457,,False,1,0.0,0.05743843846344573,13.53180221448148,13.061589764501063,0.47021244998041745,487.0207091768656,-97.17234404187583,1058.2630589042083,False
"workspace_sampling/contact_points.npy, 1000 rows, seed 0",6892,,False,1,4.263256414560601e-14,0.5491954075634636,57.685327872367004,38.71100167644591,18.974326195921094,404.2344333175628,-62.31328770080982,1005.6174027197037,False
"workspace_sampling/contact_points.npy, 1000 rows, seed 0",2843,,False,1,0.0,0.28596335896289155,37.43893549862182,37.12729915100549,0.31163634761632864,375.12827207871595,-38.671739201160136,997.5414903704137,False
"workspace_sampling/contact_points.npy, 1000 rows, seed 0",3320,,False,1,0.0,0.2831797006968689,37.17637292315511,37.121022661961824,0.05535026119328279,335.59075016111234,-88.40394902379698,990.1911472682535,False
"workspace_sampling/contact_points.npy, 1000 rows, seed 0",4850,,False,1,1.4210854715202004e-14,0.6065982081422684,60.71846727181466,17.286303767272358,43.4321635045423,377.7726576013684,-34.242389440291156,919.7173409174935,False
"workspace_sampling/contact_points.npy, 1000 rows, seed 0",6105,,False,1,0.0,-0.02316749492231516,4.335848279915187,4.15212407203104,0.183724207884147,481.6405148040088,-102.51994687171864,1061.5109613594273,False
"workspace_sampling/contact_points.npy, 1000 rows, seed 0",5458,,False,1,8.881784197001252e-16,-0.021844360807345017,4.48833645511407,4.155171046633866,0.3331654084802045,486.74845322067887,-103.11502075654003,1062.4887832209558,False
"workspace_sampling/contact_points.npy, 1000 rows, seed 0",625,,False,1,8.881784197001252e-16,-0.018571940061922,4.8653168305055,4.434404672427071,0.43091215807842875,426.8917924857105,-111.75977646354572,1060.617026652853,False
"workspace_sampling/contact_points.npy, 1000 rows, seed 0",2373,,False,1,3.552713678800501e-15,0.14330791765505946,22.993173577027008,22.71958535813663,0.273588218890378,486.06351040250445,-94.34424188137439,1057.567417798658,False
"workspace_sampling/contact_points.npy, 1000 rows, seed 0",4957,,False,1,1.4566126083082054e-13,0.21375571569728355,30.363548309591085,30.34260092031432,0.020947389276763317,442.86672504816556,-94.51350384490016,1051.3227549450667,False
"workspace_sampling/contact_points.npy, 1000 rows, seed 0",3403,,False,1,3.552713678800501e-15,0.14250791645495,22.90720753241448,22.823675181706378,0.08353235070810072,504.8393160073431,-113.84616824590327,1052.7879959915058,False
"workspace_sampling/contact_points.npy, 1000 rows, seed 0",2444,,False,1,0.0,0.06411787917271028,14.28258975797204,14.1711034333985,0.11148632457354068,487.7801702486167,-90.53266714177971,1060.9195299623118,False
"workspace_sampling/contact_points.npy, 1000 rows, seed 0",595,,False,1,0.0,0.14056725346894897,22.698476220732644,22.159981667340663,0.5384945533919812,516.4027559941784,-108.78481827311609,1053.217471092127,False
"workspace_sampling/contact_points.npy, 1000 rows, seed 0",3427,,False,1,2.2737367544323206e-13,0.21833802971275498,30.828030630165845,30.727777387895824,0.1002532422700213,465.62998946007235,-94.01087122971722,1052.6070884888095,False
"workspace_sampling/contact_points.npy, 1000 rows, seed 0",8173,,False,1,0.0,0.14559412565031604,23.23858611140911,22.675041781736198,0.5635443296729115,495.3827565182693,-115.51906094967984,1052.5273019202214,False
"workspace_sampling/contact_points.npy, 1000 rows, seed 0",7266,,False,1,0.0,-0.012725038591916713,5.538282728726744,5.0606141097537956,0.4776686189729489,499.66493325483526,-126.91518440151154,1061.8084801057948,False
"workspace_sampling/contact_points.npy, 1000 rows, seed 0",5683,,False,1,8.881784197001252e-16,-0.023252418841062897,4.326059762112416,4.156030113177146,0.1700296489352695,490.85559661363715,-108.99094979760991,1062.5613951850962,False
"workspace_sampling/contact_points.npy, 1000 rows, seed 0",5885,,False,1,7.105427357601002e-15,0.606636144247894,60.720292360481494,16.274703737839626,44.445588622641864,389.4955499263559,-36.011774460916875,924.1793389635551,False
"workspace_sampling/contact_points.npy, 1000 rows, seed 0",3696,,False,1,0.0,0.14140107178026695,22.788192323249596,22.47702171163939,0.3111706116102049,486.2049854552844,-105.1872459714354,1057.5756965286987,False
"workspace_sampling/contact_points.npy, 1000 rows, seed 0",6983,,False,1,7.105427357601002e-15,0.6064460602024934,60.71114509755687,17.589729243917503,43.12141585363937,388.33144088940793,-45.143933881500665,922.4863003989648,False
"workspace_sampling/contact_points.npy, 1000 rows, seed 0",5603,,False,1,0.0,0.05899656236124141,13.707128340358825,13.348214589548697,0.3589137508101281,492.3522477253749,-120.0430710329046,1060.996712004879,False
"workspace_sampling/contact_points.npy, 1000 rows, seed 0",5811,,False,1,3.552713678800501e-15,0.1376263867452122,22.381650151232183,22.18288530967908,0.19876484155310337,465.03967326966495,-100.63152694292653,1057.2836739322388,False
"workspace_sampling/contact_points.npy, 1000 rows, seed 0",5737,,False,1,0.0,-0.02332825001249888,4.317319169897738,4.2872196894634165,0.030099480434321535,485.7028984566535,-103.63666209298123,1062.4747167285639,False
"workspace_sampling/contact_points.npy, 1000 rows, seed 0",3037,,False,1,8.881784197001252e-16,-0.013431199543106955,5.4570471222942265,5.148643811133774,0.3084033111604523,487.41401773525706,-91.5718038402542,1062.4677355744398,False
"workspace_sampling/contact_points.npy, 1000 rows, seed 0",3583,,False,1,3.552713678800501e-15,0.1373248348330359,22.349128395686595,22.315423892330287,0.033704503356307924,492.6609749335567,-93.61708188255562,1052.7208497532151,False
"workspace_sampling/contact_points.npy, 1000 rows, seed 0",3249,,False,1,3.232969447708456e-13,0.22215882830925535,31.21381045317752,30.573676849955525,0.6401336032219938,498.54021310743553,-95.42751483815684,1044.6589546196199,False
"workspace_sampling/contact_points.npy, 1000 rows, seed 0",563,,False,1,1.7763568394002505e-15,0.06850646965860673,14.774706460034073,14.732228712520342,0.04247774751373079,506.3824021744922,-112.71056250956897,1061.0767899610062,False
"workspace_sampling/contact_points.npy, 1000 rows, seed 0",6353,,False,1,7.105427357601002e-15,0.6064467009324211,60.711175940992376,20.790645493630787,39.920530447361585,356.324285215872,-60.02208115493268,907.7128172132475,False
"workspace_sampling/contact_points.npy, 1000 rows, seed 0",1113,,False,1,0.0,0.13661971549109106,22.27305752181535,22.14948403316213,0.12357348865322137,417.9401392021655,-144.54919643379733,1049.2929690858352,False
"workspace_sampling/contact_points.npy, 1000 rows, seed 0",8387,,False,1,0.0,0.6061182006831879,60.69535364607708,20.19254995155314,40.50280369452394,386.65678244004994,-56.67645140762455,917.8801712936884,False
"workspace_sampling/contact_points.npy, 1000 rows, seed 0",4588,,False,1,1.3855583347321954e-13,0.21287113844403616,30.2736581911511,30.17690411414857,0.09675407700252947,454.69739072683655,-91.74912037558042,1051.5551782392963,False
"workspace_sampling/contact_points.npy, 1000 rows, seed 0",4905,,False,1,2.7000623958883807e-13,0.2202732843443782,31.023603087949745,30.91831507749168,0.10528801045806446,493.8957852742766,-102.20410188495424,1044.526399885414,False
"workspace_sampling/contact_points.npy, 1000 rows, seed 0",4747,,False,1,8.881784197001252e-16,-0.019004041540917904,4.81555229265898,4.43619930581667,0.37935298684231,497.1749502640121,-123.3404073798489,1062.6444012657676,False
"workspace_sampling/contact_points.npy, 1000 rows, seed 0",6713,,False,1,2.1316282072803006e-14,0.6065320271304306,60.71528276026092,17.438972876300358,43.276309883960565,388.6943253153769,-42.57881052844584,922.3288051067,False
"workspace_sampling/contact_points.npy, 1000 rows, seed 0",2613,,False,1,8.881784197001252e-16,-0.018824465384313677,4.83623432966637,4.535483021957317,0.3007513077090529,503.092195357928,-102.7683163355042,1061.9741117447747,False
"workspace_sampling/contact_points.npy, 1000 rows, seed 0",2175,,False,1,0.0,0.14437295849751522,23.10754774135995,23.030040113459894,0.07750762790005794,479.47577713127987,-90.25733006470179,1057.528771987938,False
"workspace_sampling/contact_points.npy, 1000 rows, seed 0",3921,,False,1,0.0,0.14232728229923314,22.88779062268633,22.670416234377818,0.21737438830851374,487.5771367490165,-114.39502939327386,1057.6184777817937,False
"workspace_sampling/contact_points.npy, 1000 rows, seed 0",1633,,False,1,8.881784197001252e-16,-0.011990524021846645,5.622767463662701,5.089538712965552,0.5332287506971491,492.5969630901168,-85.74957580001347,1062.562259087937,False
"workspace_sampling/contact_points.npy, 1000 rows, seed 0",3902,,False,1,1.7763568394002505e-15,0.06706961941112742,14.61368913120632,14.243432371939525,0.3702567592667947,478.3738116244904,-96.22220489045209,1060.6896653757742,False
"workspace_sampling/contact_points.npy, 1000 rows, seed 0",3523,,False,1,8.881784197001252e-16,-0.017906193874995282,4.941981879236223,4.788167544633749,0.1538143346024734,491.3458936281828,-96.33556830330262,1062.5652315984955,False
"workspace_sampling/contact_points.npy, 1000 rows, seed 0",569,,False,1,0.0,0.05964531128840652,13.780094557787857,13.175147156785245,0.6049474010026117,513.943968251493,-113.09517913191095,1058.9180878225507,False
"workspace_sampling/contact_points.npy, 1000 rows, seed 0",6478,,False,1,1.8474111129762605e-13,0.5642279561714484,58.53165422022259,33.9162307562427,24.615423463979894,432.0809172337386,-55.107646828461455,1008.1932757106036,False
"workspace_sampling/contact_points.npy, 1000 rows, seed 0",2518,,False,1,7.815970093361102e-14,0.20727435896482274,29.703242771718454,29.56903975689177,0.13420301482668506,393.2578774359554,-94.30065375033325,1034.2914769877216,False
"workspace_sampling/contact_points.npy, 1000 rows, seed 0",4829,,False,1,1.7763568394002505e-15,0.058688154631889755,13.672434114528668,13.227521573204513,0.4449125413241557,490.0116496730081,-108.28214999683937,1060.9886086219412,False
"workspace_sampling/contact_points.npy, 1000 rows, seed 0",3270,,False,1,1.7763568394002505e-15,-0.021014876449064385,4.583914031466378,4.283777987575064,0.3001360438913139,492.8439873616671,-93.85392959691804,1061.7912796189462,False
"workspace_sampling/contact_points.npy, 1000 rows, seed 0",6014,,False,1,1.7763568394002505e-15,0.06327588785851408,14.188064954371727,13.700015985812792,0.4880489685589353,489.7937275574586,-105.23229211892698,1058.1305584579018,False
"workspace_sampling/contact_points.npy, 1000 rows, seed 0",169,,False,1,0.0,0.22439499192362972,31.43894779031472,31.12931321413219,0.3096345761825319,471.21156415908547,-89.4029604713033,1053.1812238628822,False
"workspace_sampling/contact_points.npy, 1000 rows, seed 0",5014,,False,1,3.552713678800501e-15,0.13686756502059697,22.29980046171729,21.86095938757081,0.438841074146481,487.0429996902017,-99.30455610125986,1052.478727177166,False
"workspace_sampling/contact_points.npy, 1000 rows, seed 0",4679,,False,1,7.105427357601002e-15,0.6065905951737928,60.71810098653254,14.814085977670347,45.904015008862196,352.8304620980074,-56.76613290064068,920.7623140089398,False
"workspace_sampling/contact_points.npy, 1000 rows, seed 0",8597,,False,1,1.7763568394002505e-15,0.05622448677058738,13.395125494361654,12.872689421414336,0.5224360729473183,478.84611234336097,-106.87926859650585,1058.1436242607997,False
"workspace_sampling/contact_points.npy, 1000 rows, seed 0",4655,,False,1,0.0,0.05939471972017298,13.751912319750867,13.72725425325156,0.02465806649930613,491.03223491430356,-99.4729039002244,1058.2730030255623,False
"workspace_sampling/contact_points.npy, 1000 rows, seed 0",8538,,False,1,3.552713678800501e-15,0.1268602792197112,21.216602917468627,20.921388646565518,0.29521427090310937,464.16600280622697,-105.94835396703137,1056.2020747286613,False
"workspace_sampling/contact_points.npy, 1000 rows, seed 0",705,,False,1,8.881784197001252e-16,-0.019938917333672018,4.70787002157463,4.154894968002779,0.552975053571851,507.9182599441803,-89.65239205465548,1062.0939138852448,False
"workspace_sampling/contact_points.npy, 1000 rows, seed 0",4806,,False,1,3.552713678800501e-15,0.22413742171323284,31.41303996044919,31.054925767158775,0.3581141932904153,501.35405623928193,-115.27849306257161,1044.5435789796495,False
"workspace_sampling/contact_points.npy, 1000 rows, seed 0",5233,,False,1,0.0,-0.019530908301795175,4.754868259326946,4.646802329994862,0.10806592933208403,482.8548755884332,-99.96213303059338,1062.4240686117614,False
"workspace_sampling/contact_points.npy, 1000 rows, seed 0",6923,,False,1,0.0,0.05810679654743618,13.607022325504984,13.229930811661205,0.37709151384377826,482.48932804466904,-104.41461272362308,1058.0097580657357,False
"workspace_sampling/contact_points.npy, 1000 rows, seed 0",4827,,False,1,0.0,-0.0177751462348061,4.957071721870171,4.909944872162624,0.04712684970754655,496.7997473133573,-111.01222126644527,1061.791473443833,False
"workspace_sampling/contact_points.npy, 1000 rows, seed 0",7039,,False,1,3.552713678800501e-15,0.14604073768440753,23.286482847559032,22.821024871988126,0.4654579755709065,497.2895294429274,-117.50247748921393,1052.4964887878625,False
"workspace_sampling/contact_points.npy, 1000 rows, seed 0",2573,,False,1,0.0,0.28532356455591673,37.37866483610738,37.26642614386345,0.11223869224393468,373.9654898908966,-41.15922590138373,998.6768355636866,False
"workspace_sampling/contact_points.npy, 1000 rows, seed 0",5283,,False,1,1.7763568394002505e-13,0.2160336463326152,30.594694547598607,30.258911151361286,0.33578339623732134,487.4795587064164,-100.08823869070555,1044.5187506058355,False
"workspace_sampling/contact_points.npy, 1000 rows, seed 0",324,,False,1,2.7000623958883807e-13,0.22005338364310778,31.001398261741645,30.530008202501502,0.471390059240143,518.489010341016,-106.21740690338561,1045.3299309443164,False
"workspace_sampling/contact_points.npy, 1000 rows, seed 0",4205,,False,1,1.7763568394002505e-15,0.06449948216549212,14.325418484958798,13.732017500637163,0.5934009843216348,501.92030814468836,-121.68437130443007,1058.428017020667,False
"workspace_sampling/contact_points.npy, 1000 rows, seed 0",3726,,False,1,0.0,0.22451568557277893,31.45108563284778,30.850944295198246,0.6001413376495321,502.54087761694115,-106.99427543172615,1044.5891588731142,False
"workspace_sampling/contact_points.npy, 1000 rows, seed 0",4596,,False,1,3.552713678800501e-15,0.13768347844087359,22.38780664561553,22.069113213220657,0.31869343239487335,478.1762651433968,-99.71913873321954,1057.4482937321118,False
"workspace_sampling/contact_points.npy, 1000 rows, seed 0",2482,,False,1,3.552713678800501e-15,0.22489789802907403,31.489514509492846,31.1975846725483,0.2919298369445471,454.3146155630555,-94.7041032956554,1052.7161237360317,False
"workspace_sampling/contact_points.npy, 1000 rows, seed 0",5730,,False,1,3.552713678800501e-15,0.13321775568292946,21.905548623194836,21.86445157768623,0.041097045508607266,472.50742921821336,-100.85496947323364,1057.283755458049,False
"workspace_sampling/contact_points.npy, 1000 rows, seed 0",4135,,False,1,8.881784197001252e-16,-0.016982909502257587,5.04828785966971,4.996409433526973,0.05187842614273652,485.0773331692601,-96.07644167359614,1062.4516290506426,False
"workspace_sampling/contact_points.npy, 1000 rows, seed 0",7505,,False,1,7.105427357601002e-15,0.627805375878979,61.701250831535326,23.717674705288957,37.98357612624637,355.487968521281,-69.80478599906779,898.0406547890008,False
"workspace_sampling/contact_points.npy, 1000 rows, seed 0",5988,,False,1,8.881784197001252e-16,-0.015606198654355643,5.206765228442322,4.730735485292601,0.4760297431497209,490.5383858427022,-107.24357507890065,1061.6339094930427,False
"workspace_sampling/contact_points.npy, 1000 rows, seed 0",3301,,False,1,3.304023721284466e-13,0.22247399627349715,31.245570539583458,30.871207010315416,0.3743635292680416,451.03848120191066,-93.85100573839424,1052.3746340728903,False
"workspace_sampling/contact_points.npy, 1000 rows, seed 0",7766,,False,1,0.0,0.22278196930891878,31.276596425571995,31.15632025049618,0.12027617507581567,595.6692550472179,-67.5466243848942,876.6302473934056,False
"workspace_sampling/contact_points.npy, 1000 rows, seed 0",2881,,False,1,3.552713678800501e-15,0.14367787965630432,23.032912979033867,22.530863603046324,0.5020493759875428,505.4748980563551,-105.97881476913014,1052.7770389849868,False
"workspace_sampling/contact_points.npy, 1000 rows, seed 0",2395,,False,1,3.552713678800501e-15,0.13952030701038437,22.58575736084134,22.50049515364998,0.08526220719135935,502.63769654216776,-93.92696251362788,1052.8824016703138,False
"workspace_sampling/contact_points.npy, 1000 rows, seed 0",7442,,False,1,7.105427357601002e-15,0.23563940945043346,32.563706559068414,32.441528902549045,0.1221776565193693,602.145943432466,-77.16776730760856,875.3898414351905,False
"workspace_sampling/contact_points.npy, 1000 rows, seed 0",4737,,False,1,2.6645352591003757e-15,-0.02445454420419512,4.18748444245499,4.155676532307105,0.03180791014788564,483.9624617104495,-98.41806598958982,1061.6252208835763,False
"workspace_sampling/contact_points.npy, 1000 rows, seed 0",5094,,False,1,3.552713678800501e-15,0.22301116293376178,31.299680022236114,31.17007071393883,0.12960930829728312,500.1127071810286,-114.13060731266219,1044.5683144302207,False
"workspace_sampling/contact_points.npy, 1000 rows, seed 0",3391,,False,1,2.8421709430404007e-13,0.22058933572929953,31.055508854494775,30.824777995069365,0.23073085942541027,469.0226244100946,-98.45709626249388,1052.8566583921165,False
"workspace_sampling/contact_points.npy, 1000 rows, seed 0",1699,,False,1,1.7053025658242404e-13,0.21505738091502638,30.495690221196675,30.44083833144801,0.05485188974866517,397.9018488859393,-102.56071601487733,1034.9573969674648,False
"workspace_sampling/contact_points.npy, 1000 rows, seed 0",2109,,False,1,0.0,-0.020751061459266407,4.6143091486108885,4.477681475912031,0.13662767269885734,501.3446810325586,-93.57088351430696,1061.9676912077261,False
"workspace_sampling/contact_points.npy, 1000 rows, seed 0",742,,False,1,0.0,-0.011809532784285046,5.643583298359905,4.899184325312987,0.744398973046918,501.34594195694984,-85.70982729220913,1062.7382287863547,False
"workspace_sampling/contact_points.npy, 1000 rows, seed 0",1368,,False,1,0.0,0.22590374432871496,31.590578457334885,31.21682694500776,0.3737515123271251,430.22241461694864,-131.83773587724212,1045.9151050366359,False
"workspace_sampling/contact_points.npy, 1000 rows, seed 0",8011,,False,1,0.0,0.13652915936524515,22.26328543922786,22.246945272635692,0.01634016659216897,482.20505263322843,-106.1591304132907,1052.4712917959232,False
"workspace_sampling/contact_points.npy, 1000 rows, seed 0",4437,,False,1,2.0605739337042905e-13,0.2172720625911121,30.72015548952613,30.524445488330592,0.19571000119553972,489.91425739441667,-96.85355508443345,1044.6500143418064,False
"workspace_sampling/contact_points.npy, 1000 rows, seed 0",6566,,False,1,3.197442310920451e-14,0.053945093727778316,13.138309703985112,12.984673814859118,0.15363588912599369,480.067473302109,-104.90396631442454,1060.8000395007411,False
"workspace_sampling/contact_points.npy, 1000 rows, seed 0",8634,,False,1,3.552713678800501e-15,0.09510716554745409,17.73605801699799,17.699888542022787,0.036169474975203286,482.4156890897153,-108.103201409898,1059.0513600570973,False
"workspace_sampling/contact_points.npy, 1000 rows, seed 0",1609,,False,1,3.552713678800501e-15,0.22352483033315992,31.35139660964907,31.128155088447006,0.22324152120206264,460.781615755226,-90.94155880239163,1052.9421920744899,False
"workspace_sampling/contact_points.npy, 1000 rows, seed 0",8524,,False,1,3.552713678800501e-15,0.1414067509725741,22.788803213580774,22.421485287490974,0.3673179260898003,485.08204483914915,-108.15322058320793,1052.53879618696,False
"workspace_sampling/contact_points.npy, 1000 rows, seed 0",2765,,False,1,1.7763568394002505e-15,0.0569735073498375,13.479464478498343,13.232709427694068,0.24675505080427484,492.48149685969787,-89.57625520947622,1058.4572320908594,False
"workspace_sampling/contact_points.npy, 1000 rows, seed 0",8348,,False,1,1.7763568394002505e-15,0.05777038131633975,13.569163197189944,13.474128571591695,0.09503462559824882,468.38079333805075,-107.77130804685854,1060.637747601743,False
"workspace_sampling/contact_points.npy, 1000 rows, seed 0",5260,,False,1,0.0,-0.018153417022156785,4.913513650839404,4.805609659041406,0.10790399179799781,481.27412155305933,-99.87956258694948,1062.402650631122,False
"workspace_sampling/contact_points.npy, 1000 rows, seed 0",1492,,False,1,3.552713678800501e-15,0.22326583312476758,31.325323644714466,31.16211106631704,0.16321257839742742,473.18658867838565,-93.04109854961503,1053.0830361564413,False
"workspace_sampling/contact_points.npy, 1000 rows, seed 0",1402,,False,1,0.0,0.24591118376253188,33.58024942526007,33.53774524949019,0.04250417576987786,440.37378860393426,-32.06327364845885,1038.30780940068,False
"workspace_sampling/contact_points.npy, 1000 rows, seed 0",3326,,False,1,1.7763568394002505e-15,0.06657550404881775,14.558293579857493,14.125882350058498,0.43241122979899416,481.2756665542094,-93.48538247552145,1060.7461497007862,False
"workspace_sampling/contact_points.npy, 1000 rows, seed 0",6645,,False,1,0.0,0.30273593025337875,39.0024271417902,38.958347876243835,0.04407926554636532,466.6400549948556,-101.40661897739669,1048.8563567117399,False
"workspace_sampling/contact_points.npy, 1000 rows, seed 0",7703,,False,1,0.0,0.24239174012877746,33.2331424802078,33.2223114709815,0.010831009226301092,606.2253763571362,-80.44659729520389,877.507533634943,False
"workspace_sampling/contact_points.npy, 1000 rows, seed 0",8480,,False,1,1.7763568394002505e-15,0.06560079243953751,14.448982849320732,13.90217632260382,0.546806526716912,491.01715592170314,-112.13948327021679,1058.27541066035,False
"workspace_sampling/contact_points.npy, 1000 rows, seed 0",2859,,False,1,3.552713678800501e-15,0.14282054479962858,22.940807297818214,22.797484577611115,0.1433227202070988,489.17197377352073,-103.87593941976934,1057.6189661384208,False
"workspace_sampling/contact_points.npy, 1000 rows, seed 0",8400,,False,1,1.7763568394002505e-15,-0.013899479519140355,5.403170451285893,5.310849602211664,0.09232084907422955,500.422928920785,-124.59285533247032,1061.8517485239565,False
"workspace_sampling/contact_points.npy, 1000 rows, seed 0",5382,,False,1,3.552713678800501e-15,0.2227560845763228,31.27398908872392,31.27020640798124,0.0037826807426775133,499.10662994192364,-113.20396435000549,1044.5413612292245,False
"workspace_sampling/contact_points.npy, 1000 rows, seed 0",1711,,False,1,0.0,0.14550494338462497,23.22902003670096,22.694825008993124,0.5341950277078347,427.09496302329603,-107.26830421090168,1053.4186346328916,False
"workspace_sampling/contact_points.npy, 1000 rows, seed 0",2634,,False,1,7.105427357601002e-15,0.14323134451484526,22.98494724144223,22.682510637163734,0.3024366042784976,486.39103982580355,-96.56669898478128,1057.5380114513375,False
"workspace_sampling/contact_points.npy, 1000 rows, seed 0",5958,,False,1,3.197442310920451e-13,0.22206495456712178,31.204348784078107,31.01672340928197,0.18762537479613783,495.9779498306446,-111.06968243209666,1044.5205636599205,False
"workspace_sampling/contact_points.npy, 1000 rows, seed 0",8603,,False,1,0.0,0.22654414206604295,31.654872642760637,31.612062173863283,0.04281046889735407,599.2781774925833,-62.846007933749064,882.9298177577883,False
"workspace_sampling/contact_points.npy, 1000 rows, seed 0",7324,,False,1,4.263256414560601e-14,0.5516546322646614,57.826276552297074,37.521344048567585,20.30493250372949,429.64424160548987,-59.55728752268362,1008.2074662084266,False
"workspace_sampling/contact_points.npy, 1000 rows, seed 0",1868,,False,1,1.7763568394002505e-15,0.06516145367583093,14.399697199099657,14.183020432198273,0.2166767669013847,491.47277407753,-89.32786097996829,1060.965905333986,False
"workspace_sampling/contact_points.npy, 1000 rows, seed 0",4793,,False,1,3.552713678800501e-15,0.06011632705326383,13.833058312892428,13.381537739338611,0.45152057355381636,492.3551422379824,-113.91343795929205,1061.0102392089566,False
"workspace_sampling/contact_points.npy, 1000 rows, seed 0",4700,,False,1,0.0,0.05901896320431712,13.709648142072703,13.233944621531982,0.47570352054072096,488.06919699859714,-98.09470710838568,1058.2119510687176,False
"workspace_sampling/contact_points.npy, 1000 rows, seed 0",3030,,False,1,0.0,0.1447711982554699,23.150293204613213,22.918415731510716,0.23187747310249662,474.8295815177122,-93.11646679776112,1057.4050696383003,False
"workspace_sampling/contact_points.npy, 1000 rows, seed 0",3752,,False,1,7.105427357601002e-15,0.6065988436732167,60.718497848890145,14.395606125572574,46.32289172331757,372.93290281293866,-35.2136720462057,926.885137488403,False
"workspace_sampling/contact_points.npy, 1000 rows, seed 0",709,,False,1,3.552713678800501e-15,0.22340133562349884,31.338965332916356,31.162467615739793,0.17649771717656293,471.0593296110193,-89.61073948676892,1053.1688662416423,False
"workspace_sampling/contact_points.npy, 1000 rows, seed 0",2728,,False,1,3.552713678800501e-15,0.137554214856512,22.373867149444397,22.238501708318346,0.13536544112605142,496.6078380315819,-90.62152800229636,1052.831725288673,False
"workspace_sampling/contact_points.npy, 1000 rows, seed 0",753,,False,1,3.552713678800501e-15,0.14486026528917967,23.159851714795145,23.046410793731976,0.1134409210631695,487.46654879577636,-86.99978286905345,1057.7172460450433,False
"workspace_sampling/contact_points.npy, 1000 rows, seed 0",1708,,False,1,1.1013412404281553e-13,0.2105901532659282,30.04153163995277,29.92795507398528,0.11357656596748811,396.3855313317506,-100.54439792162871,1034.6085074607513,False
"workspace_sampling/contact_points.npy, 1000 rows, seed 0",5641,,False,1,1.3145040611561853e-13,0.21254416745966728,30.240413245743017,29.849901462988505,0.3905117827545119,459.06821043706543,-98.64343457372225,1051.3890619863284,False
"workspace_sampling/contact_points.npy, 1000 rows, seed 0",4217,,False,1,0.0,0.06050714703936602,13.876996427386558,13.787040574882205,0.08995585250435312,493.9496064273066,-115.83472799645331,1061.0445841664166,False
"workspace_sampling/contact_points.npy, 1000 rows, seed 0",6530,,False,1,3.197442310920451e-14,0.05395583863549222,13.139520871948761,12.982188875413046,0.1573319965357154,484.2759673127778,-108.04220146388535,1060.8798324057507,False
"workspace_sampling/contact_points.npy, 1000 rows, seed 0",127,,False,1,3.552713678800501e-15,0.13849831824964737,22.475649757941845,22.379373786563985,0.09627597137786026,515.1636078974535,-90.46606257331005,1053.1743591426084,False
"workspace_sampling/contact_points.npy, 1000 rows, seed 0",6797,,False,1,1.7763568394002505e-15,0.06544286969432431,14.431267937680095,13.830492265240611,0.6007756724394842,493.3257659453692,-111.9272684910637,1058.2204445659029,False
"workspace_sampling/contact_points.npy, 1000 rows, seed 0",719,,False,1,0.0,0.28620349307281856,37.46154507165423,37.44935658792157,0.012188483732657573,359.6678172854346,-79.5944960729538,1000.7653741013866,False
"workspace_sampling/contact_points.npy, 1000 rows, seed 0",3192,,False,1,0.0,0.14176495560410268,22.82732928867084,22.540387745873378,0.28694154279746087,484.11758928111925,-97.67769365021798,1057.519853012374,False
"workspace_sampling/contact_points.npy, 1000 rows, seed 0",1132,,False,1,0.0,0.24783009502962372,33.76897324572285,33.57519336771175,0.19377987801109953,438.9320380756072,-32.69104464941645,1038.249643920658,False
"workspace_sampling/contact_points.npy, 1000 rows, seed 0",4636,,False,1,3.552713678800501e-15,0.1447161129909793,23.144381264519765,22.231777218277273,0.9126040462424925,493.3453614165408,-100.66159812227745,1052.3667115043468,False
"workspace_sampling/contact_points.npy, 1000 rows, seed 0",5567,,False,1,0.0,0.06342436281699629,14.20473574797288,13.897774089796785,0.30696165817609433,474.0406742963774,-101.56606620826935,1060.7611886077887,False
"workspace_sampling/contact_points.npy, 1000 rows, seed 0",5966,,False,1,7.105427357601002e-15,0.6066356306100995,60.72026765120196,21.603549641006033,39.116718010195925,378.65195601052153,-39.33422301774277,911.6387025850966,False
"workspace_sampling/contact_points.npy, 1000 rows, seed 0",4033,,False,1,3.552713678800501e-15,0.1435739821149028,23.021753850638614,22.549551379898528,0.47220247074008626,498.9467110816291,-103.6815457784619,1052.5770268987792,False
"workspace_sampling/contact_points.npy, 1000 rows, seed 0",1334,,False,1,1.7763568394002505e-15,0.05761076586422948,13.551198725616738,13.31829470584977,0.23290401976696806,500.2778534901414,-84.57769835545541,1058.590771637069,False
"workspace_sampling/contact_points.npy, 1000 rows, seed 0",2055,,False,1,1.7763568394002505e-15,-0.018071263552277936,4.922973933412907,4.213905748505555,0.7090681849073519,505.27364843503557,-101.00812402481864,1062.0192886527636,False
"workspace_sampling/contact_points.npy, 1000 rows, seed 0",7375,,False,1,8.881784197001252e-16,-0.024602058938014367,4.170477637193186,3.850107321811457,0.3203703153817292,486.59771790422343,-109.53314513807405,1062.4625210203203,False
"workspace_sampling/contact_points.npy, 1000 rows, seed 0",2552,,False,1,0.0,0.06550872731024983,14.438655634078454,14.062887969402203,0.37576766467625156,498.6182980403588,-110.92161765296771,1061.020041705934,False
"workspace_sampling/contact_points.npy, 1000 rows, seed 0",7358,,False,1,2.1316282072803006e-14,0.05195196283798361,12.913553534624494,12.818948166679682,0.094605367944812,484.59442778698804,-110.40957043789564,1060.8640859906009,False
"workspace_sampling/contact_points.npy, 1000 rows, seed 0",1543,,False,1,8.881784197001252e-16,-0.012651501673211833,5.546741614120879,5.03004210288038,0.5166995112404997,501.45115633147725,-92.34693040295758,1062.7281342185825,False
"workspace_sampling/contact_points.npy, 1000 rows, seed 0",4225,,False,1,8.881784197001252e-16,-0.018129590065182947,4.916257430350666,4.4034227039418505,0.5128347264088156,497.6455203087747,-116.28419906732839,1062.6598953575408,False
"workspace_sampling/contact_points.npy, 1000 rows, seed 0",2323,,False,1,0.0,0.1433832599129764,23.00126726085023,22.437616969736997,0.563650291113234,507.80878735620735,-104.3188530214843,1052.8587421654022,False
"workspace_sampling/contact_points.npy, 1000 rows, seed 0",6889,,False,1,8.881784197001252e-16,-0.022143373535021674,4.453879093646555,4.068264675803569,0.38561441784298633,479.89536752567113,-104.37707966712225,1062.3575776776663,False
"workspace_sampling/contact_points.npy, 1000 rows, seed 0",7576,,False,1,1.0658141036401503e-13,0.5588909081243124,58.23536348439933,35.241297058155304,22.994066426244025,433.21751211340035,-62.2447405888164,1008.5059689923922,False
"workspace_sampling/contact_points.npy, 1000 rows, seed 0",4054,,False,1,8.881784197001252e-16,-0.017068276262900334,5.038459621401001,4.192860814115899,0.8455988072851026,491.4894653954479,-100.17930180360037,1062.5401973359767,False
"workspace_sampling/contact_points.npy, 1000 rows, seed 0",5429,,False,1,3.552713678800501e-15,0.06224453585421916,14.072235262837754,13.917120823675978,0.15511443916177647,493.2878460420641,-106.52988359007426,1058.256643539431,False
"workspace_sampling/contact_points.npy, 1000 rows, seed 0",1122,,False,1,0.0,0.17128645690002894,25.969281422608955,25.7911391537523,0.17814226885665363,459.84066103256055,-36.25540700338857,1050.7158214309118,False
"workspace_sampling/contact_points.npy, 1000 rows, seed 0",5493,,False,1,0.0,-0.018131901931341378,4.915991209283775,4.406379125544454,0.509612083739321,486.65644175154165,-101.65857681683576,1061.5748789047404,False
"workspace_sampling/contact_points.npy, 1000 rows, seed 0",7497,,False,1,1.2789769243681803e-13,0.21170402077415398,30.154945480790076,29.797598419506155,0.3573470612839209,482.1804716184011,-105.30945399574188,1044.4301719297607,False
"workspace_sampling/contact_points.npy, 1000 rows, seed 0",4146,,False,1,7.105427357601002e-15,0.14312767046168723,22.973808745195676,22.714773350999593,0.2590353941960828,470.519726989244,-96.46338439799591,1057.3350984215035,False
"workspace_sampling/contact_points.npy, 1000 rows, seed 0",3826,,False,1,3.552713678800501e-15,0.1388167834052408,22.509968749155973,22.472246401440515,0.03772234771545868,494.3325819986452,-96.20346623177223,1052.6715407955746,False
"workspace_sampling/contact_points.npy, 1000 rows, seed 0",4167,,False,1,2.0250467969162855e-13,0.2168872712022051,30.681188618116238,30.57827650758094,0.10291211053529636,490.1704636025654,-95.70077156801905,1044.726287231672,False
"workspace_sampling/contact_points.npy, 1000 rows, seed 0",6085,,False,1,0.0,0.1394385138567981,22.57694783629068,22.033044891480596,0.5439029448100854,486.11629042619296,-102.53328017548907,1052.2336161654255,False
"workspace_sampling/contact_points.npy, 1000 rows, seed 0",2453,,False,1,1.7763568394002505e-15,0.06528387166571903,14.413431173193082,14.148519697765634,0.2649114754274482,486.8751239354155,-90.27468221204576,1060.874394744633,False
"workspace_sampling/contact_points.npy, 1000 rows, seed 0",3599,,False,1,0.0,0.2826284668018317,37.12427655863002,36.890929580825826,0.2333469778041959,334.00724437200927,-86.55652277308754,987.8755031124205,False
"workspace_sampling/contact_points.npy, 1000 rows, seed 0",7851,,False,1,8.881784197001252e-16,-0.01398958159316222,5.392803412156604,5.126491319262634,0.26631209289396995,498.62976518114266,-122.59346018818528,1061.8127061567106,False
"workspace_sampling/contact_points.npy, 1000 rows, seed 0",7405,,False,1,2.1316282072803006e-14,0.5429031587116621,57.3202705852381,42.41232784917219,14.907942736065905,413.30338476607676,-60.54582917143499,1005.8708201949319,False
"workspace_sampling/contact_points.npy, 1000 rows, seed 0",3597,,False,1,0.0,0.14484438243676342,23.158147238881153,22.81590408102562,0.34224315785553117,472.1376538943578,-95.16972946860582,1057.3508375275912,False
"workspace_sampling/contact_points.npy, 1000 rows, seed 0",8453,,False,1,1.7763568394002505e-15,0.06659029484314156,14.559951959123309,14.187584505978018,0.37236745314529074,494.69283035541133,-115.57269715247675,1058.3134567192058,False
"workspace_sampling/contact_points.npy, 1000 rows, seed 0",1535,,False,1,0.0,0.06743339682755421,14.65446470527061,13.955042291331663,0.6994224139389473,497.8136520443044,-93.09106728195077,1061.0071200610153,False
"workspace_sampling/contact_points.npy, 1000 rows, seed 0",2544,,False,1,3.552713678800501e-15,0.14621488660730875,23.305155403441162,22.88643201775845,0.4187233856827106,491.38948660038284,-109.25292168476915,1057.549787437578,False
"workspace_sampling/contact_points.npy, 1000 rows, seed 0",2027,,False,1,1.7763568394002505e-15,0.06142841964914582,13.980542237555165,13.483927563351155,0.4966146742040092,508.4375883301004,-106.2454913422894,1058.6958411543721,False
"workspace_sampling/contact_points.npy, 1000 rows, seed 0",8622,,False,1,7.460698725481052e-14,0.20617867578029214,29.591236416148586,29.40808936716742,0.18314704898116574,478.7228027965249,-106.93137207074317,1044.7746554910286,False
"workspace_sampling/contact_points.npy, 1000 rows, seed 0",171,,False,1,2.4158453015843406e-13,0.21894352585400037,30.889258743927474,30.886288031005467,0.0029707129220071238,511.4717652732024,-84.12616532311048,1045.0877034665918,False
"workspace_sampling/contact_points.npy, 1000 rows, seed 0",921,,False,1,8.881784197001252e-16,-0.01112060204093253,5.72281009106921,5.64984280306288,0.07296728800633012,427.97626878584435,-111.8028737086305,1061.0936690926826,False
"workspace_sampling/contact_points.npy, 1000 rows, seed 0",6406,,False,1,1.5987211554602254e-13,0.21452490392751772,30.441653528082945,30.19894260209746,0.2427109259854845,430.5231322007478,-102.74452065688291,1049.9468418979172,False
"workspace_sampling/contact_points.npy, 1000 rows, seed 0",7893,,False,1,0.0,0.2241085417423898,31.410134657438945,31.03253197809974,0.3776026793392049,495.16558519959483,-115.1494437653093,1044.531498864208,False
"workspace_sampling/contact_points.npy, 1000 rows, seed 0",4619,,False,1,1.7763568394002505e-15,0.06275577011931692,14.12965765958129,13.732600243033241,0.3970574165480496,493.7259283814377,-101.98841332977113,1058.258335382358,False
"workspace_sampling/contact_points.npy, 1000 rows, seed 0",2885,,False,1,1.7763568394002505e-15,0.06174809997737126,14.016463044327807,13.935101560092486,0.08136148423532141,495.5951680895529,-102.80666803878262,1061.0597496205992,False
"workspace_sampling/contact_points.npy, 1000 rows, seed 0",4835,,False,1,0.0,0.06384057279645475,14.251462193779307,13.96241328090774,0.28904891287156786,497.8774036549519,-110.27405388909769,1058.3252289851646,False
"workspace_sampling/contact_points.npy, 1000 rows, seed 0",6481,,False,1,7.105427357601002e-15,0.1454062492680501,23.218432998649078,22.84304944587484,0.3753835527742382,497.77840524948465,-117.07005104893241,1052.5040833517357,False
"workspace_sampling/contact_points.npy, 1000 rows, seed 0",6446,,False,1,0.0,0.06583828469734168,14.475621133224951,14.142145901969323,0.33347523125562795,499.80653989053314,-123.353843844316,1058.352471649618,False
"workspace_sampling/contact_points.npy, 1000 rows, seed 0",4045,,False,1,1.7763568394002505e-15,-0.017255379700556687,5.016917911684196,4.176840057554551,0.8400778541296452,492.2563823799541,-101.06935304250732,1062.5548860299198,False
"workspace_sampling/contact_points.npy, 1000 rows, seed 0",8281,,False,1,3.552713678800501e-15,0.13792547522789214,22.413899841997825,22.074744101589282,0.33915574040854324,481.9296845054489,-106.55432590732366,1052.5037898131052,False
"workspace_sampling/contact_points.npy, 1000 rows, seed 0",6580,,False,1,0.0,0.1413396170427184,22.781581708683824,22.386563468928557,0.3950182397552666,488.32351157557525,-105.58536255970857,1052.3617464723538,False
"workspace_sampling/contact_points.npy, 1000 rows, seed 0",8595,,False,1,9.592326932761353e-14,0.20941137197065585,29.921383796255217,29.88601876154101,0.035365034714207155,479.2934727932746,-106.48159839624495,1044.8098206294394,False
"workspace_sampling/contact_points.npy, 1000 rows, seed 0",1559,,False,1,3.552713678800501e-15,0.05956840467369571,13.771445736431858,13.119467121736081,0.6519786146957767,504.4300379118969,-90.51720823124242,1058.6446356066717,False
"workspace_sampling/contact_points.npy, 1000 rows, seed 0",2044,,False,1,3.552713678800501e-15,0.14246709744308678,22.90281998088125,22.474287566777623,0.4285324141036284,509.02548600224617,-103.43298203215812,1052.927467859162,False
"workspace_sampling/contact_points.npy, 1000 rows, seed 0",4106,,False,1,1.7763568394002505e-15,0.05879130576909365,13.684038563849423,13.491760357712936,0.19227820613648738,491.9168271536105,-97.08312834859035,1058.3444534483806,False
"workspace_sampling/contact_points.npy, 1000 rows, seed 0",4370,,False,1,0.0,0.06064165944083854,13.8921173714946,13.58182512003065,0.3102922514639488,482.8505397527651,-97.82414903352455,1060.8439869758115,False
"workspace_sampling/contact_points.npy, 1000 rows, seed 0",8388,,False,1,3.552713678800501e-15,0.22971405476684012,31.97253907595501,31.414907725377116,0.5576313505778927,504.10232096833204,-126.95848461206104,1044.3607344062118,False
"workspace_sampling/contact_points.npy, 1000 rows, seed 0",3481,,False,1,2.1316282072803006e-13,0.2175931190697817,30.752657437054452,30.548455293537614,0.20420214351683796,459.32731611888687,-90.58336015956715,1052.2527892126568,False
"workspace_sampling/contact_points.npy, 1000 rows, seed 0",7065,,False,1,3.552713678800501e-15,0.2260465884405975,31.604923041971144,30.864166293079503,0.7407567488916413,494.734304112678,-113.33675220253915,1044.3581492835012,False
"workspace_sampling/contact_points.npy, 1000 rows, seed 0",7929,,False,1,3.126388037344441e-13,0.22167686704917625,31.165223978082594,30.802939435331346,0.36228454275124733,490.639464165071,-110.655311138149,1044.5585511071743,False
"workspace_sampling/contact_points.npy, 1000 rows, seed 0",8101,,False,1,0.0,0.14992807311589776,23.702755531346824,23.18067141026867,0.522084121078155,503.46055915979116,-128.24136062675353,1052.4779486166437,False
"workspace_sampling/contact_points.npy, 1000 rows, seed 0",3266,,False,1,7.105427357601002e-15,0.6067474328800366,60.725645023635415,13.404127165969053,47.321517857666365,355.7373897991853,-54.71828686876341,930.2665655725866,False
"workspace_sampling/contact_points.npy, 1000 rows, seed 0",119,,False,1,0.0,0.05959734763624805,13.774700658372577,13.273947517105182,0.5007531412673956,514.8268564749445,-91.93024179882781,1058.844598723161,False
"workspace_sampling/contact_points.npy, 1000 rows, seed 0",6409,,False,1,0.0,0.13433566032730435,22.026403979694134,21.56105917470487,0.46534480498926456,483.97200478610927,-103.79617146978931,1052.2656394464775,False
"workspace_sampling/contact_points.npy, 1000 rows, seed 0",6213,,False,1,1.7763568394002505e-15,-0.01534242936062005,5.237123580701135,4.945672697136223,0.2914508835649121,494.90994870827035,-114.61899188138923,1061.7329182564588,False
"workspace_sampling/contact_points.npy, 1000 rows, seed 0",4477,,False,1,8.881784197001252e-16,-0.0193102012038124,4.780289835541323,4.468758226151558,0.3115316093897649,497.69103161322187,-121.81613713542914,1062.6664379673452,False
"workspace_sampling/contact_points.npy, 1000 rows, seed 0",7726,,False,1,0.0,-0.02196716527669158,4.474185048874762,3.890696075000602,0.5834889738741604,477.99056154060395,-105.77252205194372,1062.2910698074468,False
"workspace_sampling/contact_points.npy, 1000 rows, seed 0",4826,,False,1,1.7763568394002505e-15,0.06246452926379807,14.096946703820766,13.9859714574542,0.11097524636656608,498.32965878921715,-111.57477535431413,1058.37658568118,False
"workspace_sampling/contact_points.npy, 1000 rows, seed 0",4258,,False,1,0.0,0.14701783377353916,23.391219891811573,22.48725413139904,0.9039657604125324,501.5450938793908,-112.42499735425,1052.4955645237342,False
"workspace_sampling/contact_points.npy, 1000 rows, seed 0",8271,,False,1,1.7408297026122455e-13,0.21541200400019136,30.531663307035846,30.524725263370797,0.006938043665048355,482.71433790963385,-106.61851132367534,1044.702282612506,False
"workspace_sampling/contact_points.npy, 1000 rows, seed 0",3442,,False,1,0.0,-0.015911578354541947,5.1716157625878765,4.368607364705324,0.8030083978825528,497.6192288768513,-105.44432826655938,1062.6467676109419,False
"workspace_sampling/contact_points.npy, 1000 rows, seed 0",388,,False,1,0.0,0.1523840996460815,23.965176045938414,23.36056735843287,0.604608687505543,433.95627385702414,-116.83657542074549,1053.2780372324992,False
"workspace_sampling/contact_points.npy, 1000 rows, seed 0",3449,,False,1,0.0,0.0609436106417461,13.92605748792763,13.831008210238156,0.09504927768947447,501.4895226095454,-105.61007142343155,1058.5215785962303,False
"workspace_sampling/contact_points.npy, 1000 rows, seed 0",2964,,False,1,0.0,-0.021826527510026807,4.490391453781189,4.487423961785342,0.00296749199584756,496.1706275133565,-94.7134094383236,1061.868043655887,False
"workspace_sampling/contact_points.npy, 1000 rows, seed 0",5206,,False,1,1.7763568394002505e-15,-0.020656161733043365,4.62524254176522,4.442488804177466,0.18275373758775437,484.9460858320864,-100.78222012601285,1062.456793237893,False
"workspace_sampling/contact_points.npy, 1000 rows, seed 0",4055,,False,1,0.0,0.06022202079928992,13.844941693444191,13.48226075827429,0.36268093516990163,487.17072466789983,-99.31584899036497,1060.9227177703324,False
"workspace_sampling/contact_points.npy, 1000 rows, seed 0",7323,,False,1,0.0,0.13206759292416786,21.781114828676255,21.43215863489827,0.3489561937779868,480.05448440741776,-112.09096343193848,1057.2703140292379,False
"workspace_sampling/contact_points.npy, 1000 rows, seed 0",5179,,False,1,8.881784197001252e-16,-0.02278749075717736,4.379646587096544,4.356502605457996,0.02314398163854836,487.41200573651594,-102.41556091043107,1062.513177534572,False
"workspace_sampling/contact_points.npy, 1000 rows, seed 0",2914,,False,1,2.3447910280083306e-13,0.21852297736286683,30.846736310353343,30.81784041275022,0.02889589760312461,463.32719514105605,-90.76385724996229,1052.6189600159896,False
"workspace_sampling/contact_points.npy, 1000 rows, seed 0",5136,,False,1,3.552713678800501e-15,0.13496595064385952,22.094505305912083,22.01606130577548,0.07844400013660291,478.14972378003847,-102.32861859952969,1057.4551987490559,False
"workspace_sampling/contact_points.npy, 1000 rows, seed 0",7418,,False,1,0.0,0.061057186979018296,13.938822648436787,13.8672632600464,0.07155938839038711,485.34570128619475,-106.68800678878611,1058.1675082376514,False
"workspace_sampling/contact_points.npy, 1000 rows, seed 0",3431,,False,1,0.0,0.06414905458463946,14.286088956084097,13.658935608560403,0.6271533475236932,502.706169914276,-108.63259868742347,1058.4612937132388,False
"workspace_sampling/contact_points.npy, 1000 rows, seed 0",5563,,False,1,3.552713678800501e-15,0.1359947773241514,22.20560744891723,21.886558634468926,0.3190488144483048,486.0532498880065,-101.11395700321694,1052.3932039301778,False
"workspace_sampling/contact_points.npy, 1000 rows, seed 0",5785,,False,1,2.8421709430404007e-13,0.5685478023727801,58.76808724391321,32.823321036342534,25.944766207570673,403.4647765676238,-58.328475916736274,1006.0041556546815,False
"workspace_sampling/contact_points.npy, 1000 rows, seed 0",4439,,False,1,1.7763568394002505e-15,0.05631166382382174,13.404942876114271,13.20258423482766,0.20235864128661163,487.64159401697316,-96.94209039741497,1058.3009933010085,False
"workspace_sampling/contact_points.npy, 1000 rows, seed 0",1571,,False,1,1.7763568394002505e-15,0.06703998253788308,14.610366864766556,14.015410194694613,0.5949566700719426,494.34424452053594,-89.59540548164196,1060.9712159183487,False
"workspace_sampling/contact_points.npy, 1000 rows, seed 0",4741,,False,1,3.268496584496461e-13,0.22227053444346925,31.225068380276472,30.85237843957042,0.3726899407060529,441.08726343748094,-100.67746655918482,1051.9563065987238,False
"workspace_sampling/contact_points.npy, 1000 rows, seed 0",3205,,False,1,0.0,0.14167964869639058,22.818155094618113,22.60354741435292,0.2146076802651926,501.3769581064209,-100.07896942964024,1052.7502206733686,False
"workspace_sampling/contact_points.npy, 1000 rows, seed 0",8513,,False,1,0.0,0.25534115570992566,34.504045741355185,34.40311814653348,0.10092759482170521,613.1102228907093,-83.73649675994447,881.987018117513,False
"workspace_sampling/contact_points.npy, 1000 rows, seed 0",901,,False,1,3.552713678800501e-15,0.14260956815880793,22.918133339115027,22.59080952799128,0.32732381112374753,430.58925838090727,-110.75338035025334,1053.616590635591,False
"workspace_sampling/contact_points.npy, 1000 rows, seed 0",8611,,False,1,0.0,0.5114237007874697,55.399422487514684,41.74562819124926,13.653794296265424,398.2693123740977,-80.5339066919305,1006.7527536507673,False
"workspace_sampling/contact_points.npy, 1000 rows, seed 0",2937,,False,1,8.881784197001252e-16,-0.019155140624473172,4.798149455010972,4.365691466720251,0.4324579882907207,498.4994339659597,-97.41340254494833,1061.884833827732,False
"workspace_sampling/contact_points.npy, 1000 rows, seed 0",8573,,False,1,3.019806626980426e-14,0.05364476485585411,13.104454462891644,12.812833506097306,0.29162095679433797,471.93358085459215,-106.83933640786405,1060.49189450137,False
"workspace_sampling/contact_points.npy, 1000 rows, seed 0",5729,,False,1,4.085620730620576e-14,0.055071507738728716,13.265250743283815,13.202798772765673,0.062451970518141664,482.1348561489108,-103.27907310402378,1060.893920502034,False
"workspace_sampling/contact_points.npy, 1000 rows, seed 0",5883,,False,1,0.0,0.13738860211624068,22.356006105311195,22.05123288824147,0.3047732170697266,484.55050474024154,-116.57564300304738,1057.5401706844427,False
"workspace_sampling/contact_points.npy, 1000 rows, seed 0",3352,,False,1,8.881784197001252e-16,-0.016563917005031032,5.096523906748683,4.965528232778009,0.13099567397067347,499.7379158418152,-120.74414297437201,1062.6883113786125,False
"workspace_sampling/contact_points.npy, 1000 rows, seed 0",4053,,False,1,8.881784197001252e-16,-0.01921921069329388,4.790770034474103,4.685857234871735,0.10491279960236799,494.48632410663697,-100.88348665046004,1061.7778578160267,False
"workspace_sampling/contact_points.npy, 1000 rows, seed 0",7350,,False,1,0.0,0.12994097662558973,21.550798796994222,21.367290409310876,0.18350838768334654,476.2639347235616,-108.55168244105545,1057.1069591686783,False
"workspace_sampling/contact_points.npy, 1000 rows, seed 0",288,,False,1,2.2737367544323206e-13,0.21835116955513925,30.829359705566162,30.604721710033555,0.224637995532607,517.2562583752601,-112.65945731896252,1045.4678529831563,False
"workspace_sampling/contact_points.npy, 1000 rows, seed 0",2722,,False,1,8.881784197001252e-16,-0.013501658755692536,5.4489409607747366,4.91858521090404,0.5303557498706963,491.31547493833403,-91.28151576550867,1062.5392846129403,False
"workspace_sampling/contact_points.npy, 1000 rows, seed 0",955,,False,1,3.552713678800501e-15,0.1416090546941083,22.81056277822736,22.098525114348345,0.7120376638790162,512.3148147291375,-94.90594748870208,1053.0197325131728,False
"workspace_sampling/contact_points.npy, 1000 rows, seed 0",5477,,False,1,0.0,0.057179888639245204,13.502698252479249,13.357561421129539,0.1451368313497099,480.2050417897417,-101.14304793239202,1060.847292026889,False
"workspace_sampling/contact_points.npy, 1000 rows, seed 0",4136,,False,1,1.7763568394002505e-15,0.06362485900289451,14.227245803256103,13.906166725225694,0.3210790780304098,480.1829902962385,-96.16156332625766,1060.7684673926365,False
"workspace_sampling/contact_points.npy, 1000 rows, seed 0",149,,False,1,3.552713678800501e-15,0.06547807625833708,14.435217323676905,14.265477574275236,0.16973974940166947,502.79174784802325,-88.09587876487963,1061.2176634550071,False
"workspace_sampling/contact_points.npy, 1000 rows, seed 0",6004,,False,1,3.552713678800501e-15,0.1437198396914326,23.03741947868527,22.62886207856321,0.40855740012206,491.4615869348397,-106.02887075736155,1052.3399851779252,False
"workspace_sampling/contact_points.npy, 1000 rows, seed 0",1791,,False,1,0.0,0.22329631919254142,31.32839297684271,30.67160479665548,0.6567881801872311,509.50233715864323,-98.13685466347434,1044.8881750435821,False
"workspace_sampling/contact_points.npy, 1000 rows, seed 0",1601,,False,1,0.0,0.2855882052177279,37.403600377889326,37.31618059100765,0.08741978688167507,349.38220644518424,-85.84707203640923,997.5489679700694,False
"workspace_sampling/contact_points.npy, 1000 rows, seed 0",4713,,False,1,0.0,0.1411710266497718,22.76344523583846,22.729662731763884,0.03378250407457628,467.97170479504257,-98.45042972031418,1057.3872761378536,False
"workspace_sampling/contact_points.npy, 1000 rows, seed 0",4513,,False,1,0.0,-0.019688333317259294,4.73673502186157,4.258311019849293,0.47842400201227697,496.93166640193533,-115.36145831536439,1062.6612793445106,False
"workspace_sampling/contact_points.npy, 1000 rows, seed 0",8588,,False,1,1.7763568394002505e-15,0.057457878048881195,13.533990328667542,13.22289016844864,0.31110016021890274,478.62241333854973,-106.74358894597833,1058.1601513144008,False
"workspace_sampling/contact_points.npy, 1000 rows, seed 0",5768,,False,1,2.1316282072803006e-14,0.6065356646559741,60.7154578103949,20.024186501331034,40.691271309063865,360.7900261730336,-51.71502803022709,911.1221752531173,False
"workspace_sampling/contact_points.npy, 1000 rows, seed 0",5862,,False,1,8.881784197001252e-16,-0.013221506249643319,5.481171132618954,4.736822686780668,0.7443484458382859,498.89949368731294,-126.14864407018248,1061.7910340678704,False
"workspace_sampling/contact_points.npy, 1000 rows, seed 0",8242,,False,1,0.0,0.5088096853956876,55.232910840961225,44.18419738343507,11.048713457526155,416.75166419963176,-69.26488648400912,1010.0438757202944,False
"workspace_sampling/contact_points.npy, 1000 rows, seed 0",1342,,False,1,3.552713678800501e-15,0.13940925547566985,22.57379644843288,22.260700521980052,0.3130959264528279,500.83342321708835,-83.82265069166463,1052.83050010777,False
"workspace_sampling/contact_points.npy, 1000 rows, seed 0",7668,,False,1,2.6290081223123707e-13,0.21977155478324553,30.972933442952524,30.885282638880515,0.08765080407200898,488.7762400381047,-108.73335201864808,1044.5779576810269,False
"workspace_sampling/contact_points.npy, 1000 rows, seed 0",3112,,False,1,3.055333763768431e-13,0.22176726512520126,31.174338686098935,30.852190746931196,0.32214793916773843,470.15313087575214,-98.53044582711333,1052.9248144328644,False
"workspace_sampling/contact_points.npy, 1000 rows, seed 0",8337,,False,1,3.552713678800501e-15,0.12435263350712916,20.94409586150768,20.939059081171497,0.0050367803361837105,482.5577196449467,-107.41238808489591,1058.0786316617025,False
"workspace_sampling/contact_points.npy, 1000 rows, seed 0",984,,False,1,1.7763568394002505e-15,-0.021469148049490638,4.531572245105696,4.439091958894116,0.09248028621158078,506.7056115755208,-90.61688102913766,1062.086359237798,False
"workspace_sampling/contact_points.npy, 1000 rows, seed 0",5097,,False,1,0.0,-0.01651003314977615,5.102726938377449,4.708572449881218,0.39415448849623136,496.6641278384182,-112.88261424584704,1061.7751350932156,False
"workspace_sampling/contact_points.npy, 1000 rows, seed 0",8084,,False,1,1.7763568394002505e-14,0.05112543714096137,12.8202978274774,12.438205120256221,0.3820927072211795,478.5667852263998,-107.2331259080545,1058.0154788094496,False
"workspace_sampling/contact_points.npy, 1000 rows, seed 0",472,,False,1,0.0,-0.013443549097996508,5.455626344431499,5.1094205848854095,0.34620575954608945,501.32379910912243,-84.0104398267361,1062.7610465764365,False
"workspace_sampling/contact_points.npy, 1000 rows, seed 0",4384,,False,1,7.105427357601002e-15,0.1422186349236198,22.87611064897864,22.09378699826111,0.7823236507175295,492.5059323681716,-98.20528817685249,1052.4516216075294,False
"workspace_sampling/contact_points.npy, 1000 rows, seed 0",566,,False,1,0.0,0.27487578492123943,36.388024334366925,36.15427487430264,0.23374946006428843,402.6970549143904,-7.10340185419507,1000.7929346809555,False
"workspace_sampling/contact_points.npy, 1000 rows, seed 0",3108,,False,1,0.0,-0.018444691200092313,4.879971128283799,4.637546236619381,0.2424248916644176,503.0677450082517,-115.09619559065368,1061.9582909850164,False
"workspace_sampling/contact_points.npy, 1000 rows, seed 0",3283,,False,1,2.7355895326763857e-13,0.22027582964860495,31.023860077298497,30.850980772496992,0.17287930480150493,452.3955616984889,-92.39516509034415,1052.3949879723373,False
"workspace_sampling/contact_points.npy, 1000 rows, seed 0",1799,,False,1,0.0,0.2860301976373643,37.44522927166644,37.199923668548784,0.24530560311765726,362.4824236762913,-58.411045558359305,998.4099261206773,False
"workspace_sampling/contact_points.npy, 1000 rows, seed 0",6663,,False,1,7.105427357601002e-15,0.3093374881497826,39.60891726640572,39.526159208044234,0.08275805836148464,463.938319284256,-101.82001158822712,1048.3813360773968,False
"workspace_sampling/contact_points.npy, 1000 rows, seed 0",3290,,False,1,0.0,0.06382273094051426,14.249459322732555,14.035910422918942,0.21354889981361325,483.91634390702177,-93.33903232875156,1060.8377210830706,False
"workspace_sampling/contact_points.npy, 1000 rows, seed 0",8613,,False,1,8.526512829121202e-14,0.20768907084513347,29.74560819926679,29.388270109230056,0.357338090036734,479.1245051105839,-106.75288357604742,1044.7562567307684,False
"workspace_sampling/contact_points.npy, 1000 rows, seed 0",5659,,False,1,4.831690603168681e-13,0.573097159492392,59.01379580502423,32.35908860272437,26.65470720229986,430.28669845837953,-49.98084403859632,1007.6089713395332,False
"workspace_sampling/contact_points.npy, 1000 rows, seed 0",812,,False,1,1.7763568394002505e-15,0.06685474468634209,14.589600886719124,14.008615721017847,0.5809851657012768,432.9194629476165,-134.36214614447175,1058.669400768649,False
"workspace_sampling/contact_points.npy, 1000 rows, seed 0",3991,,False,1,8.881784197001252e-16,-0.018702669080645908,4.850261378983999,4.3551597885947,0.49510159038929835,496.549739409505,-108.24274403265913,1062.6512748482255,False
"workspace_sampling/contact_points.npy, 1000 rows, seed 0",7971,,False,1,3.552713678800501e-15,0.12713783856453933,21.246739265124628,21.210297987593023,0.036441277531604754,466.22431791143686,-105.08819700541366,1056.5429112107888,False
"workspace_sampling/contact_points.npy, 1000 rows, seed 0",821,,False,1,1.7763568394002505e-15,0.06326845957344793,14.187230877299896,13.550607371370656,0.63662350592924,433.4262458770098,-135.37482905077474,1058.7709866176633,False
"workspace_sampling/contact_points.npy, 1000 rows, seed 0",6680,,False,1,2.842170943040401e-14,0.05336597462019129,13.073023561313512,13.037941953668238,0.03508160764527446,482.3224863563381,-104.37615558193693,1058.0319730916565,False
"workspace_sampling/contact_points.npy, 1000 rows, seed 0",6393,,False,1,1.4210854715202004e-14,0.33091232269723997,41.55490811404893,41.463694329829075,0.09121378421985327,459.50997995902276,-100.87136187860453,1046.8867670327081,False
"workspace_sampling/contact_points.npy, 1000 rows, seed 0",1011,,False,1,8.881784197001252e-16,-0.020289933006323858,4.667433938178967,4.246037569549866,0.4213963686291011,503.9845760481058,-87.40463299372382,1062.018563396384,False
"workspace_sampling/contact_points.npy, 1000 rows, seed 0",294,,False,1,3.552713678800501e-15,0.14799740635106473,23.496151554105328,23.44550076928797,0.050650784817356964,500.68808938861963,-109.92718729664317,1057.6081096111777,False
"workspace_sampling/contact_points.npy, 1000 rows, seed 0",3143,,False,1,0.0,0.06212585734402579,14.058903367879688,13.684433893938671,0.3744694739410175,503.91268449935666,-109.35466345776643,1058.5539219993361,False
"workspace_sampling/contact_points.npy, 1000 rows, seed 0",29,,False,1,0.0,0.05920394763127967,13.730455568950177,13.290007832686689,0.4404477362634882,517.4587557382935,-108.07801954654745,1058.9809206781924,False
"workspace_sampling/contact_points.npy, 1000 rows, seed 0",6943,,False,1,8.881784197001252e-16,-0.017496702088868214,4.989132675221,4.541939175403983,0.4471934998170166,476.4392370071939,-104.57679821126281,1062.3193721215314,False
"workspace_sampling/contact_points.npy, 1000 rows, seed 0",8029,,False,1,0.0,0.1352227708289673,22.122246090629172,21.787961612549218,0.33428447807995454,481.16560240319546,-106.03656633900657,1052.4288902906444,False
"workspace_sampling/contact_points.npy, 1000 rows, seed 0",6635,,False,1,1.7763568394002505e-15,0.058610322948184634,13.663677760760221,13.184834643152906,0.47884311760731535,483.6981989871524,-103.87168542166222,1058.0360671624858,False
"workspace_sampling/contact_points.npy, 1000 rows, seed 0",4698,,False,1,2.4513724383723456e-13,0.2190680332956772,30.90184471770523,30.58072984303561,0.32111487466962174,490.3857704439745,-98.1069398443947,1044.4996854590406,False
"workspace_sampling/contact_points.npy, 1000 rows, seed 0",5107,,False,1,1.7763568394002505e-15,-0.0215575448432396,4.521386542567447,4.239374212415049,0.2820123301523978,493.50677235848815,-110.46332361185975,1062.6046838011735,False
"workspace_sampling/contact_points.npy, 1000 rows, seed 0",6467,,False,1,1.7763568394002505e-15,0.055934331432569775,13.36244733821889,13.148140581362261,0.21430675685662948,490.5924973412712,-116.89613337502303,1060.9941131047965,False
"workspace_sampling/contact_points.npy, 1000 rows, seed 0",1869,,False,1,3.552713678800501e-15,0.14497725221276275,23.17240565290668,22.86475227521284,0.30765337769383905,483.15056720096277,-89.82904985912245,1057.5573861468717,False
"workspace_sampling/contact_points.npy, 1000 rows, seed 0",5530,,False,1,8.881784197001252e-16,-0.017713251849263294,4.964198589334923,4.490725578651779,0.4734730106831435,480.94647551120784,-100.67304154129376,1062.385116677064,False
"workspace_sampling/contact_points.npy, 1000 rows, seed 0",2505,,False,1,8.881784197001252e-16,-0.020702079796730322,4.619952347633537,4.178909294405588,0.4410430532279488,489.80795791671414,-88.55510883033395,1061.741400080019,False
"workspace_sampling/contact_points.npy, 1000 rows, seed 0",1887,,False,1,0.0,0.14517314132616624,23.193424386146745,22.983747924879232,0.20967646126751305,481.3401527200919,-89.46530108617341,1057.5351279748845,False
"workspace_sampling/contact_points.npy, 1000 rows, seed 0",7940,,False,1,1.7763568394002505e-15,0.06478036669901915,14.356938677411714,14.019042822786421,0.3378958546252928,488.34401144135285,-109.77580664694113,1058.2162958610031,False
"workspace_sampling/contact_points.npy, 1000 rows, seed 0",909,,False,1,3.552713678800501e-15,0.22686314653504797,31.686885058497484,30.866043003802144,0.8208420546953406,431.15714784014153,-111.54478559806918,1045.8787838513852,False
"workspace_sampling/contact_points.npy, 1000 rows, seed 0",5438,,False,1,1.7763568394002505e-15,0.06296193489505808,14.152810759354187,13.755966817535954,0.3968439418182328,492.5717329148143,-105.61524588076142,1058.2166224543832,False
"workspace_sampling/contact_points.npy, 1000 rows, seed 0",4712,,False,1,0.0,0.06404508801149869,14.274419331234537,13.869234089648293,0.4051852415862438,477.2518012417556,-98.28229565499294,1060.734439281876,False
"workspace_sampling/contact_points.npy, 1000 rows, seed 0",2167,,False,1,3.552713678800501e-15,0.22321959268955563,31.32066799594466,31.040956204157837,0.2797117917868235,458.13376816922073,-91.36924896770054,1052.7591898543226,False
"workspace_sampling/contact_points.npy, 1000 rows, seed 0",2731,,False,1,0.0,-0.014649060217597477,5.316918793820728,5.173662755183305,0.1432560386374222,490.48658631558635,-90.92719873850066,1062.5378935845388,False
"workspace_sampling/contact_points.npy, 1000 rows, seed 0",1579,,False,1,8.881784197001252e-16,-0.013368266395667221,5.464287329094025,5.1824582490136395,0.2818290800803851,497.94765287094896,-88.69471183040109,1062.6757083443738,False
"workspace_sampling/contact_points.npy, 1000 rows, seed 0",3961,,False,1,0.0,0.14516571512534834,23.19262761252364,22.61486294856162,0.5777646639620215,503.1738816929132,-115.09470213935278,1052.619144919565,False
"workspace_sampling/contact_points.npy, 1000 rows, seed 0",8144,,False,1,7.105427357601002e-15,0.6065971489562677,60.71841631142426,24.393226380881284,36.325189930542976,386.5421804397831,-52.2203587646207,907.7856821723043,False
"workspace_sampling/contact_points.npy, 1000 rows, seed 0",6583,,False,1,8.881784197001252e-16,-0.02460869832836108,4.169712179226642,4.164531776910956,0.005180402315685839,483.07016268476,-104.85157757374607,1062.4280363938462,False
"workspace_sampling/contact_points.npy, 1000 rows, seed 0",7537,,False,1,8.881784197001252e-16,-0.024122507948899804,4.225762927090402,3.802509676326296,0.42325325076410625,498.3031806482023,-127.1806676079907,1062.690778367276,False
"workspace_sampling/contact_points.npy, 1000 rows, seed 0",6287,,False,1,4.263256414560601e-14,0.05518421690854171,13.277949302051763,12.964881134405044,0.3130681676467191,480.5607570934503,-104.33667478352893,1060.8023088038747,False
"workspace_sampling/contact_points.npy, 1000 rows, seed 0",7035,,False,1,3.552713678800501e-15,0.13315674385436435,21.89895019170063,21.50193690843081,0.3970132832698212,481.31301453646626,-112.97229511983954,1057.3734622925056,False
"workspace_sampling/contact_points.npy, 1000 rows, seed 0",2571,,False,1,0.0,0.1436929997629815,23.0345368903641,22.940351611894037,0.0941852784700643,490.6116899661415,-104.7963654845541,1057.620046304861,False
"workspace_sampling/contact_points.npy, 1000 rows, seed 0",5276,,False,1,1.7763568394002505e-15,0.056777819733753634,13.457432744764926,13.076770615013217,0.380662129751709,485.48575482877544,-100.06223796978566,1058.1642014353301,False
"workspace_sampling/contact_points.npy, 1000 rows, seed 0",3694,,False,1,0.0,-0.018259754406690483,4.901268277746664,4.457959130460577,0.4433091472860866,498.3558149925204,-110.5522445278873,1062.6849908416752,False
"workspace_sampling/contact_points.npy, 1000 rows, seed 0",5629,,False,1,0.0,-0.021847983768486807,4.487918966712458,4.1139103597490685,0.37400860696338967,495.2590443656434,-117.38281190558817,1062.6347654469942,False
"workspace_sampling/contact_points.npy, 1000 rows, seed 0",341,,False,1,0.0,0.4578226386207162,51.77563224957612,31.025044367481147,20.750587882094973,407.84802731008233,-121.76457219520475,1007.5731011672906,False
"workspace_sampling/contact_points.npy, 1000 rows, seed 0",1335,,False,1,8.881784197001252e-16,-0.020596473299481447,4.632119145372633,4.059647750839943,0.5724713945326902,498.23465662985615,-84.83308061709135,1061.9060220363249,False
"workspace_sampling/contact_points.npy, 1000 rows, seed 0",8509,,False,1,0.0,-0.026532043966205097,3.9479321994347685,3.7650022701347288,0.1829299293000397,483.465212271158,-109.15026408654106,1062.390161267206,False
"workspace_sampling/contact_points.npy, 1000 rows, seed 0",5281,,False,1,2.0250467969162855e-13,0.21699866125501308,30.69247024304203,30.60587086946962,0.08659937357241176,438.251179101663,-99.39879718858924,1051.4172452947887,False
"workspace_sampling/contact_points.npy, 1000 rows, seed 0",2662,,False,1,2.8066438062523957e-13,0.2206668713892177,31.06333472499851,30.74987343287871,0.313461292119797,461.68643005310474,-89.98936764326302,1052.5735506509611,False
"workspace_sampling/contact_points.npy, 1000 rows, seed 0",2963,,False,1,1.7763568394002505e-15,0.06057707549461886,13.884857402699208,13.458406170756666,0.42645123194254175,498.4048045734641,-95.01564973550595,1058.4755752258557,False
"workspace_sampling/contact_points.npy, 1000 rows, seed 0",1269,,False,1,2.4158453015843406e-13,0.21898085434920192,30.893032290224177,30.88722079526708,0.005811494957097096,508.96556027309356,-90.7015078794074,1045.081090325666,False
"workspace_sampling/contact_points.npy, 1000 rows, seed 0",5228,,False,1,2.1316282072803006e-14,0.606540806592773,60.71570525417243,16.930198824091136,43.78550643008129,355.65661789031225,-54.68129170499801,916.007210132311,False
"workspace_sampling/contact_points.npy, 1000 rows, seed 0",5156,,False,1,7.105427357601002e-15,0.6065857725279055,60.717868947977855,18.777759270571426,41.940109677406426,372.1180927957561,-39.14525210323738,915.9609845294411,False
"workspace_sampling/contact_points.npy, 1000 rows, seed 0",1832,,False,1,3.552713678800501e-15,0.06560496087528758,14.449450425142384,13.960639428048998,0.4888109970933865,495.0591929625012,-92.07082032694188,1061.0036074886348,False
"workspace_sampling/contact_points.npy, 1000 rows, seed 0",3908,,False,1,1.7763568394002505e-15,0.06375374103713852,14.241714586472451,13.774611139609558,0.4671034468628932,502.31678149003943,-124.02123763810725,1058.470128003196,False
"workspace_sampling/contact_points.npy, 1000 rows, seed 0",7219,,False,1,0.0,0.13297514707061803,21.879308955736313,21.812001402500343,0.06730755323597037,482.6923989500993,-105.05444835680106,1052.3142116721576,False
"workspace_sampling/contact_points.npy, 1000 rows, seed 0",1411,,False,1,0.0,0.241806917677931,33.175342845684206,33.1203502166139,0.054992629070305554,439.19050298270093,-30.82451944937442,1038.020271269168,False
"workspace_sampling/contact_points.npy, 1000 rows, seed 0",2578,,False,1,1.7763568394002505e-15,-0.015086383797964844,5.266591444304452,4.8075328294820405,0.4590586148224114,502.26998588798983,-107.93555035947429,1062.7403492725402,False
"workspace_sampling/contact_points.npy, 1000 rows, seed 0",5918,,False,1,0.0,0.05702226845264043,13.484954032188586,13.195319849757912,0.2896341824306745,490.1948511328758,-114.44863267835913,1060.9845264496619,False
"workspace_sampling/contact_points.npy, 1000 rows, seed 0",4873,,False,1,8.881784197001252e-16,-0.02154716436794145,4.522582662701602,4.203762450360128,0.31882021234147384,490.5046805590657,-104.13832341894266,1062.5545629578376,False
"workspace_sampling/contact_points.npy, 1000 rows, seed 0",2312,,False,1,7.105427357601002e-15,0.28516949816630993,37.36414445593258,37.27139013899014,0.09275431694243963,370.6929562855942,-45.09962627911446,998.5939390708925,False
"workspace_sampling/contact_points.npy, 1000 rows, seed 0",4965,,False,1,3.552713678800501e-15,0.1396768366042155,22.60261502984592,22.346350889672127,0.2562641401737942,468.7605540325882,-98.20472281547319,1057.3412946941667,False
"workspace_sampling/contact_points.npy, 1000 rows, seed 0",6893,,False,1,0.0,0.6247409214832157,61.56389260631157,25.47014110267981,36.09375150363176,364.01399491260594,-55.672973772839164,899.669655856499,False
"workspace_sampling/contact_points.npy, 1000 rows, seed 0",79,,False,1,1.6697754290362354e-13,0.2146326505820989,30.452589980801005,30.34077375443712,0.11181622636388511,405.36849746156304,-117.57123540805998,1035.0759382962278,False
"workspace_sampling/contact_points.npy, 1000 rows, seed 0",2614,,False,1,8.881784197001252e-16,-0.016502581893584466,5.1035847110645225,4.912634692086419,0.1909500189781035,500.3287661920772,-101.95335996895804,1062.7205382761429,False
"workspace_sampling/contact_points.npy, 1000 rows, seed 0",1461,,False,1,0.0,-0.00555985908377813,6.361860699880546,5.847089799795381,0.514770900085165,425.5343729319125,-108.69352080034565,1060.9753055710557,False
"workspace_sampling/contact_points.npy, 1000 rows, seed 0",473,,False,1,0.0,0.06585248382401307,14.477213688504943,14.119263692598848,0.357949995906095,496.74922202285,-84.829113546473,1061.097578495288,False
"workspace_sampling/contact_points.npy, 1000 rows, seed 0",3396,,False,1,8.881784197001252e-16,-0.017008896014848805,5.045296061030541,4.622632501906191,0.4226635591243504,502.2583594603921,-114.23415862460271,1061.9181049300155,False
"workspace_sampling/contact_points.npy, 1000 rows, seed 0",1842,,False,1,0.0,0.14504098635122908,23.1792445799709,22.844138731978983,0.33510584799191534,485.73164713061226,-91.02352088203162,1057.5554189608204,False
"workspace_sampling/contact_points.npy, 1000 rows, seed 0",2511,,False,1,7.105427357601002e-15,0.2284871602296519,31.849703875112176,31.096751390427173,0.7529524846850038,424.22097114966135,-107.01613822259122,1045.6042264469634,False
"workspace_sampling/contact_points.npy, 1000 rows, seed 0",1980,,False,1,3.552713678800501e-15,0.22749423352389847,31.750186301188826,30.90020138159031,0.8499849195985156,426.8438609050453,-106.86113115637849,1045.724295882621,False
"workspace_sampling/contact_points.npy, 1000 rows, seed 0",4302,,False,1,3.552713678800501e-15,0.22326319787623802,31.32505832416722,30.91386720945599,0.4111911147112295,499.363150161871,-105.72121258469028,1044.545189336495,False
"workspace_sampling/contact_points.npy, 1000 rows, seed 0",6388,,False,1,3.552713678800501e-13,0.5703436234107674,58.86548189455269,32.109812792808384,26.755669101744303,393.93967964433284,-67.41636471044544,1004.3770679794623,False
"workspace_sampling/contact_points.npy, 1000 rows, seed 0",7602,,False,1,0.0,0.13046797813911593,21.607903047516402,21.468212731743034,0.1396903157733682,479.8174730243144,-112.48738922728995,1057.2342171805155,False
"workspace_sampling/contact_points.npy, 1000 rows, seed 0",8584,,False,1,7.105427357601002e-15,0.51043691686642,55.33668986711366,43.91335121334197,11.423338653771694,403.2374905845187,-76.43250207572802,1007.3740297234224,False
"workspace_sampling/contact_points.npy, 1000 rows, seed 0",4372,,False,1,1.6342482922482304e-13,0.21478763660526784,30.46831940414581,30.370894561564583,0.0974248425812263,448.6853380867816,-91.99178637689315,1051.6988207037211,False
"workspace_sampling/contact_points.npy, 1000 rows, seed 0",6454,,False,1,7.105427357601002e-15,0.14559534333207078,23.238716721164497,22.920726260709493,0.3179904604550039,500.10318007264146,-121.94122804546622,1052.5497541594984,False
"workspace_sampling/contact_points.npy, 1000 rows, seed 0",7514,,False,1,7.105427357601002e-15,0.6279641423312327,61.70832425124535,22.708518031449238,38.99980621979611,353.8884351637277,-71.87822366913188,898.5359818162733,False
"workspace_sampling/contact_points.npy, 1000 rows, seed 0",576,,False,1,2.7711166694643907e-13,0.2205904209078901,31.05561838825403,30.323566696842093,0.7320516914119359,516.540447826214,-112.2553663993959,1045.3091502740044,False
"workspace_sampling/contact_points.npy, 1000 rows, seed 0",6502,,False,1,8.881784197001252e-16,-0.023280375136998616,4.322837425674698,3.9298477962460825,0.3929896294286155,491.47937380869354,-112.86514861196108,1062.5616916458387,False
"workspace_sampling/contact_points.npy, 1000 rows, seed 0",2954,,False,1,1.7763568394002505e-15,0.05974917514542954,13.79177451433653,13.622095486370313,0.16967902796621637,499.16590708690876,-95.88281020249562,1058.5127039733836,False
"workspace_sampling/contact_points.npy, 1000 rows, seed 0",8309,,False,1,1.7763568394002505e-15,0.05663631859243158,13.441500559939561,13.223443881692633,0.21805667824692776,479.74478829604936,-106.5071155963526,1058.1409581581381,False
"workspace_sampling/contact_points.npy, 1000 rows, seed 0",8558,,False,1,0.0,0.24638411618348116,33.62679689441015,33.607934882432644,0.018862011977503812,606.926549463042,-71.18654907958306,883.8506421003716,False
"workspace_sampling/contact_points.npy, 1000 rows, seed 0",6568,,False,1,4.263256414560601e-14,0.5496316234808697,57.71040024479209,38.444840328357884,19.265559916434206,414.4304239053689,-56.705911256660656,1006.9601285868547,False
"workspace_sampling/contact_points.npy, 1000 rows, seed 0",5344,,False,1,1.5987211554602254e-13,0.21491359539020963,30.481101222714937,30.09960498548396,0.3814962372309765,462.1113522734289,-100.45519526708291,1051.8306588702974,False
"workspace_sampling/contact_points.npy, 1000 rows, seed 0",5288,,False,1,0.0,0.06473319044639843,14.351644939394717,13.92154704613883,0.430097893255887,474.81448798796373,-100.7090948264129,1060.727545543511,False
"workspace_sampling/contact_points.npy, 1000 rows, seed 0",4429,,False,1,0.0,0.13845613223716446,22.471103092842135,22.084644481818287,0.3864586110238477,489.6156710221535,-96.93939927522246,1052.5389162667361,False
"workspace_sampling/contact_points.npy, 1000 rows, seed 0",7168,,False,1,0.0,-0.023837840141288997,4.258578818000723,4.257069616875231,0.0015092011254917992,479.50165846275513,-104.93677387705056,1062.3628555390505,False
"workspace_sampling/contact_points.npy, 1000 rows, seed 0",1230,,False,1,0.0,0.14495134073132213,23.16962516252453,23.011106665002085,0.15851849752244362,493.3207304871363,-94.7777710354265,1057.7133361589688,False
"workspace_sampling/contact_points.npy, 1000 rows, seed 0",2101,,False,1,8.881784197001252e-16,-0.016004930161742936,5.16087046423914,5.147856254069303,0.013014210169836282,499.21682590333904,-94.25746339645065,1062.7135034778655,False
"workspace_sampling/contact_points.npy, 1000 rows, seed 0",6189,,False,1,0.0,0.13495082340838804,22.092871172094213,21.792112071666335,0.3007591004278787,482.4101869558076,-112.63426250940907,1057.4778921538332,False
"workspace_sampling/contact_points.npy, 1000 rows, seed 0",7872,,False,1,0.0,0.1304162457511718,21.602298333660944,21.44952322543971,0.15277510822123475,481.4771713697491,-114.4632149190666,1057.323670187885,False
"workspace_sampling/contact_points.npy, 1000 rows, seed 0",4823,,False,1,7.105427357601002e-15,0.6066232284211779,60.719671012864964,16.358893526966884,44.36077748589808,383.1541656802341,-31.408885172793717,922.3509179726682,False
"workspace_sampling/contact_points.npy, 1000 rows, seed 0",5930,,False,1,0.0,0.606662356710893,60.72155329014609,19.66125637328957,41.060296916856515,384.64579783304623,-36.51294916109423,915.9800324720151,False
"workspace_sampling/contact_points.npy, 1000 rows, seed 0",7024,,False,1,8.881784197001252e-16,-0.025183936926523365,4.103389358127305,4.083140022819526,0.020249335307778615,494.60181446528406,-119.31818806972487,1062.6351468145315,False
"workspace_sampling/contact_points.npy, 1000 rows, seed 0",7832,,False,1,1.7763568394002505e-15,0.06655988333951952,14.556542136825305,14.319000121174984,0.2375420156503214,501.32701680332644,-126.10534152929046,1058.3962573888953,False
"workspace_sampling/contact_points.npy, 1000 rows, seed 0",3949,,False,1,2.2382096176443156e-13,0.21787617236393014,30.781304114769387,30.7791235809543,0.002180533815089092,466.82548675298546,-98.5959070954034,1052.6799890941843,False
"workspace_sampling/contact_points.npy, 1000 rows, seed 0",1359,,False,1,3.126388037344441e-13,0.22179620092452965,31.17725607677975,30.37356230802862,0.8036937687511276,499.1812459097438,-82.79940812057856,1044.7405419248316,False
"workspace_sampling/contact_points.npy, 1000 rows, seed 0",6929,,False,1,7.105427357601002e-15,0.626437091139862,61.64011499694801,22.79103979515824,38.849075201789766,356.67054832280087,-63.39650099768119,900.9367793706053,False
"workspace_sampling/contact_points.npy, 1000 rows, seed 0",5049,,False,1,3.552713678800501e-15,0.22635015715627504,31.635401262153085,31.00798856402447,0.6274126981286159,502.34103170133665,-122.27862487346374,1044.4756445393898,False
"workspace_sampling/contact_points.npy, 1000 rows, seed 0",5375,,False,1,1.7763568394002505e-15,0.0641234072276109,14.283210242685902,14.012551691325683,0.2706585513602189,497.98774178902636,-114.10618805986664,1058.3224245731374,False
"workspace_sampling/contact_points.npy, 1000 rows, seed 0",6276,,False,1,0.0,0.32931963517316604,41.41317535024468,41.123532753602966,0.28964259664171266,473.073599161985,-101.0501321532448,1047.264709211752,False
"workspace_sampling/contact_points.npy, 1000 rows, seed 0",5727,,False,1,8.881784197001252e-16,-0.016205014098095036,5.137839051384075,4.651967565311633,0.48587148607244224,489.55682086744457,-105.04755875658817,1061.6159592353006,False
"workspace_sampling/contact_points.npy, 1000 rows, seed 0",996,,False,1,3.552713678800501e-15,0.14591788876850303,23.273309425919816,22.8549912481772,0.41831817774261637,490.27778719154014,-89.6472866140432,1057.6832580358873,False
"workspace_sampling/contact_points.npy, 1000 rows, seed 0",3240,,False,1,3.552713678800501e-15,0.2249041766586261,31.49014566611245,30.44195348711026,1.0481921790021893,499.3201834834828,-96.23902631764426,1044.5288188132408,False
"workspace_sampling/contact_points.npy, 1000 rows, seed 0",5291,,False,1,0.0,0.6064226229631451,60.710016829570165,13.403664298092155,47.30635253147801,343.46411457395106,-72.30957676794323,919.103421940231,False
"workspace_sampling/contact_points.npy, 1000 rows, seed 0",2507,,False,1,3.552713678800501e-15,0.06714649867258203,14.622307023682293,14.382872276920102,0.2394347467621909,482.7430669545627,-90.53538695941029,1060.781512098158,False
"workspace_sampling/contact_points.npy, 1000 rows, seed 0",3491,,False,1,0.0,0.6066289640874969,60.719946944629754,13.961642669935019,46.75830427469474,368.4140357510907,-39.21361371410387,928.2901285365606,False
"workspace_sampling/contact_points.npy, 1000 rows, seed 0",4864,,False,1,8.881784197001252e-16,-0.020281410096651614,4.668415786260972,4.177246003922029,0.49116978233894315,491.31728430288604,-105.14694838869696,1062.5563583832543,False
"workspace_sampling/contact_points.npy, 1000 rows, seed 0",6791,,False,1,3.552713678800501e-14,0.054412069699492215,13.190942487611219,12.886838309881039,0.3041041777301796,486.09795997811966,-110.66396885080799,1060.8941731520497,False
"workspace_sampling/contact_points.npy, 1000 rows, seed 0",899,,False,1,7.105427357601002e-15,0.30961922151942806,39.63468677286435,38.717252121580906,0.9174346512834433,359.08611962765656,-16.714354206199914,952.7403959489073,False
"workspace_sampling/contact_points.npy, 1000 rows, seed 0",7506,,False,1,9.947598300641403e-14,0.209657518178573,29.946482918516118,29.661120411003385,0.2853625075127333,482.3686135774406,-105.50801644976971,1044.4691932912822,False
"workspace_sampling/contact_points.npy, 1000 rows, seed 0",5564,,False,1,0.0,0.056015500699401845,13.371589252269684,13.106435048129832,0.26515420413985247,484.791724932134,-101.18244555423783,1058.1281451948062,False
"workspace_sampling/contact_points.npy, 1000 rows, seed 0",3369,,False,1,8.881784197001252e-16,-0.017693685173318856,4.966451588674655,4.550498812917668,0.4159527757569874,502.21823446001093,-119.05643712894224,1061.9274996633185,False
"workspace_sampling/contact_points.npy, 1000 rows, seed 0",1138,,False,1,8.881784197001252e-16,-0.00021941350995422108,6.974832596987862,6.9109374540238875,0.06389514296397447,470.3225408426215,-36.89539982400514,1061.2617205728573,False
"workspace_sampling/contact_points.npy, 1000 rows, seed 0",4534,,False,1,1.7763568394002505e-13,0.21577203705192952,30.56817315767312,30.2583253804143,0.3098477772588204,461.78035899375345,-95.66839729375674,1052.013528283208,False
"workspace_sampling/contact_points.npy, 1000 rows, seed 0",6520,,False,1,8.881784197001252e-16,-0.023206120725221466,4.331396203125338,3.8957179508852153,0.43567825224012235,489.6387038545166,-110.43712392811807,1062.5247251174285,False
"workspace_sampling/contact_points.npy, 1000 rows, seed 0",1169,,False,1,0.0,0.305045412557496,39.21517964004248,38.948632301104595,0.2665473389378832,362.1330505662971,-11.438446987500441,952.4519833898929,False
"workspace_sampling/contact_points.npy, 1000 rows, seed 0",5099,,False,1,1.7763568394002505e-15,0.05739146410856718,13.526514722089996,13.355628201809163,0.17088652028083295,490.0202664002762,-110.09702104853453,1061.0079282752672,False
"workspace_sampling/contact_points.npy, 1000 rows, seed 0",4929,,False,1,3.552713678800501e-15,0.1390430202740152,22.534344472701672,22.007026098126257,0.5273183745754153,471.52596856897173,-97.8736664600896,1057.263367971881,False
"workspace_sampling/contact_points.npy, 1000 rows, seed 0",6282,,False,1,2.948752353404416e-13,0.22124673776132248,31.1218440091832,30.77645698675617,0.3453870224270297,491.35680580537297,-106.520524782336,1044.4050022667939,False
"workspace_sampling/contact_points.npy, 1000 rows, seed 0",3898,,False,1,0.0,0.135411787194269,22.142659986216508,22.1389094734852,0.00375051273130822,489.3713155509093,-94.59769796432148,1052.7382777706325,False
"workspace_sampling/contact_points.npy, 1000 rows, seed 0",4430,,False,1,0.0,0.057348486430264564,13.521677010916669,13.315084697860783,0.20659231305588577,488.3811274783378,-96.97991422846971,1058.2828543597936,False
"workspace_sampling/contact_points.npy, 1000 rows, seed 0",361,,False,1,3.552713678800501e-15,0.14188183196654758,22.839897713895493,22.727520535703896,0.11237717819159698,433.7460608607592,-114.41094512056016,1053.699258755122,False
"workspace_sampling/contact_points.npy, 1000 rows, seed 0",237,,False,1,0.0,-0.019844455667751244,4.718751305459047,4.006735366513124,0.7120159389459229,499.6161630836523,-79.62961757050796,1061.9319146122018,False
"workspace_sampling/contact_points.npy, 1000 rows, seed 0",7455,,False,1,8.881784197001252e-16,-0.019543869854229796,4.753375283632821,4.675424240691454,0.07795104294136745,481.06174465572263,-105.50120017401167,1061.4933904667248,False
"workspace_sampling/contact_points.npy, 1000 rows, seed 0",7334,,False,1,0.0,0.6066817957715883,60.72248831683756,25.05436495056628,35.66812336627128,384.03418653479565,-46.334772867467706,906.2262684650304,False
"workspace_sampling/contact_points.npy, 1000 rows, seed 0",813,,False,1,8.881784197001252e-16,-0.014419420576440216,5.343344026087365,5.191190925433712,0.15215310065365362,431.33816431541004,-134.81396919553404,1061.2011597404614,False
"workspace_sampling/contact_points.npy, 1000 rows, seed 0",4293,,False,1,3.197442310920451e-13,0.22190504329752345,31.188229164567506,31.133717922318663,0.05451124224884296,500.0011997550874,-106.9616102641691,1044.634271642978,False
"workspace_sampling/contact_points.npy, 1000 rows, seed 0",1950,,False,1,3.552713678800501e-15,0.13439691019267214,22.03302310136567,21.65590552103942,0.377117580326253,409.20902252818786,-140.67887319802097,1049.021421973399,False
"workspace_sampling/contact_points.npy, 1000 rows, seed 0",614,,False,1,1.5987211554602254e-14,0.05073788312936809,12.776560201893503,12.351468185489754,0.42509201640374883,467.57489970575716,-35.406102241653656,1059.1453538381716,False
"workspace_sampling/contact_points.npy, 1000 rows, seed 0",5575,,False,1,8.881784197001252e-16,-0.014342222421902013,5.352227143172071,5.042656498067145,0.3095706451049258,478.8485562054529,-101.6307274255135,1062.3464987360062,False
"workspace_sampling/contact_points.npy, 1000 rows, seed 0",2566,,False,1,0.0,0.14333827484224307,22.996434764418854,22.565164134809457,0.4312706296093971,507.86421385607747,-111.69753288804262,1052.863159867392,False
"workspace_sampling/contact_points.npy, 1000 rows, seed 0",4161,,False,1,8.881784197001252e-16,-0.022718236082278045,4.387628384081237,4.151216686677359,0.23641169740387813,486.29683011931684,-95.90455873212149,1061.6679600105942,False
"workspace_sampling/contact_points.npy, 1000 rows, seed 0",2539,,False,1,3.552713678800501e-15,0.14195280390892476,22.847529275415067,22.406054973611827,0.44147430180323965,507.4356996412033,-116.47014817710722,1052.9382985109382,False
"workspace_sampling/contact_points.npy, 1000 rows, seed 0",5974,,False,1,9.947598300641403e-14,0.5589307392972672,58.237591839505285,35.168243242771965,23.06934859673332,422.90251876205645,-52.180669785448046,1007.7867701265218,False
"workspace_sampling/contact_points.npy, 1000 rows, seed 0",4645,,False,1,3.552713678800501e-15,0.14219637256105463,22.87371726131529,22.29165450684095,0.5820627544743395,492.878027930134,-100.11132116940922,1052.4445392306448,False
"workspace_sampling/contact_points.npy, 1000 rows, seed 0",6508,,False,1,0.0,0.1437464769331186,23.040280246645708,22.840554432216695,0.19972581442901216,495.15779220265495,-112.84471754454178,1052.5038032658722,False
"workspace_sampling/contact_points.npy, 1000 rows, seed 0",8478,,False,1,3.552713678800501e-15,0.223922808774862,31.391448152943862,30.88356254033322,0.507885612610643,490.87746363050684,-111.75155040227236,1044.5304113286393,False
"workspace_sampling/contact_points.npy, 1000 rows, seed 0",4281,,False,1,3.552713678800501e-15,0.13824148479228784,22.447967153513556,22.25828245944452,0.18968469406903665,482.4421786955977,-102.65222333412606,1057.5531569418001,False
"workspace_sampling/contact_points.npy, 1000 rows, seed 0",7914,,False,1,0.0,0.2546534517055698,34.4369860329403,34.414729655438464,0.022256377501832958,486.61580250438203,-111.10155820404549,1052.1673854793034,False
"workspace_sampling/contact_points.npy, 1000 rows, seed 0",4677,,False,1,3.552713678800501e-15,0.1385257968915238,22.478611244276923,22.47230777658919,0.006303467687732933,470.49921956942467,-97.30140537795542,1057.410898156619,False
"workspace_sampling/contact_points.npy, 1000 rows, seed 0",7745,,False,1,4.085620730620576e-14,0.05540180113000853,13.3024621330415,13.039343088044422,0.2631190449970777,472.1575382012832,-105.50765028451782,1060.6331556005214,False
"workspace_sampling/contact_points.npy, 1000 rows, seed 0",1433,,False,1,3.019806626980426e-14,0.05355505445607788,13.094340866582337,13.05530730823677,0.03903355834556699,472.1783657466177,-36.57269712251133,1059.1649276368514,False
"workspace_sampling/contact_points.npy, 1000 rows, seed 0",6188,,False,1,1.7763568394002505e-15,0.05689592309357924,13.470729770383652,13.067706476180899,0.40302329420275385,490.60502530504345,-116.37502914046678,1060.9814653885023,False
"workspace_sampling/contact_points.npy, 1000 rows, seed 0",6731,,False,1,1.4210854715202004e-14,0.6066180833505,60.7194234888507,19.212968421529027,41.506455067321674,387.97167509867035,-41.748092280497396,917.8415487416376,False
"workspace_sampling/contact_points.npy, 1000 rows, seed 0",6804,,False,1,0.0,0.22495929390960553,31.495686142271033,30.829734195570516,0.6659519467005168,493.1938032563229,-110.73744912724446,1044.350633182943,False
"workspace_sampling/contact_points.npy, 1000 rows, seed 0",5971,,False,1,0.0,-0.024395513213930627,4.194289935890093,4.072415447149884,0.12187448874020923,489.5594689045982,-108.41718680432847,1062.5442348589197,False
"workspace_sampling/contact_points.npy, 1000 rows, seed 0",1855,,False,1,3.552713678800501e-15,0.1381282079634523,22.435756199028962,22.311112771736422,0.12464342729253985,503.06104405445944,-89.76074135704589,1052.9490773068837,False
"workspace_sampling/contact_points.npy, 1000 rows, seed 0",6601,,False,1,0.0,-0.022164776516748155,4.4514126045944895,4.016242604010572,0.4351700005839172,481.2497987198741,-104.05541342610402,1062.3805616986958,False
"workspace_sampling/contact_points.npy, 1000 rows, seed 0",8380,,False,1,3.552713678800501e-15,0.14790447083084898,23.486199368740632,23.391125409933302,0.09507395880732972,504.25313694373983,-128.48259165475162,1052.5696117083055,False
"workspace_sampling/contact_points.npy, 1000 rows, seed 0",6867,,False,1,2.2737367544323206e-13,0.21840643562676465,30.83494960783467,30.61482769718158,0.2201219106530914,487.40235192654274,-105.47600838352878,1044.4480766422523,False
"workspace_sampling/contact_points.npy, 1000 rows, seed 0",6372,,False,1,1.7763568394002505e-13,0.21569516333561203,30.560378647082004,29.985903644035645,0.5744750030463592,485.5977740455382,-103.08043547767792,1044.3451407624627,False
"workspace_sampling/contact_points.npy, 1000 rows, seed 0",3701,,False,1,1.7763568394002505e-15,0.06124856880393958,13.960331195663732,13.918887914636,0.04144328102773187,502.0077249955408,-110.72995917572268,1058.51486948185,False
"workspace_sampling/contact_points.npy, 1000 rows, seed 0",4968,,False,1,2.5934809855243657e-13,0.2197353382368513,30.969275013126815,30.534161735450414,0.4351132776764004,490.0435066833147,-99.22803286110461,1044.4158375166926,False
"workspace_sampling/contact_points.npy, 1000 rows, seed 0",956,,False,1,0.0,0.05930997985971123,13.742381566160159,13.3731016285719,0.3692799375882583,511.08650469724506,-94.79027428902705,1058.7896716263901,False
"workspace_sampling/contact_points.npy, 1000 rows, seed 0",2607,,False,1,0.0,0.14274688897306503,22.932891769108686,22.756303890792985,0.17658787831570066,488.6450705402818,-99.71435209360234,1057.613867627576,False
"workspace_sampling/contact_points.npy, 1000 rows, seed 0",1511,,False,1,7.105427357601002e-15,0.28565337576237354,37.40973981543667,37.40579627836308,0.003943537073595849,365.6068377844695,-59.919674516170275,1001.1432692936835,False
"workspace_sampling/contact_points.npy, 1000 rows, seed 0",6227,,False,1,0.0,0.6066596151752381,60.72142141611061,21.823382830413667,38.89803858569694,382.0063125117973,-39.342749429299985,911.6989559928082,False
"workspace_sampling/contact_points.npy, 1000 rows, seed 0",6195,,False,1,8.881784197001252e-16,-0.013890843206454994,5.404164125304661,4.725304122865595,0.6788600024390652,496.670692963861,-117.72811351117159,1061.7497248200425,False
"workspace_sampling/contact_points.npy, 1000 rows, seed 0",867,,False,1,0.0,-0.018099486876469468,4.91972392777748,4.490237844292687,0.4294860834847931,511.86635695679587,-110.4828150053458,1062.1683761823135,False
"workspace_sampling/contact_points.npy, 1000 rows, seed 0",3160,,False,1,3.552713678800501e-15,0.1431668930945975,22.978022824548617,22.641530349205144,0.3364924753434728,504.3785015461321,-106.75574799702467,1052.7604936528794,False
"workspace_sampling/contact_points.npy, 1000 rows, seed 0",330,,False,1,0.0,0.1606438854096788,24.844347604519903,24.452726339385816,0.3916212651340878,450.52180688311,-34.89372335520272,1050.606799785633,False
"workspace_sampling/contact_points.npy, 1000 rows, seed 0",5349,,False,1,8.881784197001252e-16,-0.015387059022368867,5.231987071661001,4.773069652469889,0.4589174191911116,497.832830820809,-117.92751454911155,1061.7882211387735,False
"workspace_sampling/contact_points.npy, 1000 rows, seed 0",4095,,False,1,3.552713678800501e-15,0.22289424133323008,31.28790470608369,30.683341446714284,0.6045632593694066,495.0659354742959,-97.85875940914089,1044.4662147663703,False
"workspace_sampling/contact_points.npy, 1000 rows, seed 0",5448,,False,1,1.7763568394002505e-15,-0.0180842967314698,4.9214731235238345,4.851625524057936,0.06984759946589847,490.16713472517483,-104.41527730347995,1061.651247369853,False
"workspace_sampling/contact_points.npy, 1000 rows, seed 0",64,,False,1,3.552713678800501e-15,0.13805676669042052,22.42805454087642,22.37976886810497,0.04828567277144913,518.8059270037801,-101.64120039408269,1053.3315271186057,False
"workspace_sampling/contact_points.npy, 1000 rows, seed 0",3106,,False,1,0.0,0.1453111453270645,23.208230406284613,22.487338395939688,0.7208920103449259,506.05281544598984,-116.5869108661677,1052.7232287652885,False
"workspace_sampling/contact_points.npy, 1000 rows, seed 0",2043,,False,1,0.0,0.2231311856396026,31.311766295940867,30.62858714590785,0.6831791500330162,509.41807588275555,-103.45652757200676,1044.9192396165186,False
"workspace_sampling/contact_points.npy, 1000 rows, seed 0",7356,,False,1,0.0,0.3045101419413559,39.1659250697642,39.140023615463605,0.02590145430059465,481.16336656139873,-108.22031755047689,1049.050538105714,False
"workspace_sampling/contact_points.npy, 1000 rows, seed 0",342,,False,1,2.7711166694643907e-13,0.22036914869808705,31.03328171034266,30.507977957874626,0.5253037524680337,518.0163405468551,-102.6385011771502,1045.2857632445202,False
"workspace_sampling/contact_points.npy, 1000 rows, seed 0",708,,False,1,3.552713678800501e-15,0.14522899007530318,23.199416393156362,22.99889823938682,0.20051815376954352,492.30434213761214,-89.76792935559772,1057.7573858516143,False
"workspace_sampling/contact_points.npy, 1000 rows, seed 0",3945,,False,1,8.881784197001252e-16,-0.01696927946115896,5.04985706525755,4.649241289699969,0.400615775557581,500.8369501419935,-117.0612062042438,1061.8779682129157,False
"workspace_sampling/contact_points.npy, 1000 rows, seed 0",8474,,False,1,1.4210854715202004e-14,0.05031930649518482,12.729314026475862,12.680764651954245,0.048549374521616784,484.78157700456535,-111.8983461859984,1060.8052576345585,False
"workspace_sampling/contact_points.npy, 1000 rows, seed 0",5952,,False,1,0.0,-0.016296118811332787,5.127351799667107,4.973633000015329,0.15371879965177815,493.73078579403153,-111.5548468958205,1061.714118039476,False
"workspace_sampling/contact_points.npy, 1000 rows, seed 0",3920,,False,1,0.0,0.06108584375640594,13.942043366435566,13.922942594842262,0.0191007715933047,494.8092500394809,-118.5460827744635,1061.0554718523085,False
"workspace_sampling/contact_points.npy, 1000 rows, seed 0",413,,False,1,7.105427357601002e-15,0.2707131888252004,35.989998922433564,35.81247294988421,0.1775259725493541,329.83677647124375,-104.24402208179964,934.6802489194275,False
"workspace_sampling/contact_points.npy, 1000 rows, seed 0",5035,,False,1,0.0,-0.01942918600835473,4.766585009750203,4.279585076826294,0.48699993292390964,496.9792172838593,-122.79853816353128,1062.644285413562,False
"workspace_sampling/contact_points.npy, 1000 rows, seed 0",6512,,False,1,4.263256414560601e-14,0.055460689726765,13.309096093646989,12.891415238054588,0.4176808555924012,486.4006407705593,-110.22008863545966,1060.8989051124936,False
"workspace_sampling/contact_points.npy, 1000 rows, seed 0",3295,,False,1,3.552713678800501e-15,0.1391451021924636,22.545342014418342,22.016267419347916,0.5290745950704263,493.92779950081166,-92.65112911877648,1052.698335968997,False
"workspace_sampling/contact_points.npy, 1000 rows, seed 0",2540,,False,1,0.0,0.06246594718724139,14.097105968928728,13.444227465300205,0.6528785036285232,506.41842847581626,-116.0374749024775,1058.6321368230958,False
"workspace_sampling/contact_points.npy, 1000 rows, seed 0",4784,,False,1,1.7763568394002505e-15,0.061245586537698835,13.959996045476748,13.36195730926515,0.5980387362115973,492.5136167183624,-115.27395456777037,1060.9745455143243,False
"workspace_sampling/contact_points.npy, 1000 rows, seed 0",198,,False,1,2.7355895326763857e-13,0.22028427702474895,31.02471297121524,30.75772765787673,0.2669853133385125,508.27167609838324,-81.21344316479563,1044.9471873359962,False
"workspace_sampling/contact_points.npy, 1000 rows, seed 0",4451,,False,1,1.7763568394002505e-15,0.06494453136426857,14.375359064314045,14.075282200218897,0.3000768640951481,477.30081955158164,-97.92799376452359,1060.735729604256,False
"workspace_sampling/contact_points.npy, 1000 rows, seed 0",6979,,False,1,0.0,-0.02438868205081842,4.195077474255131,4.028196023691454,0.1668814505636771,497.4089846542559,-126.59202307874014,1062.6769429106134,False
"workspace_sampling/contact_points.npy, 1000 rows, seed 0",1577,,False,1,0.0,0.05792846550021868,13.586954158358704,13.214517390074676,0.37243676828402883,502.70681201453095,-88.61318950993686,1058.6454734064819,False
"workspace_sampling/contact_points.npy, 1000 rows, seed 0",7862,,False,1,2.842170943040401e-14,0.05328690800678216,13.064108926783476,12.857946106140746,0.20616282064272973,491.4312209500608,-119.03825038638539,1061.0108164684862,False
"workspace_sampling/contact_points.npy, 1000 rows, seed 0",6452,,False,1,0.0,0.6066337303049611,60.7201762339281,18.475243661891106,42.244932572036994,388.2275631059455,-39.688445982994665,919.2450811756481,False
"workspace_sampling/contact_points.npy, 1000 rows, seed 0",3025,,False,1,3.552713678800501e-15,0.138057343882478,22.428116765971918,22.258476469489683,0.16964029648223544,494.43014867574,-91.14085796813355,1052.7578103722262,False
"workspace_sampling/contact_points.npy, 1000 rows, seed 0",8415,,False,1,0.0,0.22675387353835672,31.67592051092941,31.22946333406284,0.44645717686656994,500.6893213265995,-121.55519775091832,1044.4895744858027,False
"workspace_sampling/contact_points.npy, 1000 rows, seed 0",2295,,False,1,3.232969447708456e-13,0.22187770728092365,31.18547335398488,30.87025802086138,0.31521533312349703,509.3178434975715,-109.3257983540771,1044.9815811930118,False
"workspace_sampling/contact_points.npy, 1000 rows, seed 0",7472,,False,1,1.7763568394002505e-15,0.057558721210319574,13.545340924451654,13.22993951067408,0.3154014137775736,481.71359046078896,-105.41077050344316,1058.05712233796,False
"workspace_sampling/contact_points.npy, 1000 rows, seed 0",2356,,False,1,3.055333763768431e-13,0.22158135704704957,31.155592996927965,30.827845816532243,0.3277471803957219,466.20052666996435,-90.76742160320997,1052.7467760656846,False
"workspace_sampling/contact_points.npy, 1000 rows, seed 0",2207,,False,1,1.7763568394002505e-15,0.057455710103096816,13.533746306178378,13.128563749903526,0.4051825562748519,493.8704116616539,-86.91315749444891,1058.4800878260437,False
"workspace_sampling/contact_points.npy, 1000 rows, seed 0",5166,,False,1,3.552713678800501e-15,0.22389926824134332,31.389079515211595,30.85242459201899,0.5366549231926037,494.6275957187138,-104.5249337244872,1044.340898411247,False
"workspace_sampling/contact_points.npy, 1000 rows, seed 0",4431,,False,1,1.7763568394002505e-15,-0.023340266778575765,4.315934060493259,4.242841126668459,0.07309293382479964,486.00231102201894,-96.95681915749205,1061.6581445513123,False
"workspace_sampling/contact_points.npy, 1000 rows, seed 0",3445,,False,1,2.2026824808563106e-13,0.21811949558738275,30.805923844522553,30.56008146573555,0.2458423787870032,463.73629618628246,-92.48821210718145,1052.4965271184053,False
"workspace_sampling/contact_points.npy, 1000 rows, seed 0",1552,,False,1,0.0,-0.01281579284384861,5.527843171169367,5.05021589279684,0.4776272783725277,500.7426793068689,-91.34125677083513,1062.7197047311747,False
"workspace_sampling/contact_points.npy, 1000 rows, seed 0",7904,,False,1,1.7763568394002505e-15,0.06589666065066205,14.482168439696782,14.075083190865941,0.40708524883084074,492.9916601755557,-113.87734150884435,1058.2798279298722,False
"workspace_sampling/contact_points.npy, 1000 rows, seed 0",6298,,False,1,5.684341886080802e-14,0.5531358457411946,57.91070141980334,37.040817320166234,20.869884099637105,412.78502316063873,-56.08173168087487,1006.979410070946,False
"workspace_sampling/contact_points.npy, 1000 rows, seed 0",5767,,False,1,1.9184653865522705e-13,0.5647784069159588,58.56195006231797,33.65742171597405,24.904528346343916,407.3991529886658,-56.143448957052925,1006.5225636929365,False
"workspace_sampling/contact_points.npy, 1000 rows, seed 0",841,,False,1,8.881784197001252e-16,-0.007498328420496251,6.139177410890921,5.733608286204682,0.40556912468623896,509.24469125045385,-114.67409414313411,1062.7870124577453,False
"workspace_sampling/contact_points.npy, 1000 rows, seed 0",3595,,False,1,0.0,-0.014482145230008809,5.336126258495797,5.168428619412064,0.16769763908373303,485.5907937186123,-93.87260414142338,1062.4411732802198,False
"workspace_sampling/contact_points.npy, 1000 rows, seed 0",7768,,False,1,0.0,0.13321863874377088,21.905644124349532,21.764731487185287,0.14091263716424507,481.14818567323255,-105.78439668641835,1052.3766670826199,False
"workspace_sampling/contact_points.npy, 1000 rows, seed 0",6578,,False,1,7.105427357601002e-15,0.6239493132405756,61.528154082002466,25.444700251074227,36.083453830928235,370.9364438884752,-47.60004917254026,901.444683337885,False
"workspace_sampling/contact_points.npy, 1000 rows, seed 0",4927,,False,1,8.881784197001252e-16,-0.019112001195051128,4.8031180897179055,4.2986913887265565,0.504426700991349,486.06200526850205,-100.09098342468951,1062.467743317177,False
"workspace_sampling/contact_points.npy, 1000 rows, seed 0",3173,,False,1,0.0,0.06246651045277743,14.0971692364548,13.785308863143365,0.31186037331143446,493.7559293950869,-102.11276016228588,1060.9934262724357,False
"workspace_sampling/contact_points.npy, 1000 rows, seed 0",1758,,False,1,8.881784197001252e-16,-0.019958419045340153,4.705623545005908,4.5534361156805145,0.15218742932539353,507.45036926115324,-103.19408470280501,1062.085790539265,False
"workspace_sampling/contact_points.npy, 1000 rows, seed 0",608,,False,1,1.7763568394002505e-15,0.07572893940796417,15.582496022068886,15.392817883325833,0.18967813874305328,459.7346183107958,-34.88674555383019,1057.6489281064792,False
"workspace_sampling/contact_points.npy, 1000 rows, seed 0",5935,,False,1,8.881784197001252e-16,-0.023704283617271747,4.273974361496391,4.087148500579437,0.1868258609169544,493.00104800063696,-113.39571320214274,1062.6051692143096,False
"workspace_sampling/contact_points.npy, 1000 rows, seed 0",2463,,False,1,0.0,0.14553829469833174,23.232597510961348,22.871410006019563,0.3611875049417854,477.6845778764096,-91.18579839814801,1057.4483562943255,False
"workspace_sampling/contact_points.npy, 1000 rows, seed 0",6331,,False,1,0.0,-0.0214737332077585,4.531043914839091,4.206708664642875,0.32433525019621623,481.0476883896151,-103.185114063925,1062.381660589885,False
"workspace_sampling/contact_points.npy, 1000 rows, seed 0",3588,,False,1,3.552713678800501e-15,0.1446950166245227,23.14211707103866,22.803686801573104,0.33843026946555455,472.5877303613088,-94.81582628709269,1057.3273459383709,False
"workspace_sampling/contact_points.npy, 1000 rows, seed 0",8282,,False,1,1.7763568394002505e-15,0.06134846724487909,13.971557641698698,13.522915002989539,0.44864263870915977,480.9786008360178,-106.61817551340576,1058.1335788391655,False
"workspace_sampling/contact_points.npy, 1000 rows, seed 0",6408,,False,1,1.4566126083082054e-13,0.2131951088509964,30.30658827004255,29.988498705306007,0.3180895647365425,485.0459305946078,-103.68680318231259,1044.367495832553,False
"workspace_sampling/contact_points.npy, 1000 rows, seed 0",4699,,False,1,0.0,0.13977668870583437,22.613367820478977,22.019467746184908,0.5939000742940692,489.2946277592225,-98.08527158399545,1052.4457792872543,False
"workspace_sampling/contact_points.npy, 1000 rows, seed 0",5457,,False,1,8.881784197001252e-16,-0.01847030130263636,4.877021833305318,4.833054292822811,0.04396754048250706,489.3802736390377,-103.67861016153876,1061.6385052068902,False
"workspace_sampling/contact_points.npy, 1000 rows, seed 0",4669,,False,1,1.6697754290362354e-13,0.21473569626634412,30.463048264998683,30.399179481190043,0.06386878380864047,445.2074641762773,-93.39380679673609,1051.4760895571865,False
"workspace_sampling/contact_points.npy, 1000 rows, seed 0",454,,False,1,0.0,-0.0126171948343965,5.5506878546551714,5.031938076187765,0.5187497784674067,503.3810907989499,-85.63620557894816,1062.7898944171693,False
"workspace_sampling/contact_points.npy, 1000 rows, seed 0",5818,,False,1,1.7763568394002505e-15,-0.018655292619908715,4.855717548356441,4.784960619091081,0.07075692926536004,479.68168461841606,-101.55051284526922,1062.3811799325563,False
"workspace_sampling/contact_points.npy, 1000 rows, seed 0",5268,,False,1,0.0,-0.022591690318914805,4.402212885659006,4.235747591770227,0.16646529388877873,484.0482702029874,-99.99843133718738,1061.579117608746,False
"workspace_sampling/contact_points.npy, 1000 rows, seed 0",555,,False,1,0.0,0.13608511098105575,22.2153589397436,22.16479518328056,0.050563756463038345,423.7038371535591,-147.09594212223595,1049.4286799190193,False
"workspace_sampling/contact_points.npy, 1000 rows, seed 0",2741,,False,1,1.7763568394002505e-15,0.06532060334953887,14.417551927817955,14.120937652055048,0.29661427576290755,485.1820899313795,-91.18182616260442,1060.8428379543939,False
"workspace_sampling/contact_points.npy, 1000 rows, seed 0",6047,,False,1,7.105427357601002e-15,0.6065307294184294,60.715220309401005,21.21865256309358,39.49656774630742,361.42963194637395,-52.732192208305015,908.9727528337304,False
"workspace_sampling/contact_points.npy, 1000 rows, seed 0",6823,,False,1,3.552713678800501e-15,0.14373499321020053,23.03904693210404,22.550598743896384,0.4884481882076557,491.3128992510015,-108.91208263366114,1052.3957572739625,False
"workspace_sampling/contact_points.npy, 1000 rows, seed 0",2734,,False,1,0.0,0.22258660595645013,31.256916138306714,30.920258485904675,0.3366576524020388,454.7091162189423,-92.53095175354855,1052.6198804688477,False
"workspace_sampling/contact_points.npy, 1000 rows, seed 0",351,,False,1,1.7408297026122455e-13,0.2158655672901439,30.57765578906027,29.909807318343702,0.6678484707165673,465.2683466528511,-34.84579535668795,1046.2539094519927,False
"workspace_sampling/contact_points.npy, 1000 rows, seed 0",7952,,False,1,1.9539925233402755e-14,0.05138814354424047,12.849941912467953,12.585546587501852,0.26439532496610063,479.42748360639035,-107.84726247367531,1060.6807661034734,False
"workspace_sampling/contact_points.npy, 1000 rows, seed 0",2898,,False,1,0.0,0.22308362711967603,31.30697732270534,30.890069367787437,0.4169079549179031,505.15291279117525,-103.24217384959354,1044.7762372482327,False
"workspace_sampling/contact_points.npy, 1000 rows, seed 0",5663,,False,1,0.0,0.06455299759642336,14.331424155230273,14.026781333956258,0.3046428212740153,496.64053585101925,-113.01584366730117,1058.2871803346766,False
"workspace_sampling/contact_points.npy, 1000 rows, seed 0",4300,,False,1,1.4921397450962104e-13,0.21392043324564283,30.380278759168156,30.339675325748246,0.04060343341991057,457.24319169822553,-91.7970940760125,1051.8382915411937,False
"workspace_sampling/contact_points.npy, 1000 rows, seed 0",1456,,False,1,7.105427357601002e-14,0.20643660868221764,29.617613476292888,29.447434779198193,0.1701786970946948,394.8060509341132,-100.7354386150443,1033.9541656654085,False
"workspace_sampling/contact_points.npy, 1000 rows, seed 0",8040,,False,1,0.0,0.15205703899513223,23.930256595685158,23.87443250513673,0.05582409054842685,482.11263564844273,-106.73897484967911,1057.0188507523042,False
"workspace_sampling/contact_points.npy, 1000 rows, seed 0",3331,,False,1,3.552713678800501e-15,0.13702758371457824,22.317064149593232,22.252207660882647,0.06485648871058558,491.6399447301549,-91.97910044653469,1052.7443529120208,False
"workspace_sampling/contact_points.npy, 1000 rows, seed 0",6684,,False,1,0.0,0.13908894314681144,22.539291951526216,22.22328202112988,0.31600993039633707,460.2467643560757,-104.665973788833,1057.2544366438262,False
"workspace_sampling/contact_points.npy, 1000 rows, seed 0",6596,,False,1,1.4210854715202004e-14,0.6243659757734544,61.54697814015471,24.973338021875968,36.57364011827874,367.05367085803346,-50.78678930863273,901.3499288394827,False
"workspace_sampling/contact_points.npy, 1000 rows, seed 0",7974,,False,1,2.2737367544323206e-13,0.21864836998837311,30.859416736235612,30.479105306220916,0.3803114300146966,485.32218151141103,-107.1551304678951,1044.563159837013,False
"workspace_sampling/contact_points.npy, 1000 rows, seed 0",7789,,False,1,1.7763568394002505e-15,-0.017856629977905485,4.947689095925311,4.790828475976841,0.15686061994846945,474.73240535221765,-106.57579043390493,1062.3034522098235,False
"workspace_sampling/contact_points.npy, 1000 rows, seed 0",2191,,False,1,2.6645352591003757e-15,-0.012100188336334384,5.6101545669872905,5.1187273333615035,0.491427233625787,490.74233935393744,-88.10794168143428,1062.5215079262389,False
"workspace_sampling/contact_points.npy, 1000 rows, seed 0",1923,,False,1,3.552713678800501e-15,0.14697458019251428,23.386584937730593,23.10051469278904,0.286070244941552,478.20877938272184,-89.83947890935805,1057.450849926526,False
"workspace_sampling/contact_points.npy, 1000 rows, seed 0",3918,,False,1,8.881784197001252e-16,-0.01807447990412473,4.922603561147064,4.742060773415137,0.18054278773192767,500.78952233991737,-121.87550518167188,1061.8923967502974,False
"workspace_sampling/contact_points.npy, 1000 rows, seed 0",1339,,False,1,3.552713678800501e-15,0.2248700710289643,31.486717166322585,31.15593334114099,0.33078382518159444,461.25944434796713,-91.37756257120266,1052.953636063232,False
"workspace_sampling/contact_points.npy, 1000 rows, seed 0",3190,,False,1,8.881784197001252e-16,-0.017275600177999575,5.01458982810802,4.63073284992444,0.3838569781835801,496.9394654474862,-100.9924496527984,1062.657296858967,False
"workspace_sampling/contact_points.npy, 1000 rows, seed 0",101,,False,1,0.0,0.06593721881528543,14.486717247356088,14.209604547147876,0.2771127002082121,434.8092922040665,-117.14450176645823,1058.7036481201083,False
"workspace_sampling/contact_points.npy, 1000 rows, seed 0",7691,,False,1,2.6645352591003757e-14,0.05318409544346529,13.052516552501565,12.716227299966667,0.3362892525348986,477.5321588919056,-106.42189793124356,1060.653884276878,False
"workspace_sampling/contact_points.npy, 1000 rows, seed 0",5033,,False,1,1.7763568394002505e-15,0.0653041477068282,14.415705854917627,14.019895503655755,0.39581035126187203,500.9351819948753,-124.84146273520875,1058.3831858955434,False
"workspace_sampling/contact_points.npy, 1000 rows, seed 0",2903,,False,1,0.0,0.06205346387802165,14.050770628335002,13.933578289560543,0.11719233877445845,494.2412944261204,-100.28112391255398,1061.0218206009195,False
"workspace_sampling/contact_points.npy, 1000 rows, seed 0",1176,,False,1,7.105427357601002e-15,0.13363222177466888,21.95036626396181,21.771719852535636,0.17864641142617543,413.2507880096754,-107.08215149282752,1049.2692867430503,False
"workspace_sampling/contact_points.npy, 1000 rows, seed 0",8577,,False,1,1.4921397450962104e-13,0.21361302895966042,30.34905350144357,29.826732034666357,0.522321466777214,480.381805197327,-106.46753617103215,1044.6973356731073,False
"workspace_sampling/contact_points.npy, 1000 rows, seed 0",7557,,False,1,3.552713678800501e-15,0.1326864634232845,21.848080631948488,21.843867965843632,0.0042126661048556,485.2095754097121,-120.00531001540021,1057.5481359098806,False
"workspace_sampling/contact_points.npy, 1000 rows, seed 0",5417,,False,1,1.4210854715202004e-14,0.6066063704803892,60.718859978386234,19.62696958494081,41.091890393445425,376.3253789362653,-37.60062227445166,914.9142209189257,False
"workspace_sampling/contact_points.npy, 1000 rows, seed 0",8638,,False,1,2.1316282072803006e-14,0.545441174426847,57.468282528084465,40.900151983024216,16.56813054506025,388.68952132053244,-80.82944314682886,999.9619796163795,False
"workspace_sampling/contact_points.npy, 1000 rows, seed 0",3035,,False,1,1.7763568394002505e-15,0.05885296071880136,13.690974475608996,13.05092132751928,0.6400531480897165,492.25525051951837,-91.01135837393704,1058.4013970602985,False
"workspace_sampling/contact_points.npy, 1000 rows, seed 0",4594,,False,1,8.881784197001252e-16,-0.019606102434917443,4.74620697669168,4.245511317479697,0.5006956592119831,491.3448478759617,-103.49015293837067,1062.5547900017023,False
"workspace_sampling/contact_points.npy, 1000 rows, seed 0",7171,,False,1,4.973799150320701e-14,0.5464226708817915,57.52524464815567,40.106313345952636,17.418931302203035,403.89093109196835,-63.58074835506039,1005.2056792781359,False
"workspace_sampling/contact_points.npy, 1000 rows, seed 0",3351,,False,1,8.881784197001252e-16,-0.01668037896564671,5.083116749787647,4.597663098265854,0.48545365152179265,501.90535218736363,-121.92858479177568,1061.9117301419124,False
"workspace_sampling/contact_points.npy, 1000 rows, seed 0",5092,,False,1,1.4210854715202004e-13,0.21289874731849806,30.27646488394192,30.124433437162192,0.15203144677972702,459.6622398863906,-96.49344952239187,1051.6887291651594,False
"workspace_sampling/contact_points.npy, 1000 rows, seed 0",3495,,False,1,8.881784197001252e-16,-0.01790739503211776,4.941843566918464,4.389436399391296,0.5524071675271678,496.45388418702385,-99.21716266098339,1061.818028035474,False
"workspace_sampling/contact_points.npy, 1000 rows, seed 0",7225,,False,1,6.394884621840902e-14,0.5551466280377606,58.02474418534068,36.07506403856847,21.94968014677221,393.15653597320744,-71.3227796133371,1003.6702622932504,False
"workspace_sampling/contact_points.npy, 1000 rows, seed 0",3916,,False,1,3.552713678800501e-15,0.14474489053176132,23.1474697969257,22.60405594461754,0.5434138523081629,503.3887259118974,-123.26639190422853,1052.6778928156518,False
"workspace_sampling/contact_points.npy, 1000 rows, seed 0",3734,,False,1,7.105427357601002e-15,0.6065964579591322,60.71838306552567,14.240203614231419,46.47817945129425,377.1278204835616,-32.17582529853144,927.9100958672059,False
"workspace_sampling/contact_points.npy, 1000 rows, seed 0",7173,,False,1,1.8829382497642655e-13,0.21600628249212223,30.591920759918377,30.309394725674334,0.282526034244043,484.80294065367684,-104.9526409931917,1044.4505198626734,False
"workspace_sampling/contact_points.npy, 1000 rows, seed 0",4466,,False,1,1.7763568394002505e-15,0.06373458083084821,14.239563640339119,13.931715170599881,0.30784846973923763,501.38356880918866,-124.97280712042928,1058.443174927036,False
"workspace_sampling/contact_points.npy, 1000 rows, seed 0",4344,,False,1,0.0,0.1384435182177524,22.469743572015105,22.24348361433435,0.22625995768075313,476.42073980008564,-97.44526643139497,1057.4278746618108,False
"workspace_sampling/contact_points.npy, 1000 rows, seed 0",615,,False,1,4.440892098500626e-16,-0.03171649204103731,3.349766249973349,3.3003106133097835,0.04945563666356545,465.60832275161914,-35.36631489535895,1061.6877731814502,False
"workspace_sampling/contact_points.npy, 1000 rows, seed 0",6071,,False,1,1.7763568394002505e-15,0.05804033137276074,13.599542958608836,13.393206818211008,0.20633614039782877,475.7316051959285,-101.85796184555613,1060.7948326056662,False
"workspace_sampling/contact_points.npy, 1000 rows, seed 0",7184,,False,1,0.0,0.05765316940659643,13.555971294111707,13.5276090028494,0.02836229126230627,482.7576710167427,-104.98855633888493,1058.0826601519625,False
"workspace_sampling/contact_points.npy, 1000 rows, seed 0",6605,,False,1,1.4210854715202004e-14,0.6246319747580106,61.558980257808386,24.59554983242333,36.963430425385056,365.1032418775371,-52.517278265209455,901.4448659511835,False
"workspace_sampling/contact_points.npy, 1000 rows, seed 0",1526,,False,1,1.7763568394002505e-15,0.06513686699660413,14.396938751350373,14.082459625155925,0.3144791261944473,498.7821199727419,-94.22981098961523,1061.0885436783144,False
"workspace_sampling/contact_points.npy, 1000 rows, seed 0",4156,,False,1,2.984279490192421e-13,0.22132402811652072,31.129640295319266,30.80809650038589,0.32154379493337615,445.31081284172166,-96.66459480801903,1052.0681941421085,False
"workspace_sampling/contact_points.npy, 1000 rows, seed 0",5830,,False,1,1.4921397450962104e-13,0.21401941446313194,30.390331120107604,30.31103189529131,0.07929922481629248,435.1247183735096,-99.47818180271602,1050.6304706876367,False
"workspace_sampling/contact_points.npy, 1000 rows, seed 0",8051,,False,1,0.0,0.05617202998235327,13.389217941873863,13.331825384709395,0.05739255716446756,469.6866032754339,-106.58173040995659,1060.6402186109055,False
"workspace_sampling/contact_points.npy, 1000 rows, seed 0",386,,False,1,0.0,0.276745341411057,36.566176018759975,36.3981879348476,0.16798808391237685,337.042256680851,-104.97084252995333,950.9089097448934,False
"workspace_sampling/contact_points.npy, 1000 rows, seed 0",8329,,False,1,0.0,-0.019704204112055337,4.7349068907569,4.518512506965549,0.2163943837913509,474.72552466421087,-106.97210681802542,1062.269321926643,False
"workspace_sampling/contact_points.npy, 1000 rows, seed 0",688,,False,1,0.0,-0.013488499150984932,5.450454950283125,5.329179924155119,0.12127502612800534,506.88126015464866,-92.02072519977843,1062.856609788842,False
"workspace_sampling/contact_points.npy, 1000 rows, seed 0",2967,,False,1,3.552713678800501e-15,0.14278175833421808,22.936639103996896,22.694602454801085,0.24203664919581058,480.1554047342573,-93.39193010425775,1057.4562512511911,False
"workspace_sampling/contact_points.npy, 1000 rows, seed 0",2359,,False,1,0.0,0.14203621907739647,22.856498381700693,22.444510182543876,0.4119881991568164,505.5498856745782,-98.54779966347166,1052.854181089676,False
"workspace_sampling/contact_points.npy, 1000 rows, seed 0",5334,,False,1,3.552713678800501e-15,0.13684539090237707,22.297408053874467,22.288845649000923,0.008562404873543983,484.5977879883887,-113.94330255011192,1057.6229377362786,False
"workspace_sampling/contact_points.npy, 1000 rows, seed 0",526,,False,1,8.881784197001252e-16,-0.013180411539710196,5.48589872120095,5.214556015814019,0.27134270538693084,495.06168086160807,-81.21503057041082,1062.6285852560836,False
"workspace_sampling/contact_points.npy, 1000 rows, seed 0",617,,False,1,1.7763568394002505e-15,0.07149210828845395,15.108954571514227,14.970883506587734,0.13807106492649268,457.8028987749838,-34.267185953678165,1057.6961118051106,False
"workspace_sampling/contact_points.npy, 1000 rows, seed 0",3216,,False,1,8.881784197001252e-16,-0.018830679177353923,4.835518690203151,4.373363384211977,0.4621553059911738,497.41374243341784,-98.31169550188915,1061.8541868141442,False
"workspace_sampling/contact_points.npy, 1000 rows, seed 0",2284,,False,1,3.268496584496461e-13,0.22230705334404316,31.228748556851308,31.2014919233001,0.027256633551207443,473.01456275089447,-97.88480941514136,1053.0991271128,False
"workspace_sampling/contact_points.npy, 1000 rows, seed 0",521,,False,1,0.0,0.2719695085891016,36.1103257897006,36.07984962620111,0.030476163499493225,327.96981533541214,-147.52798627212889,931.5962407547621,False
"workspace_sampling/contact_points.npy, 1000 rows, seed 0",4247,,False,1,7.105427357601002e-15,0.606631819796104,60.720084325181865,14.31805984519218,46.402024479989684,386.47325928799455,-28.218560391604548,928.4274133434852,False
"workspace_sampling/contact_points.npy, 1000 rows, seed 0",772,,False,1,0.0,0.22398057690116271,31.397260530463093,31.171676110532243,0.22558441993085054,464.4299170273863,-90.6521515002052,1053.1031721556265,False
"workspace_sampling/contact_points.npy, 1000 rows, seed 0",7018,,False,1,1.9184653865522705e-13,0.5648077131254368,58.56356164451558,33.845219747922016,24.718341896593564,433.83114199004774,-58.96665843360182,1008.336854146277,False
"workspace_sampling/contact_points.npy, 1000 rows, seed 0",1097,,False,1,7.105427357601002e-15,0.6434100650278605,62.37618274469463,14.42756091139649,47.94862183329814,354.9977179191229,-110.31716449168073,939.1584976456758,False
"workspace_sampling/contact_points.npy, 1000 rows, seed 0",2375,,False,1,0.0,0.2834738358641596,37.20415741015448,36.95313693964552,0.25102047050896203,356.08997112393376,-57.539148017947035,993.279394314507,False
"workspace_sampling/contact_points.npy, 1000 rows, seed 0",6541,,False,1,4.973799150320701e-14,0.5506241369665364,57.76733290107973,37.97761074812455,19.789722152955186,420.30146874263846,-55.28493205095462,1007.5154495673135,False
"workspace_sampling/contact_points.npy, 1000 rows, seed 0",1656,,False,1,1.0658141036401503e-14,0.2248062186533789,31.48029804717355,30.96406411168394,0.5162339354896126,428.10319442425714,-132.88520954015667,1045.9505029106954,False
"workspace_sampling/contact_points.npy, 1000 rows, seed 0",4508,,False,1,0.0,0.6066558416318124,60.72123989813269,14.236724869105549,46.484515029027136,389.18121799056064,-28.38115205432122,929.1719327608058,False
"workspace_sampling/contact_points.npy, 1000 rows, seed 0",531,,False,1,3.552713678800501e-15,0.226499669711129,31.650409017575726,30.995296487871112,0.6551125297046134,436.9158782651191,-134.47409032473035,1046.0192965694637,False
"workspace_sampling/contact_points.npy, 1000 rows, seed 0",6429,,False,1,8.881784197001252e-16,-0.013923978333648843,5.400351665231912,4.949234501713354,0.4511171635185578,498.91888825575955,-125.95251025344535,1061.801651300008,False
"workspace_sampling/contact_points.npy, 1000 rows, seed 0",1668,,False,1,8.881784197001252e-16,-0.015578223357810563,5.209985102378476,4.3615643324078786,0.8484207699705975,425.1176935437383,-135.50698520707732,1061.0879118608516,False
"workspace_sampling/contact_points.npy, 1000 rows, seed 0",4490,,False,1,0.0,0.6066643448996412,60.72164892571726,13.76720117252265,46.954447753194614,391.43787892959926,-28.26784355880246,932.2532365306421,False
"workspace_sampling/contact_points.npy, 1000 rows, seed 0",4066,,False,1,1.8829382497642655e-13,0.21615794474694028,30.607293409878036,30.302662066495955,0.30463134338208064,453.2249022886952,-90.84919774188947,1051.84050269337,False
"workspace_sampling/contact_points.npy, 1000 rows, seed 0",7163,,False,1,0.0,0.6242757757442295,61.54290553664623,27.228880036716777,34.31402549992946,366.7836495486355,-55.38591553715911,897.6115838203881,False
"workspace_sampling/contact_points.npy, 1000 rows, seed 0",5604,,False,1,0.0,0.1369159903094194,22.305025037143682,22.23597848414214,0.06904655300154161,484.82437775082497,-116.06608607270033,1057.6107862692652,False
"workspace_sampling/contact_points.npy, 1000 rows, seed 0",8310,,False,1,3.552713678800501e-15,0.1385102157745787,22.476932009790342,22.422777149564865,0.05415486022547711,484.2260659928844,-107.27490309697026,1057.5983128865346,False
"workspace_sampling/contact_points.npy, 1000 rows, seed 0",7581,,False,1,0.0,-0.014394944293972126,5.346160503316957,4.986113828184645,0.36004667513231237,497.2325948446001,-120.66229682952074,1061.7897032380006,False
"workspace_sampling/contact_points.npy, 1000 rows, seed 0",1727,,False,1,7.105427357601002e-15,0.2752904719505087,36.427573211599245,36.245241092055224,0.1823321195440215,336.46464062991777,-73.20433016026445,951.0598053210442,False
"workspace_sampling/contact_points.npy, 1000 rows, seed 0",5207,,False,1,1.7763568394002505e-15,0.05805176090135756,13.600829145141278,13.413036605689305,0.18779253945197283,480.38350490402155,-100.15941451850449,1060.8599161237948,False
"workspace_sampling/contact_points.npy, 1000 rows, seed 0",5902,,False,1,1.3145040611561853e-13,0.21251572709362251,30.237521088176493,29.98925012773465,0.24827096044184316,460.54261812515404,-101.59905713309915,1051.4800092864173,False
"workspace_sampling/contact_points.npy, 1000 rows, seed 0",3882,,False,1,1.7763568394002505e-15,-0.0233370341866,4.316306664652936,4.235548076370798,0.080758588282138,487.0685493031252,-94.75982957213594,1061.6963235897333,False
"workspace_sampling/contact_points.npy, 1000 rows, seed 0",5384,,False,1,3.552713678800501e-15,0.06552909952557921,14.440940880923645,13.899228408353126,0.5417124725705182,497.15756841262186,-112.58025546171183,1058.2699439706316,False
"workspace_sampling/contact_points.npy, 1000 rows, seed 0",2525,,False,1,1.5987211554602254e-14,0.050806182044308534,12.78426859784648,12.644829175918579,0.13943942192790182,415.16154224700847,-103.52313737176785,1056.8100602699665,False
"workspace_sampling/contact_points.npy, 1000 rows, seed 0",3308,,False,1,1.7763568394002505e-15,0.06445034479424791,14.319904011619935,14.144582360440117,0.1753216511798179,482.53524855756797,-93.25517339773458,1060.811211215606,False
"workspace_sampling/contact_points.npy, 1000 rows, seed 0",2154,,False,1,2.6645352591003757e-15,-0.02148180824546367,4.530113458026702,4.229682211005623,0.3004312470210788,496.9679039047783,-89.43372476243087,1061.8899330822346,False
"workspace_sampling/contact_points.npy, 1000 rows, seed 0",8113,,False,1,8.881784197001252e-16,-0.02487899924929162,4.138548331332049,3.8243874782885885,0.31416085304346053,498.45932900344064,-125.50717879737977,1062.7027405237695,False
"workspace_sampling/contact_points.npy, 1000 rows, seed 0",4171,,False,1,0.0,-0.01151436283569313,5.677529148539927,4.921245463694771,0.7562836848451555,482.79125533689114,-96.32691470255504,1062.3581125610299,False
"workspace_sampling/contact_points.npy, 1000 rows, seed 0",3227,,False,1,3.552713678800501e-15,0.06297420713078634,14.154188914234679,13.68777344955254,0.46641546468213946,489.40889671189694,-96.29138215454648,1060.9146594658882,False
"workspace_sampling/contact_points.npy, 1000 rows, seed 0",7630,,False,1,7.105427357601002e-15,0.5442076490929538,57.39647467935789,40.980971466066904,16.415503213290982,424.49455148959345,-60.427435191098965,1007.3478446429772,False
"workspace_sampling/contact_points.npy, 1000 rows, seed 0",8027,,False,1,0.0,0.23047022387371321,32.0481728524109,32.04110140832583,0.007071444085070766,600.2289024630371,-68.91412996791554,879.4600801634017,False
"workspace_sampling/contact_points.npy, 1000 rows, seed 0",5160,,False,1,8.881784197001252e-16,-0.016468634224329565,5.107492678289991,4.69232541292982,0.41516726536017057,491.5979368466177,-104.58689731210038,1061.6675933178933,False
"workspace_sampling/contact_points.npy, 1000 rows, seed 0",2501,,False,1,7.105427357601002e-15,0.27084501114974185,36.002632524446824,35.93193920868985,0.07069331575697646,313.66512693001107,-136.73829610974624,927.5485037262482,False
"workspace_sampling/contact_points.npy, 1000 rows, seed 0",6871,,False,1,8.881784197001252e-16,-0.02367477049553998,4.277376397005071,4.09811199432111,0.1792644026839607,481.7339172349104,-104.97812727597292,1062.3950951508855,False
"workspace_sampling/contact_points.npy, 1000 rows, seed 0",5707,,False,1,0.0,0.14348604402302328,23.012308233999267,22.679270734768977,0.33303749923029,493.5828356956703,-107.22949047383656,1052.419336407365,False
"workspace_sampling/contact_points.npy, 1000 rows, seed 0",313,,False,1,7.105427357601002e-15,0.2501696580022833,33.99855872349392,33.98536224112525,0.013196482368670104,434.16374810976106,-36.098588553590524,1038.0297052709084,False
"workspace_sampling/contact_points.npy, 1000 rows, seed 0",1602,,False,1,2.948752353404416e-13,0.22113885192931995,31.11096060461454,30.53998902808404,0.5709715765304999,502.5921057122979,-86.20141553895999,1044.82125435554,False
"workspace_sampling/contact_points.npy, 1000 rows, seed 0",7760,,False,1,0.0,0.05703847314868379,13.486778342051219,13.204387302354682,0.28239103969653634,480.5230676093572,-105.84417767981948,1058.0486382548365,False
"workspace_sampling/contact_points.npy, 1000 rows, seed 0",7774,,False,1,2.1316282072803006e-14,0.5473283846733541,57.57767154971345,39.69069317912387,17.88697837058958,394.19800172282316,-72.44163515551824,1002.8851266689358,False
"workspace_sampling/contact_points.npy, 1000 rows, seed 0",6525,,False,1,3.552713678800501e-15,0.2237995134749872,31.37904164719543,30.739114248590077,0.6399273986053515,494.2133793640048,-110.65380897656753,1044.393720002165,False
"workspace_sampling/contact_points.npy, 1000 rows, seed 0",115,,False,1,6.750155989720952e-14,0.20504962239415864,29.475704613009796,29.44713485659733,0.028569756412466063,399.8654961588101,-117.0453918504989,1033.8943815950663,False
"workspace_sampling/contact_points.npy, 1000 rows, seed 0",1436,,False,1,1.7763568394002505e-15,0.05808924282129178,13.60504701394756,13.368824160500088,0.2362228534474724,419.1078263591161,-106.40841620569736,1056.727149620079,False
"workspace_sampling/contact_points.npy, 1000 rows, seed 0",4901,,False,1,0.0,0.05839750167160047,13.639733128944153,13.404448818423074,0.23528431052107912,483.5065830463062,-100.7200650125381,1060.8799120378253,False
"workspace_sampling/contact_points.npy, 1000 rows, seed 0",1892,,False,1,1.7763568394002505e-15,0.05647292502588878,13.423102268450933,13.413471314031897,0.009630954419035831,498.36388676396365,-87.01833754902333,1058.5855641168457,False
"workspace_sampling/contact_points.npy, 1000 rows, seed 0",1785,,False,1,8.881784197001252e-16,-0.02056405857957955,4.6358535587223235,4.539700971090955,0.09615258763136847,505.9264690962437,-98.6919393029126,1062.060928010168,False
"workspace_sampling/contact_points.npy, 1000 rows, seed 0",3561,,False,1,3.552713678800501e-15,0.14252766123434726,22.909329814697788,22.660576623190835,0.2487531915069532,474.77927480371915,-94.30876082076433,1057.4046539909375,False
"workspace_sampling/contact_points.npy, 1000 rows, seed 0",5909,,False,1,1.7763568394002505e-15,0.056353359779038395,13.409638312638762,13.261967251480328,0.14767106115843376,490.84403253848905,-115.92690598035246,1061.017593537642,False
"workspace_sampling/contact_points.npy, 1000 rows, seed 0",3896,,False,1,0.0,0.283938135592414,37.24799631787647,36.955541015154964,0.2924553027215069,331.0163164052158,-91.26226773119156,986.9145504982409,False
"workspace_sampling/contact_points.npy, 1000 rows, seed 0",2145,,False,1,8.881784197001252e-16,-0.021744547409417385,4.499838247041507,4.346337558514149,0.153500688527358,497.81659668812085,-90.08345759742576,1061.9093791270593,False
"workspace_sampling/contact_points.npy, 1000 rows, seed 0",2666,,False,1,0.0,0.06084619009600725,13.915107633186757,13.35070162692807,0.5644060062586878,500.8040573427761,-95.77580266907646,1058.531069024196,False
"workspace_sampling/contact_points.npy, 1000 rows, seed 0",1272,,False,1,0.0,-0.020086611202537456,4.6908563979400455,4.192961042002877,0.4978953559371684,504.45527214041084,-90.42872112768835,1062.028808137272,False
"workspace_sampling/contact_points.npy, 1000 rows, seed 0",7885,,False,1,3.552713678800501e-15,0.1449361388084588,23.16799386274634,22.755841501575382,0.412152361170957,496.27104612719756,-116.65738562560128,1052.559588678502,False
"workspace_sampling/contact_points.npy, 1000 rows, seed 0",1325,,False,1,1.7763568394002505e-15,0.06050564514100452,13.876827589626311,13.02495711124255,0.851870478383761,501.1680965312681,-85.18979511054285,1058.5387032266847,False
"workspace_sampling/contact_points.npy, 1000 rows, seed 0",4814,,False,1,7.105427357601002e-15,0.6066329342999335,60.72013794063111,15.97176069314485,44.74837724748626,384.7703535599174,-30.734421334833947,923.4473136621971,False
"workspace_sampling/contact_points.npy, 1000 rows, seed 0",5553,,False,1,2.3092638912203256e-13,0.21843046490433227,30.837379966011593,30.204732792254795,0.6326471737567978,487.3497230014298,-100.93569496497517,1044.325518466445,False
"workspace_sampling/contact_points.npy, 1000 rows, seed 0",2726,,False,1,0.0,0.28387363205037264,37.24190736748008,37.015593596877665,0.22631377060241675,342.4363391312233,-79.10467468040662,991.8214168861596,False
"workspace_sampling/contact_points.npy, 1000 rows, seed 0",2058,,False,1,3.552713678800501e-15,0.14504726806416332,23.179918616678098,22.750700339851967,0.42921827682613056,490.2977296078841,-97.53581949384946,1057.57900480954,False
"workspace_sampling/contact_points.npy, 1000 rows, seed 0",4547,,False,1,0.0,0.06434066141902772,14.30759430011543,13.843686642679689,0.46390765743574036,499.33582271369164,-111.19993511132762,1058.3469742242899,False
"workspace_sampling/contact_points.npy, 1000 rows, seed 0",3221,,False,1,2.1316282072803006e-14,0.6066666267704005,60.72175868712773,13.642713474198649,47.07904521292908,366.06091401292855,-42.06853424578151,930.0819677982987,False
"workspace_sampling/contact_points.npy, 1000 rows, seed 0",2179,,False,1,0.0,0.13693379181301518,22.30694558891014,22.28592995334056,0.021015635569579416,497.7528165100854,-87.64451973814192,1052.8838920752864,False
"workspace_sampling/contact_points.npy, 1000 rows, seed 0",4898,,False,1,0.0,0.06141199728087414,13.978696810207852,13.887832153469386,0.09086465673846611,492.92160828293845,-102.74956998879328,1058.2618342070086,False
"workspace_sampling/contact_points.npy, 1000 rows, seed 0",125,,False,1,0.0,0.27250843190590446,36.16188997162294,36.01996951268143,0.14192045894151306,333.90787966519173,-109.26463832775252,941.5327955023566,False
"workspace_sampling/contact_points.npy, 1000 rows, seed 0",7129,,False,1,3.552713678800501e-15,0.14222550270772938,22.876848985185042,22.387876352489002,0.48897263269603997,487.95593393590684,-106.97189214251821,1052.3710904790596,False
"workspace_sampling/contact_points.npy, 1000 rows, seed 0",6313,,False,1,8.881784197001252e-16,-0.021859287412532534,4.486616400529077,4.114007018856178,0.37260938167289925,482.8591647574242,-103.86996741717158,1062.4090177949668,False
"workspace_sampling/contact_points.npy, 1000 rows, seed 0",4648,,False,1,8.881784197001252e-16,-0.019782658343272468,4.725869795313202,4.493360715362359,0.23250907995084358,486.83556882870016,-99.26186780959358,1062.4903676083084,False
"workspace_sampling/contact_points.npy, 1000 rows, seed 0",4023,,False,1,3.055333763768431e-13,0.2216752385811398,31.165059774859838,31.111679627582213,0.05338014727762541,500.3062159111335,-105.03218351057005,1044.6686655849442,False
"workspace_sampling/contact_points.npy, 1000 rows, seed 0",378,,False,1,0.0,0.22759631607002284,31.760422082033656,31.371919478578107,0.38850260345554943,434.64222299722485,-115.87627729998547,1045.888622594154,False
"workspace_sampling/contact_points.npy, 1000 rows, seed 0",6142,,False,1,8.881784197001252e-16,-0.023554041763887663,4.291292850974784,4.275252091065462,0.01604075990932241,496.7260708751846,-125.53861385448573,1062.6620370877545,False
"workspace_sampling/contact_points.npy, 1000 rows, seed 0",6732,,False,1,3.552713678800501e-15,0.22389534628584612,31.388684884682267,31.33421094638606,0.05447393829620495,500.50888301942666,-122.27054267154885,1044.5887869319479,False
"workspace_sampling/contact_points.npy, 1000 rows, seed 0",2894,,False,1,1.7763568394002505e-15,0.06288339548347352,14.143990721687286,13.886543576620213,0.2574471450670739,494.8332656657634,-101.4515704190267,1061.0089068907864,False
"workspace_sampling/contact_points.npy, 1000 rows, seed 0",4711,,False,1,0.0,-0.017068086675403264,5.038481448708907,5.036141531447461,0.0023399172614464447,482.3031250915565,-98.09938241773756,1062.4103577813164,False
"workspace_sampling/contact_points.npy, 1000 rows, seed 0",1953,,False,1,2.7355895326763857e-13,0.220250200039119,31.021272328472424,30.84349166165204,0.17778066682038585,509.59162336962305,-119.38366381739621,1045.169734833307,False
"workspace_sampling/contact_points.npy, 1000 rows, seed 0",1445,,False,1,3.730349362740526e-14,0.05517127796322663,13.276491544595514,12.965503867453332,0.31098767714218134,419.07524334022867,-106.50308164385022,1056.782570391728,False
"workspace_sampling/contact_points.npy, 1000 rows, seed 0",4871,,False,1,0.0,0.062412169617312836,14.091065454989206,13.974942826529922,0.11612262845928356,495.0892261760946,-105.4604638994039,1058.2927401647173,False
"workspace_sampling/contact_points.npy, 1000 rows, seed 0",2079,,False,1,3.552713678800501e-15,0.22305198838644413,31.303791295453284,30.707759754684197,0.5960315407690864,507.59696671882676,-97.73356168842773,1044.8535109678328,False
"workspace_sampling/contact_points.npy, 1000 rows, seed 0",7099,,False,1,2.842170943040401e-14,0.5453124452495326,57.460800145129596,40.45852580683254,17.002274338297056,419.59578921987855,-58.001976630064256,1007.071533230027,False
"workspace_sampling/contact_points.npy, 1000 rows, seed 0",4908,,False,1,0.0,-0.01653788695818151,5.099520456363001,4.413608236381366,0.6859122199816348,490.44057189379055,-101.68400062113662,1061.6463263877322,False
"workspace_sampling/contact_points.npy, 1000 rows, seed 0",3012,,False,1,3.552713678800501e-15,0.143552045267923,23.019397620224282,22.888435996062864,0.13096162416141865,476.19530744253404,-92.77037698227073,1057.4390155690417,False
"workspace_sampling/contact_points.npy, 1000 rows, seed 0",507,,False,1,8.881784197001252e-16,-0.021810879786514255,4.49219459499566,4.265613712733215,0.22658088226244555,499.868027093056,-81.04240414919954,1061.9525338312158,False
"workspace_sampling/contact_points.npy, 1000 rows, seed 0",5777,,False,1,7.105427357601002e-15,0.6065201001727484,60.7147087789366,19.576334632428388,41.13837414650821,358.7826898200591,-53.797100467428784,911.3465947445878,False
"workspace_sampling/contact_points.npy, 1000 rows, seed 0",5798,,False,1,1.7763568394002505e-15,0.058088884016700926,13.605006637706067,13.425801980359362,0.17920465734670543,485.71438092461796,-101.82124763435714,1058.1164261310855,False
"workspace_sampling/contact_points.npy, 1000 rows, seed 0",706,,False,1,0.0,-0.012363926554607722,5.5798198791674105,5.059384719593698,0.5204351595737124,505.1679767394269,-89.5944812039702,1062.8136062664094,False
"workspace_sampling/contact_points.npy, 1000 rows, seed 0",2716,,False,1,2.913225216616411e-13,0.2209781639398788,31.09474852574929,31.009686646383535,0.08506187936575316,456.04116421288853,-91.29236253126757,1052.5906752008068,False
"workspace_sampling/contact_points.npy, 1000 rows, seed 0",3183,,False,1,3.552713678800501e-15,0.14318953673805213,22.980455606436585,22.294659742708458,0.6857958637281278,485.1073643926991,-98.68135884375926,1057.5070961120794,False
"workspace_sampling/contact_points.npy, 1000 rows, seed 0",1671,,False,1,3.552713678800501e-15,0.13442061923023418,22.035585207835584,22.019156140949036,0.016429066886548327,412.097890118048,-141.86372682031606,1049.1688876748503,False
"workspace_sampling/contact_points.npy, 1000 rows, seed 0",7629,,False,1,0.0,0.12904032744470087,21.453163018087128,21.317397168588734,0.13576584949839443,475.9004435492223,-108.9820643455503,1057.0257022322455,False
"workspace_sampling/contact_points.npy, 1000 rows, seed 0",8382,,False,1,0.0,-0.010602400927573167,5.782395416221797,5.073674620232656,0.7087207959891408,502.22996505164383,-128.11900833043933,1061.8361436243395,False
"workspace_sampling/contact_points.npy, 1000 rows, seed 0",2980,,False,1,3.552713678800501e-15,0.14061147664997947,22.703235747963582,22.262433231123563,0.44080251684001936,498.0891938535957,-93.57326259702539,1052.7274839671536,False
"workspace_sampling/contact_points.npy, 1000 rows, seed 0",2654,,False,1,0.0,0.2808241254343624,36.953514835097245,36.92363531765151,0.02987951744573536,354.75509011677906,-55.393673814589775,991.0957783449933,False
"workspace_sampling/contact_points.npy, 1000 rows, seed 0",217,,False,1,0.0,0.1408183550866751,22.725499203178444,22.214547809941934,0.5109513932365104,505.30104103368996,-79.84773102988856,1052.8487143464195,False
"workspace_sampling/contact_points.npy, 1000 rows, seed 0",4831,,False,1,1.3855583347321954e-13,0.21260808726912825,30.24691310513253,30.187788749158113,0.05912435597441856,458.3006865823381,-94.26365958095252,1051.6706666313369,False
"workspace_sampling/contact_points.npy, 1000 rows, seed 0",41,,False,1,3.552713678800501e-15,0.0872874897017059,16.86953692999158,16.59026652440871,0.2792704055828672,460.26402908034066,-37.04419752331123,1057.3744478231074,False
"workspace_sampling/contact_points.npy, 1000 rows, seed 0",2912,,False,1,0.0,0.06319469438557285,14.178948087265267,13.77559842418796,0.40334966307730724,493.5954117781144,-99.17701976313718,1060.9837562860762,False
"workspace_sampling/contact_points.npy, 1000 rows, seed 0",5329,,False,1,0.0,0.14788376521451668,23.483981979272794,22.56700959398149,0.9169723852913059,501.37582496065943,-122.40796421593672,1052.467013381224,False
"workspace_sampling/contact_points.npy, 1000 rows, seed 0",8531,,False,1,7.105427357601002e-15,0.25412494240664363,34.385416373354,34.30297760290623,0.08243877044776582,610.8794834638413,-78.30064826220283,883.2168163167909,False
"workspace_sampling/contact_points.npy, 1000 rows, seed 0",6218,,False,1,7.105427357601002e-15,0.6066645481793733,60.72165870381283,21.26267587166613,39.4589828321467,383.38844425067606,-38.737628980541096,912.8887758732913,False
"workspace_sampling/contact_points.npy, 1000 rows, seed 0",2531,,False,1,5.329070518200751e-15,0.06123144211767942,13.958406475050433,13.704197267048995,0.25420920800143776,506.527439889887,-117.92181878254854,1058.6632011280865,False
"workspace_sampling/contact_points.npy, 1000 rows, seed 0",8019,,False,1,1.4210854715202004e-13,0.2133897618389032,30.32636915098491,30.15114807305521,0.17522107792969877,481.9542898201833,-105.91011985766508,1044.6091399323127,False
"workspace_sampling/contact_points.npy, 1000 rows, seed 0",7597,,False,1,3.552713678800501e-15,0.14576119131274515,23.25650472195732,22.96549965634946,0.2910050656078589,497.4557374486508,-118.00926099989246,1052.5286540393472,False
"workspace_sampling/contact_points.npy, 1000 rows, seed 0",2112,,False,1,0.0,0.14560819880594095,23.240095605421484,22.534108599430382,0.7059870059911013,485.61655076463154,-92.33692867994057,1057.5134234185982,False
"workspace_sampling/contact_points.npy, 1000 rows, seed 0",3972,,False,1,0.0,-0.017076029877206817,5.0375669430309316,4.567765869582346,0.46980107344858535,499.8740729840869,-112.1755120512688,1061.860236179848,False
"workspace_sampling/contact_points.npy, 1000 rows, seed 0",714,,False,1,8.881784197001252e-16,-0.021056779106196022,4.579086133101112,4.283494565977015,0.29559156712409695,507.0048443179079,-88.48508469764488,1062.086509179459,False
"workspace_sampling/contact_points.npy, 1000 rows, seed 0",6992,,False,1,2.1316282072803006e-14,0.6064914317021195,60.71332902039395,18.025056169199008,42.68827285119494,388.29493388582614,-44.800649107448706,921.2165210582547,False
"workspace_sampling/contact_points.npy, 1000 rows, seed 0",2427,,False,1,0.0,0.14450081286248304,23.1212723827386,22.81931723670991,0.3019551460286891,480.75864747570074,-91.35112898771776,1057.471482531871,False
"workspace_sampling/contact_points.npy, 1000 rows, seed 0",6343,,False,1,8.526512829121202e-14,0.5577314484723925,58.17038502039138,35.42710841761217,22.74327660277921,402.95643108724266,-60.91430310194981,1005.9529878279392,False
"workspace_sampling/contact_points.npy, 1000 rows, seed 0",6891,,False,1,3.552713678800501e-15,0.13168760057786322,21.739984003665576,21.55743353624578,0.18255046741979442,464.54132276912145,-102.46692613623539,1056.9762032189024,False
"workspace_sampling/contact_points.npy, 1000 rows, seed 0",8422,,False,1,3.552713678800501e-14,0.5501535887641819,57.74036102188033,38.1330981186362,19.607262903244134,431.4625415254831,-66.32730837827114,1008.3030589579491,False
"workspace_sampling/contact_points.npy, 1000 rows, seed 0",7485,,False,1,7.105427357601002e-15,0.1323147234968239,21.807859154857073,21.759459878416774,0.04839927644029984,459.82656573899277,-104.69129386600052,1056.8772578177513,False
"workspace_sampling/contact_points.npy, 1000 rows, seed 0",4954,,False,1,0.0,-0.018063616422595737,4.923854521709177,4.499927303122821,0.42392721858635607,483.9431056630042,-99.17924820138495,1062.4328893456945,False
"workspace_sampling/contact_points.npy, 1000 rows, seed 0",6825,,False,1,7.105427357601002e-15,0.29991489415433864,38.74171027146672,38.687155610569604,0.05455466089711791,477.88921206194374,-104.5628113339543,1049.2727979529059,False
"workspace_sampling/contact_points.npy, 1000 rows, seed 0",4418,,False,1,0.0,0.6066282303108622,60.719911644366675,13.634375792047392,47.08553585231928,348.8512807726614,-62.39399144558213,923.7228836912744,False
"workspace_sampling/contact_points.npy, 1000 rows, seed 0",6921,,False,1,1.7763568394002505e-13,0.21601367200304314,30.592669818642086,29.866352032441963,0.7263177862001235,484.6694648042698,-104.26911495666344,1044.303591457662,False
"rl_inverse_kinematics/ruth/contact_points.npy, 1000 rows, seed 0",929,,False,1,0.0,0.07766816234830598,15.798927712444419,15.614508117960117,0.1844195944843019,501.2339856932078,-117.22497836673854,489.7801403479534,False
"rl_inverse_kinematics/ruth/contact_points.npy, 1000 rows, seed 0",1172,,False,1,0.0,0.05838929785958141,13.638810071425937,13.415600836035265,0.22320923539067117,497.03525239657944,-123.71302444472113,493.32685704604546,False
"rl_inverse_kinematics/ruth/contact_points.npy, 1000 rows, seed 0",1218,,False,1,2.2026824808563106e-13,0.21775254321090676,30.7687930361568,30.331027456231325,0.4377655799254754,490.96882891585597,-122.94734352136237,494.551220156496,False
"rl_inverse_kinematics/ruth/contact_points.npy, 1000 rows, seed 0",1397,,False,1,1.7763568394002505e-15,0.06777516116868258,14.692766870500622,14.101838440704771,0.5909284297958504,502.04785132837424,-123.35598483647834,490.1621474117446,False
"rl_inverse_kinematics/ruth/contact_points.npy, 1000 rows, seed 0",1811,,False,1,3.552713678800501e-15,0.06707219071399,14.613977369862013,14.552795101203065,0.06118226865894805,498.91750407608623,-119.86805466511161,490.0289082627629,False
"rl_inverse_kinematics/ruth/contact_points.npy, 1000 rows, seed 0",2138,,False,1,1.7763568394002505e-15,0.057654930381193646,13.556169492062907,13.519368536299915,0.036800955762991805,491.5786516533845,-119.61796353222164,493.2264415469391,False
"rl_inverse_kinematics/ruth/contact_points.npy, 1000 rows, seed 0",2290,,False,1,0.0,0.014185538509811765,8.62410976990564,8.528075053139068,0.09603471676657271,424.0011323020337,-147.03925850329574,491.0379480414623,False
"rl_inverse_kinematics/ruth/contact_points.npy, 1000 rows, seed 0",3507,,False,1,0.0,0.31817838590137526,40.413096763553696,40.38488422526983,0.02821253828386716,470.3752075485525,-115.53122969736907,478.5738785428456,False
"rl_inverse_kinematics/ruth/contact_points.npy, 1000 rows, seed 0",4353,,False,1,0.0,-0.023222526149742857,4.329505276319223,4.010202838133999,0.31930243818522364,489.919120840529,-103.76400912484758,492.73066508185286,False
"rl_inverse_kinematics/ruth/contact_points.npy, 1000 rows, seed 0",4721,,False,1,1.7763568394002505e-15,0.06411330538083504,14.282076381351745,13.839563489614013,0.44251289173773145,499.0914764243309,-106.98767171488154,489.89316165213535,False
"rl_inverse_kinematics/ruth/contact_points.npy, 1000 rows, seed 0",4782,,False,1,1.8118839761882555e-13,0.2159409362313972,30.585296528453735,29.904393071411565,0.6809034570421701,492.00882701414645,-94.86893753506368,495.0116783196878,False
"rl_inverse_kinematics/ruth/contact_points.npy, 1000 rows, seed 0",5318,,False,1,3.907985046680551e-14,0.05505695847431026,13.263611484855092,13.214914058767542,0.0486974260875499,490.05063233878775,-101.24405701355826,493.42004772037524,False
"rl_inverse_kinematics/ruth/contact_points.npy, 1000 rows, seed 0",5562,,False,1,2.1671553440683056e-13,0.21762733893413816,30.756121091547946,29.927843515427046,0.8282775761209002,496.46362180712947,-93.14964398894925,494.98504408315165,False
"rl_inverse_kinematics/ruth/contact_points.npy, 1000 rows, seed 0",5859,,False,1,0.0,0.24768165388625318,33.75438754786859,33.69217595977981,0.062211588088779024,482.004184016879,-104.38884921641639,483.2337333340441,False
"rl_inverse_kinematics/ruth/contact_points.npy, 1000 rows, seed 0",5893,,False,1,0.0,0.13590277063471143,22.19567476217689,21.987914100583367,0.2077606615935217,490.0204566402505,-100.53261649684595,493.99741014439394,False
"rl_inverse_kinematics/ruth/contact_points.npy, 1000 rows, seed 0",6300,,False,1,1.7408297026122455e-13,0.21521589629703503,30.51177152713532,29.78090924592573,0.7308622812095891,491.64309300682345,-122.76871133680989,494.4410201653907,False
"rl_inverse_kinematics/ruth/contact_points.npy, 1000 rows, seed 0",6423,,False,1,1.3322676295501878e-15,-0.03320662665372448,3.1777492348862015,3.1466933285225664,0.03105590636363509,415.54113645960905,-158.5035427618556,491.02376896600015,False
"rl_inverse_kinematics/ruth/contact_points.npy, 1000 rows, seed 0",6472,,False,1,8.881784197001252e-16,-0.0023883019897323944,6.725982643342056,6.325968237996343,0.4000144053457131,496.4589092420258,-127.56636923193395,491.6975477842566,False
"rl_inverse_kinematics/ruth/contact_points.npy, 1000 rows, seed 0",7027,,False,1,3.552713678800501e-15,0.1367863747024043,22.291040513828193,22.01770106664893,0.2733394471792643,490.3107372283293,-123.20145325192269,493.7588198470469,False
"rl_inverse_kinematics/ruth/contact_points.npy, 1000 rows, seed 0",7164,,False,1,1.9184653865522705e-13,0.2163455586570678,30.626307177238406,30.548201864457088,0.07810531278131805,491.0645581016528,-126.99423254237739,494.5933326360315,False
"rl_inverse_kinematics/ruth/contact_points.npy, 1000 rows, seed 0",7371,,False,1,8.881784197001252e-16,-0.01925910985132305,4.786174510214484,4.26571420363631,0.5204603065781743,493.0807607741535,-125.84385411815913,492.689164172967,False
"rl_inverse_kinematics/ruth/contact_points.npy, 1000 rows, seed 0",8080,,False,1,8.881784197001252e-16,-0.0165969972682429,5.0927157220818575,4.839148620640159,0.2535671014416989,497.98503761924746,-122.86124425228331,491.87614759102087,False
"rl_inverse_kinematics/ruth/contact_points.npy, 1000 rows, seed 0",8232,,False,1,1.1723955140041653e-13,0.2115372526529181,30.137972464075435,29.6557250766305,0.4822473874449358,488.83294062635633,-107.35453415579713,494.96590864959705,False
"rl_inverse_kinematics/ruth/contact_points.npy, 1000 rows, seed 0",8527,,False,1,3.552713678800501e-15,0.13869504157369497,22.496850251471006,21.90747769469224,0.5893725567787662,486.2992914786499,-118.22228868136335,493.87945871432356,False
"rl_inverse_kinematics/ruth/contact_points.npy, 1000 rows, seed 0",9780,,False,1,1.6342482922482304e-13,0.2146359098541923,30.452920785111672,29.843902842494707,0.6090179426169655,491.2428721133361,-99.3415861026842,495.2201358803915,False
"rl_inverse_kinematics/ruth/contact_points.npy, 1000 rows, seed 0",9870,,False,1,1.7408297026122455e-13,0.21513105207892558,30.503164415655235,30.231731087735337,0.2714333279198975,481.5420939955577,-112.26090700380577,494.5914070446125,False
"rl_inverse_kinematics/ruth/contact_points.npy, 1000 rows, seed 0",10456,,False,1,0.0,-0.01666763142141492,5.084584268143913,4.645616688328634,0.43896757981527923,491.20463122985757,-111.88474349730839,491.6967289463289,False
"rl_inverse_kinematics/ruth/contact_points.npy, 1000 rows, seed 0",10472,,False,1,4.085620730620576e-14,0.05529233861759371,13.290130461462569,13.13351801652232,0.15661244494024906,485.5600232854585,-108.59302492599107,493.30518554686023,False
"rl_inverse_kinematics/ruth/contact_points.npy, 1000 rows, seed 0",11480,,False,1,4.263256414560601e-14,0.05548767848998427,13.312136398159506,13.276144353752937,0.035992044406569335,493.3475526359559,-101.6572634199787,493.5130836534129,False
"rl_inverse_kinematics/ruth/contact_points.npy, 1000 rows, seed 0",11595,,False,1,0.0,0.22337735612791215,31.336551329646642,31.272405503139776,0.0641458265068664,484.5997014141737,-109.73272873237694,484.63334840572236,False
"rl_inverse_kinematics/ruth/contact_points.npy, 1000 rows, seed 0",11752,,False,1,1.3322676295501878e-15,-0.029289699229015462,3.6298241149326356,3.4994701801215116,0.130353934811124,492.6807934513391,-113.70701957079754,492.06682952317783,False
"rl_inverse_kinematics/ruth/contact_points.npy, 1000 rows, seed 0",11800,,False,1,8.881784197001252e-16,-0.018649012742375667,4.856440774616133,4.204226125085609,0.6522146495305243,493.59620209305535,-110.85374510482563,491.8298503868625,False
"rl_inverse_kinematics/ruth/contact_points.npy, 1000 rows, seed 0",12104,,False,1,1.7763568394002505e-15,0.07420877199963155,15.412696713115162,15.235644895171204,0.1770518179439584,487.7992311179189,-112.70125602546379,492.3877604778869,False
"rl_inverse_kinematics/ruth/contact_points.npy, 1000 rows, seed 0",12347,,False,1,1.7763568394002505e-15,0.06933595003522895,14.867613415532933,14.392343037486535,0.4752703780463978,502.40175201492815,-140.24941463148227,490.2789258716549,False
"rl_inverse_kinematics/ruth/contact_points.npy, 1000 rows, seed 0",12781,,False,1,0.0,0.13672267753775555,22.28416764510951,22.154340215892198,0.12982742921731116,489.8382916066605,-129.44425151634272,493.7181509406769,False
"rl_inverse_kinematics/ruth/contact_points.npy, 1000 rows, seed 0",12985,,False,1,0.0,0.13771602751370068,22.39131647758392,21.952296851940233,0.439019625643688,489.1787549084452,-126.18756732036681,493.6536834870522,False
"rl_inverse_kinematics/ruth/contact_points.npy, 1000 rows, seed 0",13185,,False,1,8.881784197001252e-16,-0.016937782482938996,5.053483247756952,4.506824675665219,0.546658572091733,490.6482288518606,-124.93730571558042,492.589737326413,False
"rl_inverse_kinematics/ruth/contact_points.npy, 1000 rows, seed 0",13455,,False,1,8.881784197001252e-16,-0.020326238597751404,4.66325147878247,4.372882222239386,0.29036925654308465,496.8710185649379,-129.59961762699277,492.7522327115882,False
"rl_inverse_kinematics/ruth/contact_points.npy, 1000 rows, seed 0",14006,,False,1,1.5987211554602254e-14,0.04971067131599585,12.660601491548915,12.507325044365857,0.15327644718305855,491.66285309951047,-112.12360784029462,493.56383725983943,False
"rl_inverse_kinematics/ruth/contact_points.npy, 1000 rows, seed 0",14423,,False,1,3.552713678800501e-15,0.061537869632194514,13.992841108985171,13.684748718557387,0.3080923904277846,501.07573028451384,-125.55891861991756,490.35491045548906,False
"rl_inverse_kinematics/ruth/contact_points.npy, 1000 rows, seed 0",14931,,False,1,1.7763568394002505e-15,-0.010863340007788849,5.752392172344448,5.566706885774184,0.18568528657026473,426.23636872989505,-58.664086207182514,490.6855147888764,False
"rl_inverse_kinematics/ruth/contact_points.npy, 1000 rows, seed 0",15403,,False,1,3.552713678800501e-15,0.13847777156803665,22.473435322273605,22.194629621484026,0.27880570078957945,483.44008195831856,-119.56258321650388,493.6651335626617,False
"rl_inverse_kinematics/ruth/contact_points.npy, 1000 rows, seed 0",15963,,False,1,7.105427357601002e-15,0.2749682642053213,36.396845749664095,36.36484106072268,0.03200468894141295,477.8999442784569,-118.71628294864763,481.50047260623813,False
"rl_inverse_kinematics/ruth/contact_points.npy, 1000 rows, seed 0",16552,,False,1,1.7763568394002505e-15,-0.024625471646766168,4.167778372721499,4.0548787233798125,0.11289964934168673,490.9382622842241,-117.77651688127081,491.8995852287637,False
"rl_inverse_kinematics/ruth/contact_points.npy, 1000 rows, seed 0",17149,,False,1,3.552713678800501e-15,0.1402416526165469,22.66342904109972,21.968816582025212,0.6946124590745093,480.82147753578954,-112.41324571216195,493.369428757034,False
"rl_inverse_kinematics/ruth/contact_points.npy, 1000 rows, seed 0",17266,,False,1,8.881784197001252e-16,-0.00903884789936156,5.962140329830258,5.5250754489037455,0.4370648809265125,500.92816132624404,-103.4724175070188,491.6707595796145,False
"rl_inverse_kinematics/ruth/contact_points.npy, 1000 rows, seed 0",17336,,False,1,1.7763568394002505e-15,0.06282743884334197,14.137706565816828,13.505567442040338,0.63213912377649,483.28108316146006,-113.20378130153088,492.79351975848186,False
"rl_inverse_kinematics/ruth/contact_points.npy, 1000 rows, seed 0",17357,,False,1,1.7763568394002505e-15,0.056952171504353985,13.477062441828613,13.14832241369467,0.328740028133943,498.00317557973983,-116.62232672506852,490.4414096120398,False
"rl_inverse_kinematics/ruth/contact_points.npy, 1000 rows, seed 0",17447,,False,1,1.7763568394002505e-15,0.0687648231713249,14.803647349801887,14.35460296275018,0.4490443870517069,505.27698798371756,-106.88010815255758,489.6392915093139,False
"rl_inverse_kinematics/ruth/contact_points.npy, 1000 rows, seed 0",17529,,False,1,7.105427357601002e-15,0.22325972732624888,31.3247089032752,31.276658346170095,0.04805055710510686,485.38076871039476,-113.69491614514263,484.6502466046064,False
"rl_inverse_kinematics/ruth/contact_points.npy, 1000 rows, seed 0",18361,,False,1,3.552713678800501e-15,0.13981214297077801,22.617185617941395,22.06421132886881,0.5529742890725835,490.1287716655709,-107.00409260614495,493.7780868172399,False
"rl_inverse_kinematics/ruth/contact_points.npy, 1000 rows, seed 0",19696,,False,1,0.0,-0.004600809562126667,6.471996071295697,5.923087135906892,0.5489089353888055,409.3362065502084,-147.32373087229726,490.8270596935839,False
"rl_inverse_kinematics/ruth/contact_points.npy, 1000 rows, seed 0",19747,,False,1,3.552713678800501e-15,0.13511892249075108,22.111029328853366,21.44355463620281,0.6674746926505577,489.22018079640867,-117.9726138915792,493.79797201836845,False
"rl_inverse_kinematics/ruth/contact_points.npy, 1000 rows, seed 0",19803,,False,1,8.881784197001252e-16,-0.019931159804477645,4.708763638684906,4.337933125668875,0.3708305130160312,493.2213188973294,-131.64308331962758,492.69005038403327,False
"rl_inverse_kinematics/ruth/contact_points.npy, 1000 rows, seed 0",20130,,False,1,1.2079226507921703e-13,0.21183032326858456,30.167798351124276,30.1618737967841,0.005924554340175803,488.8518387462964,-114.87993192107945,494.6725014166898,False
"rl_inverse_kinematics/ruth/contact_points.npy, 1000 rows, seed 0",20441,,False,1,1.7763568394002505e-15,0.06616476405259851,14.51223612244409,14.329264559630971,0.182971562813119,495.1103452217352,-127.49026675975486,489.9913299948318,False
"rl_inverse_kinematics/ruth/contact_points.npy, 1000 rows, seed 0",20569,,False,1,3.552713678800501e-15,0.13956926115653373,22.59102973349638,22.00751765956068,0.5835120739357009,486.8160338564392,-126.80491102663956,493.71557040531553,False
"rl_inverse_kinematics/ruth/contact_points.npy, 1000 rows, seed 0",21472,,False,1,0.0,-0.00762584314252937,6.124525657395121,5.968119598028343,0.15640605936677776,495.2225796566444,-112.01454381779848,491.5857178290446,False
"rl_inverse_kinematics/ruth/contact_points.npy, 1000 rows, seed 0",23139,,False,1,0.0,0.329420495709438,41.42216010739228,41.42043515243079,0.0017249549614888338,468.9325446035807,-107.48300024617868,477.79846677966304,False
"rl_inverse_kinematics/ruth/contact_points.npy, 1000 rows, seed 0",23618,,False,1,3.552713678800501e-15,0.0729654016786295,15.27372613401144,15.027449490875325,0.24627664313611497,485.40776198620233,-117.64592052029099,492.36993014034977,False
"rl_inverse_kinematics/ruth/contact_points.npy, 1000 rows, seed 0",23827,,False,1,0.0,0.14730934539217103,23.422453997103815,23.39780955640484,0.024644440698974535,481.45745764981615,-115.68474684422478,492.7956938446538,False
"rl_inverse_kinematics/ruth/contact_points.npy, 1000 rows, seed 0",23861,,False,1,1.9539925233402755e-14,0.05201299613350256,12.920438625421896,12.613248262093983,0.30719036332791383,498.2311298359832,-121.39070102999871,490.86271757695647,False
"rl_inverse_kinematics/ruth/contact_points.npy, 1000 rows, seed 0",23974,,False,1,8.881784197001252e-16,-0.014105291872109254,5.379489643796087,5.261398378546595,0.11809126524949232,501.34248708257826,-108.83012626052081,491.79753777778194,False
"rl_inverse_kinematics/ruth/contact_points.npy, 1000 rows, seed 0",24400,,False,1,8.881784197001252e-16,-0.03286049802480328,3.2177088035452237,3.065554156464895,0.15215464708032878,493.1667689985666,-120.08851067910518,492.18099961082567,False
"rl_inverse_kinematics/ruth/contact_points.npy, 1000 rows, seed 0",24998,,False,1,0.0,0.05937207228666042,13.749365179543389,13.233837715408713,0.5155274641346761,491.5892786727405,-140.07937380005913,493.17277207032,False
"rl_inverse_kinematics/ruth/contact_points.npy, 1000 rows, seed 0",25279,,False,1,7.105427357601002e-15,0.13787552313164006,22.40851412080363,22.0518380469322,0.3566760738714301,486.78684842957773,-130.07515293974274,493.59031594186393,False
"rl_inverse_kinematics/ruth/contact_points.npy, 1000 rows, seed 0",25594,,False,1,1.7763568394002505e-15,-0.013112739910749705,5.493683665650117,5.415104845568887,0.07857882008122985,491.79913937296726,-137.10787511546064,491.71907964453726,False
"rl_inverse_kinematics/ruth/contact_points.npy, 1000 rows, seed 0",25713,,False,1,1.7763568394002505e-15,-0.023176075906268155,4.334859223511968,4.3114355167871725,0.023423706724795323,490.8507357094064,-122.2253213688148,492.65786649851646,False
"rl_inverse_kinematics/ruth/contact_points.npy, 1000 rows, seed 0",26413,,False,1,0.0,0.15285922880161903,24.015890009355548,23.35455310802379,0.661336901331758,430.6350888544794,-61.06846438292419,489.8528005751107,False
"rl_inverse_kinematics/ruth/contact_points.npy, 1000 rows, seed 0",26918,,False,1,0.0,0.060604210927911455,13.887907757576837,13.297491617823294,0.5904161397535432,485.4828313912257,-127.95223366296551,493.1035052334088,False
"rl_inverse_kinematics/ruth/contact_points.npy, 1000 rows, seed 0",27317,,False,1,0.0,0.06083100599963012,13.913400933581574,13.769673482876685,0.14372745070488868,494.9646771472017,-128.8509984308783,490.1468064544798,False
"rl_inverse_kinematics/ruth/contact_points.npy, 1000 rows, seed 0",27593,,False,1,1.7763568394002505e-15,0.06944708997112801,14.880059159847761,14.460436456175978,0.41962270367178256,496.5262657225543,-119.85346376112307,489.73230548818316,False
"rl_inverse_kinematics/ruth/contact_points.npy, 1000 rows, seed 0",29682,,False,1,1.8829382497642655e-13,0.2162637871369612,30.61802043245785,30.45208734931875,0.1659330831391017,486.0376725512968,-111.24750615592986,494.5728790280367,False
"rl_inverse_kinematics/ruth/contact_points.npy, 1000 rows, seed 0",29736,,False,1,2.3092638912203256e-13,0.21854231183493308,30.848691620454627,30.669356950784074,0.17933466967055267,496.3609624569827,-107.01093258719855,494.797072228071,False
"rl_inverse_kinematics/ruth/contact_points.npy, 1000 rows, seed 0",29860,,False,1,8.881784197001252e-16,-0.020401614847832376,4.654567930069924,4.543581512204349,0.1109864178655755,492.2278874710507,-117.79995780869322,491.7893662678084,False
"rl_inverse_kinematics/ruth/contact_points.npy, 1000 rows, seed 0",30158,,False,1,3.552713678800501e-15,0.07232721971391617,15.202366159745246,14.66518719864933,0.5371789610959166,484.69950855017584,-119.06980730170241,492.3939732998865,False
"rl_inverse_kinematics/ruth/contact_points.npy, 1000 rows, seed 0",31141,,False,1,0.0,0.13900965337959123,22.530749611573626,22.411568685918915,0.11918092565471028,488.4124244341537,-142.08561361468531,493.6672190740321,False
"rl_inverse_kinematics/ruth/contact_points.npy, 1000 rows, seed 0",32072,,False,1,0.0,0.05993406026019223,13.812564415654226,13.436748760279308,0.3758156553749181,489.8325746043683,-136.19692635452543,493.16540258209045,False
"rl_inverse_kinematics/ruth/contact_points.npy, 1000 rows, seed 0",32900,,False,1,0.0,0.06089624454279981,13.92073369907917,13.275819626805198,0.6449140722739717,483.8078719444816,-129.21192777506894,493.0914213027188,False
"rl_inverse_kinematics/ruth/contact_points.npy, 1000 rows, seed 0",34003,,False,1,3.552713678800501e-15,0.14078054132278933,22.721430062853685,22.411656235028772,0.3097738278249125,480.855597521,-125.40610523649747,493.35685386114994,False
"rl_inverse_kinematics/ruth/contact_points.npy, 1000 rows, seed 0",34098,,False,1,2.6290081223123707e-13,0.21998429112687798,30.994420588108664,30.5598656797507,0.4345549083579634,484.6626230799323,-117.63285710583946,494.4121758844188,False
"rl_inverse_kinematics/ruth/contact_points.npy, 1000 rows, seed 0",34760,,False,1,1.7763568394002505e-15,0.0649384647933048,14.374678377371838,14.204388714104457,0.17028966326738093,483.036134171493,-123.90374083988053,492.6371866393281,False
"rl_inverse_kinematics/ruth/contact_points.npy, 1000 rows, seed 0",35970,,False,1,2.3092638912203256e-13,0.21861833270157738,30.85637932756062,30.504096410956905,0.35228291660371625,478.83658533111577,-115.4676676241788,493.9801908183046,False
"rl_inverse_kinematics/ruth/contact_points.npy, 1000 rows, seed 0",36461,,False,1,0.0,0.06618970735082548,14.515033323096041,14.231952794415756,0.2830805286802853,506.8362338454639,-118.69746702404751,489.9386922220182,False
"rl_inverse_kinematics/ruth/contact_points.npy, 1000 rows, seed 0",37871,,False,1,1.7763568394002505e-15,0.06444097531772525,14.318852502710241,14.269525411108127,0.04932709160211424,491.53366491674035,-144.82085181182327,490.1475871307391,False
"rl_inverse_kinematics/ruth/contact_points.npy, 1000 rows, seed 0",38216,,False,1,1.7763568394002505e-15,0.06008169571205258,13.829164520069488,13.468779990682561,0.360384529386927,487.67344080911994,-138.57135403154038,493.1205436086493,False
"rl_inverse_kinematics/ruth/contact_points.npy, 1000 rows, seed 0",38869,,False,1,3.552713678800501e-15,0.1397224648166137,22.60752869185603,22.325811427664952,0.28171726419107657,481.7260120123819,-129.88393419021855,493.5901908472317,False
"rl_inverse_kinematics/ruth/contact_points.npy, 1000 rows, seed 0",38998,,False,1,8.881784197001252e-16,-0.018329409009649737,4.893247006759005,4.74513272582018,0.14811428093882473,488.9401436880145,-135.84936325876458,491.71661959065386,False
"rl_inverse_kinematics/ruth/contact_points.npy, 1000 rows, seed 0",39215,,False,1,1.7763568394002505e-15,0.060796370972978575,13.909507899246085,13.843324904636267,0.06618299460981802,491.56440734351924,-136.35260783764363,490.1240137215902,False
"rl_inverse_kinematics/ruth/contact_points.npy, 1000 rows, seed 0",39297,,False,1,0.0,-0.01900191187854571,4.815797572976541,4.277261971782092,0.5385356011944484,486.838528067319,-124.66026925878712,492.57654458294337,False
"rl_inverse_kinematics/ruth/contact_points.npy, 1000 rows, seed 0",39488,,False,1,1.7763568394002505e-15,0.059705446763296345,13.786857123630615,13.328736457055552,0.4581206665750628,486.22632304124477,-122.91845030904018,493.1449009737491,False
"rl_inverse_kinematics/ruth/contact_points.npy, 1000 rows, seed 0",39848,,False,1,1.7763568394002505e-15,0.05905795457464074,13.714034104831937,13.366134685589737,0.3478994192422,483.76542306471515,-123.77076780294928,493.151528784529,False
"rl_inverse_kinematics/ruth/contact_points.npy, 1000 rows, seed 0",40411,,False,1,0.0,0.14176008775880727,22.826805798250888,21.895055175957605,0.9317506222932828,481.70043573489716,-121.6812458162203,493.620071723313,False
"rl_inverse_kinematics/ruth/contact_points.npy, 1000 rows, seed 0",41100,,False,1,3.304023721284466e-13,0.22231419024871776,31.229467760511888,30.824962528305313,0.4045052322065743,477.4982463698294,-122.88458924542732,493.57740334358306,False
"rl_inverse_kinematics/ruth/contact_points.npy, 1000 rows, seed 0",41235,,False,1,8.881784197001252e-16,-0.021895700565687713,4.48242034244974,4.145683993371286,0.3367363490784543,492.17342435560766,-117.32414530024795,492.764328307901,False
"rl_inverse_kinematics/ruth/contact_points.npy, 1000 rows, seed 0",41652,,False,1,2.6645352591003757e-13,0.22031103260991386,31.027414318747258,30.49962012142794,0.5277941973193165,497.35200203413456,-112.20639931165019,494.760297092462,False
"rl_inverse_kinematics/ruth/contact_points.npy, 1000 rows, seed 0",42633,,False,1,0.0,0.24347367440011417,33.33998218538448,33.33421652940885,0.005765655975629613,488.76099313005,-126.71637550926198,483.59805873193795,False
"rl_inverse_kinematics/ruth/contact_points.npy, 1000 rows, seed 0",42740,,False,1,1.7763568394002505e-15,0.0619290028899482,14.036787995386222,13.41359764276244,0.6231903526237819,489.2629537664281,-118.14565659311026,493.0985069396164,False
"rl_inverse_kinematics/ruth/contact_points.npy, 1000 rows, seed 0",42842,,False,1,1.7763568394002505e-15,0.06778725918601076,14.694122611512215,14.688403113692921,0.005719497819294261,482.5405873295178,-122.16839181052401,492.4810841925681,False
"rl_inverse_kinematics/ruth/contact_points.npy, 1000 rows, seed 0",43695,,False,1,0.0,-0.017990924712777873,4.932225110090493,4.421754258208043,0.5104708518824497,481.3457299607651,-140.1938595436261,492.4169211205806,False
"rl_inverse_kinematics/ruth/contact_points.npy, 1000 rows, seed 0",43917,,False,1,0.0,-0.015293272505743472,5.242781079609786,4.737997289846596,0.5047837897631906,482.98182435655383,-134.5486780526888,492.417324773214,False
"rl_inverse_kinematics/ruth/contact_points.npy, 1000 rows, seed 0",44017,,False,1,0.0,0.14135590606869616,22.783333926817733,22.37070602750321,0.41262789931452204,481.15989956924506,-141.3702481998879,493.4442225079479,False
"rl_inverse_kinematics/ruth/contact_points.npy, 1000 rows, seed 0",44042,,False,1,1.7763568394002505e-15,0.061739510768117734,14.01549798360256,13.35389591218884,0.6616020714137196,480.9753898174831,-140.33356126678765,492.8909677842884,False
"rl_inverse_kinematics/ruth/contact_points.npy, 1000 rows, seed 0",44454,,False,1,3.552713678800501e-15,0.22468434865028353,31.468045293050874,30.813446748577032,0.654598544473842,442.8325143946223,-57.69660629167264,490.44434632310396,False
"rl_inverse_kinematics/ruth/contact_points.npy, 1000 rows, seed 0",45206,,False,1,0.0,0.060965578881981834,13.928526607409626,13.361667121752555,0.566859485657071,481.0354496027072,-131.35455556232154,492.987091720171,False
"rl_inverse_kinematics/ruth/contact_points.npy, 1000 rows, seed 0",45937,,False,1,3.552713678800501e-15,0.1411566170378069,22.761894995753206,22.337981877436917,0.423913118316289,478.392908731005,-129.075321743413,493.5091397251275,False
"rl_inverse_kinematics/ruth/contact_points.npy, 1000 rows, seed 0",46517,,False,1,0.0,0.05702486337570475,13.485246167071871,13.43301926436159,0.052226902710280854,489.9372546056319,-134.18632864988044,490.2534278224931,False
"rl_inverse_kinematics/ruth/contact_points.npy, 1000 rows, seed 0",47096,,False,1,0.0,0.06041202139684741,13.866302549710834,13.682176281538796,0.18412626817203837,479.2298036236443,-124.64077098000786,492.8795204100201,False
"rl_inverse_kinematics/ruth/contact_points.npy, 1000 rows, seed 0",47167,,False,1,3.552713678800501e-15,0.14022624184450724,22.661770060048244,22.40334413233072,0.25842592771752493,486.6798924768131,-119.44090102639395,493.7925677196836,False
"rl_inverse_kinematics/ruth/contact_points.npy, 1000 rows, seed 0",47652,,False,1,2.8066438062523957e-13,0.22066128965519807,31.06277136550496,30.521145671770416,0.5416256937345452,475.6690058374727,-121.5194155001904,493.71243487159865,False
"rl_inverse_kinematics/ruth/contact_points.npy, 1000 rows, seed 0",47908,,False,1,1.7763568394002505e-15,-0.02054585320392422,4.637950941638548,4.590232180733214,0.047718760905334,488.50809565348794,-125.1314744128423,491.7348996696656,False
"rl_inverse_kinematics/ruth/contact_points.npy, 1000 rows, seed 0",48897,,False,1,8.881784197001252e-16,-0.019434893100789316,4.765927651645417,4.381554701512729,0.384372950132688,492.09908414355226,-122.14746118763199,492.6839951832052,False
"rl_inverse_kinematics/ruth/contact_points.npy, 1000 rows, seed 0",50038,,False,1,0.0,0.012734141511621416,8.458224192225524,8.053123939671373,0.40510025255415094,399.3234816130383,-123.03304717674123,490.3476290055968,False
"rl_inverse_kinematics/ruth/contact_points.npy, 1000 rows, seed 0",51166,,False,1,0.0,-0.013442798257143274,5.4557127264382,5.248196345382478,0.20751638105572212,482.05403801489456,-136.48499715622071,491.5527765330252,False
"rl_inverse_kinematics/ruth/contact_points.npy, 1000 rows, seed 0",51213,,False,1,4.440892098500626e-16,-0.03332784796325783,3.163754091592283,2.5595059365030766,0.6042481550892065,401.46403812161856,-119.12669134232121,490.7592829548031,False
"rl_inverse_kinematics/ruth/contact_points.npy, 1000 rows, seed 0",51692,,False,1,1.7763568394002505e-15,0.05959495073591121,13.774431104759849,13.758066998965651,0.01636410579419767,478.49374729817947,-134.06278035001296,492.98093747877033,False
"rl_inverse_kinematics/ruth/contact_points.npy, 1000 rows, seed 0",51821,,False,1,1.7763568394002505e-15,0.06403099730169134,14.272837693132052,14.004850257158493,0.26798743597355923,460.87945108713853,-52.45064726829601,492.8383947346083,False
"rl_inverse_kinematics/ruth/contact_points.npy, 1000 rows, seed 0",51871,,False,1,0.0,0.14091031368457435,22.73539444067403,22.242101526901607,0.49329291377242157,477.1002020082155,-132.64918003531477,493.44136551023036,False
"rl_inverse_kinematics/ruth/contact_points.npy, 1000 rows, seed 0",52407,,False,1,8.881784197001252e-16,-0.012071795663791995,5.613420140599956,5.263844259724696,0.3495758808752605,458.2621391766494,-45.641219425830926,491.3957075971341,False
"rl_inverse_kinematics/ruth/contact_points.npy, 1000 rows, seed 0",52483,,False,1,0.0,0.13977327890675822,22.613000640651958,22.380147434786462,0.23285320586549574,477.3804621888693,-127.4948149245763,493.54082998401043,False
"rl_inverse_kinematics/ruth/contact_points.npy, 1000 rows, seed 0",53185,,False,1,3.552713678800501e-15,0.14390653279886279,23.057468725086245,23.009054190345235,0.048414534741009874,477.4880834199659,-128.15920199259944,492.9530882256963,False
"rl_inverse_kinematics/ruth/contact_points.npy, 1000 rows, seed 0",54194,,False,1,1.7763568394002505e-15,0.06306110456327725,14.163947166550765,13.856834585959986,0.30711258059077906,478.66352781817335,-124.3578518624501,492.67313082280623,False
"rl_inverse_kinematics/ruth/contact_points.npy, 1000 rows, seed 0",54847,,False,1,3.552713678800501e-15,0.14367378771855943,23.03247349884012,22.201435773358167,0.8310377254819521,488.8903488339463,-121.4824465070751,493.60147759370875,False
"rl_inverse_kinematics/ruth/contact_points.npy, 1000 rows, seed 0",54899,,False,1,0.0,0.06726322732495112,14.635391332219328,14.394395999829515,0.2409953323898133,504.3036291541382,-129.20552521008798,489.93714587703414,False
"rl_inverse_kinematics/ruth/contact_points.npy, 1000 rows, seed 0",55106,,False,1,0.0,0.0711964145615015,15.075871166973938,14.676788055324199,0.3990831116497393,481.1000541829543,-127.31254701989351,492.31662361843223,False
"rl_inverse_kinematics/ruth/contact_points.npy, 1000 rows, seed 0",55653,,False,1,0.0,-0.001873673822354129,6.785040819452655,6.700975191004538,0.08406562844811649,477.4749735995618,-138.75374211093248,492.14532528746247,False
"rl_inverse_kinematics/ruth/contact_points.npy, 1000 rows, seed 0",55826,,False,1,3.375077994860476e-14,0.05442958481877765,13.19291642104589,12.75280262752244,0.4401137935234498,477.82258273159454,-140.18469313390926,492.9984618310127,False
"rl_inverse_kinematics/ruth/contact_points.npy, 1000 rows, seed 0",56043,,False,1,0.0,0.005257759355294888,7.602670119565937,7.3623764857775305,0.24029363378840696,478.54104552600126,-134.97474811896492,492.0582565517408,False
"rl_inverse_kinematics/ruth/contact_points.npy, 1000 rows, seed 0",57713,,False,1,1.7763568394002505e-15,0.06737699256002513,14.648142817022281,14.464772360662074,0.18337045636020655,484.690832326306,-137.58809327890765,489.8796743622607,False
"rl_inverse_kinematics/ruth/contact_points.npy, 1000 rows, seed 0",57759,,False,1,4.440892098500626e-16,-0.034429219701317224,3.0365879676935363,2.9327642150949877,0.10382375259854859,403.57406414634437,-112.88849827666617,490.80930529946136,False
"rl_inverse_kinematics/ruth/contact_points.npy, 1000 rows, seed 0",57793,,False,1,0.0,0.14107836112879177,22.75347566994133,22.41822139123538,0.3352542787059498,477.6416001236089,-136.7042431309878,493.36393948762213,False
"rl_inverse_kinematics/ruth/contact_points.npy, 1000 rows, seed 0",58595,,False,1,0.0,0.05664009863397881,13.44192618210281,13.178884702474834,0.26304147962797586,486.0335883908555,-140.2424906148039,490.28165810521347,False
"rl_inverse_kinematics/ruth/contact_points.npy, 1000 rows, seed 0",58977,,False,1,0.0,0.3047077817256255,39.18411538923639,39.144023341811256,0.040092047425133615,467.78686386550646,-125.04441581038526,479.42990527301913,False
"rl_inverse_kinematics/ruth/contact_points.npy, 1000 rows, seed 0",60281,,False,1,0.0,0.07107508777938251,15.062295353481812,14.693196626445461,0.3690987270363504,502.40598476719236,-129.97726736979,489.64490544955254,False
"rl_inverse_kinematics/ruth/contact_points.npy, 1000 rows, seed 0",60589,,False,1,3.552713678800501e-15,0.14051457078350357,22.692806054126564,22.48614780736022,0.20665824676634514,483.86521376633505,-123.32354621232788,493.59729305813505,False
"rl_inverse_kinematics/ruth/contact_points.npy, 1000 rows, seed 0",60785,,False,1,1.7763568394002505e-15,0.05922455226403042,13.732773120720866,13.454862268223792,0.27791085249707415,491.8023168940362,-134.83673677015634,490.2187649079856,False
"rl_inverse_kinematics/ruth/contact_points.npy, 1000 rows, seed 0",61132,,False,1,0.0,-0.02474235006881477,4.1543032294844435,3.9652995662224706,0.18900366326197293,485.270374338941,-131.83465916425482,491.80050404412464,False
"rl_inverse_kinematics/ruth/contact_points.npy, 1000 rows, seed 0",61584,,False,1,1.5276668818842154e-13,0.21427370989332917,30.416152741737267,29.58684012627666,0.8293126154606085,472.85807476310436,-142.12314130815244,494.09532953414384,False
"rl_inverse_kinematics/ruth/contact_points.npy, 1000 rows, seed 0",62304,,False,1,3.055333763768431e-13,0.2214406109042009,31.141398938629955,30.418661268880783,0.7227376697491721,472.2529600737001,-142.09592648320364,493.7293422311848,False
"rl_inverse_kinematics/ruth/contact_points.npy, 1000 rows, seed 0",62397,,False,1,1.7763568394002505e-14,0.05157381794401788,12.870891767323702,12.849940676207783,0.02095109111591853,474.35113144467516,-129.8425767958517,491.06322753362076,False
"rl_inverse_kinematics/ruth/contact_points.npy, 1000 rows, seed 0",62907,,False,1,8.881784197001252e-16,-0.037831732935293565,2.6436018943500943,2.6113157343995215,0.032286159950572824,397.6321461276072,-111.6986357941895,490.7237457931004,False
"rl_inverse_kinematics/ruth/contact_points.npy, 1000 rows, seed 0",63642,,False,1,2.8421709430404007e-13,0.22055714377720867,31.052259471666282,30.857896386434827,0.19436308523145485,475.153384058794,-134.24644416057322,493.9538814672097,False
"rl_inverse_kinematics/ruth/contact_points.npy, 1000 rows, seed 0",63647,,False,1,3.552713678800501e-15,0.0658458171099845,14.476465959903488,14.429098076475388,0.047367883428099944,480.3002836816435,-141.92015004519445,489.8953294661352,False
"rl_inverse_kinematics/ruth/contact_points.npy, 1000 rows, seed 0",63919,,False,1,0.0,0.13254110566845945,21.832354374161632,21.692237428451172,0.14011694571046007,485.52573095637337,-128.00522149768298,493.9906348033527,False
"rl_inverse_kinematics/ruth/contact_points.npy, 1000 rows, seed 0",64377,,False,1,8.881784197001252e-16,-0.018774695972630588,4.841966217657716,4.483418250198035,0.358547967459681,475.8775377879622,-135.47566012264318,492.357560543677,False
"rl_inverse_kinematics/ruth/contact_points.npy, 1000 rows, seed 0",64586,,False,1,1.7763568394002505e-15,0.0599845708630121,13.8182439348839,13.66970800941728,0.14853592546662142,475.6442309185431,-132.00251928624883,492.92037235281884,False
"rl_inverse_kinematics/ruth/contact_points.npy, 1000 rows, seed 0",65547,,False,1,1.4210854715202004e-14,0.37717258361311734,45.5321569646144,45.524063640682215,0.008093323932186536,461.91878091538814,-113.29500960461894,474.20312288736125,False
"rl_inverse_kinematics/ruth/contact_points.npy, 1000 rows, seed 0",65684,,False,1,1.7763568394002505e-15,0.06443756715101918,14.318470013083232,14.061273542954813,0.2571964701284184,474.69094171353794,-130.40408585858754,492.5236668844333,False
"rl_inverse_kinematics/ruth/contact_points.npy, 1000 rows, seed 0",65860,,False,1,4.440892098500626e-16,-0.02710294719875325,3.8820877647565224,3.348769926148654,0.5333178386078683,481.28505992195994,-136.75897274397337,491.8245477650024,False
"rl_inverse_kinematics/ruth/contact_points.npy, 1000 rows, seed 0",66022,,False,1,0.0,-0.011399303252073388,5.69076093783466,5.503994046334964,0.18676689149969583,493.2222422418817,-129.18220251708195,491.7041388059313,False
"rl_inverse_kinematics/ruth/contact_points.npy, 1000 rows, seed 0",66034,,False,1,8.881784197001252e-16,-0.010523569147473578,5.791459307279616,5.747312853975047,0.04414645330456857,495.34933016034023,-129.07553669461754,491.7194511127441,False
"rl_inverse_kinematics/ruth/contact_points.npy, 1000 rows, seed 0",67131,,False,1,8.881784197001252e-16,-0.01916801004611974,4.796667196337405,4.421797656991754,0.37486953934565115,487.15760373125096,-129.42195284133973,492.59366581914696,False
"rl_inverse_kinematics/ruth/contact_points.npy, 1000 rows, seed 0",67338,,False,1,3.019806626980426e-13,0.22126973954801252,31.124164261147396,30.721854306139313,0.4023099550080822,489.42413461047425,-126.54017205196439,494.3137257185001,False
"rl_inverse_kinematics/ruth/contact_points.npy, 1000 rows, seed 0",67450,,False,1,0.0,-0.027049427098588204,3.8882607071076682,3.8758886231640153,0.012372083943652967,482.6059658143661,-134.84687020474092,491.8112276552872,False
"rl_inverse_kinematics/ruth/contact_points.npy, 1000 rows, seed 0",67682,,False,1,0.0,0.05721417138405678,13.506557507854433,13.36070516456088,0.14585234329355323,467.5977717207076,-150.24692147744676,492.7236595626256,False
"rl_inverse_kinematics/ruth/contact_points.npy, 1000 rows, seed 0",68021,,False,1,1.7763568394002505e-15,0.06832285056562828,14.754135331452568,14.36331606610421,0.39081926534835887,473.15676227065245,-158.19950044774808,489.7790423379815,False
"rl_inverse_kinematics/ruth/contact_points.npy, 1000 rows, seed 0",68618,,False,1,1.7763568394002505e-15,0.06049407722872187,13.875527164889247,13.241957481234168,0.6335696836550788,469.9900525108809,-145.49143787461634,492.6838029630983,False
"rl_inverse_kinematics/ruth/contact_points.npy, 1000 rows, seed 0",68624,,False,1,3.552713678800501e-15,0.06028535162380166,13.852061864283382,13.346610149915834,0.5054517143675472,470.331651475017,-145.2408727488381,492.70238508545503,False
"rl_inverse_kinematics/ruth/contact_points.npy, 1000 rows, seed 0",68720,,False,1,2.1316282072803006e-14,0.05164103896927662,12.878476013733597,12.33752643156717,0.5409495821664265,477.7644747072921,-137.22045633891176,493.0964908941106,False
"rl_inverse_kinematics/ruth/contact_points.npy, 1000 rows, seed 0",68745,,False,1,8.881784197001252e-16,-0.019475470043788447,4.761253870948029,4.534877814288985,0.2263760566590438,475.6354404928295,-150.252561474965,492.33093895062393,False
"rl_inverse_kinematics/ruth/contact_points.npy, 1000 rows, seed 0",69017,,False,1,1.7763568394002505e-15,0.06822668888746598,14.743361520310268,14.690839622187672,0.052521898122595445,474.8149310753488,-148.1930226489308,489.80094385786936,False
"rl_inverse_kinematics/ruth/contact_points.npy, 1000 rows, seed 0",69796,,False,1,8.881784197001252e-16,-0.010880511341858098,5.750417723044442,5.281787744709806,0.4686299783346355,475.9820645172622,-139.77697960601728,491.4182083469384,False
"rl_inverse_kinematics/ruth/contact_points.npy, 1000 rows, seed 0",70993,,False,1,3.552713678800501e-15,0.13958429266788014,22.59264859619813,22.0978962735046,0.4947523226935324,483.40892214060943,-128.6719912080391,493.6778418563059,False
"rl_inverse_kinematics/ruth/contact_points.npy, 1000 rows, seed 0",71172,,False,1,2.5579538487363607e-13,0.2196169079683505,30.957310862566246,30.734766668352748,0.2225441942134978,482.0678160119845,-128.10738613081804,494.2453468335876,False
"rl_inverse_kinematics/ruth/contact_points.npy, 1000 rows, seed 0",71569,,False,1,0.0,0.14321868224250903,22.983586878646683,21.939687129454054,1.0438997491926294,485.11278038869824,-127.99679850818833,493.6105840037802,False
"rl_inverse_kinematics/ruth/contact_points.npy, 1000 rows, seed 0",71875,,False,1,3.552713678800501e-15,0.14210441320017705,22.863830490585613,22.327884943555738,0.5359455470298755,474.0671376022719,-128.11154083108858,493.2649873359639,False
"rl_inverse_kinematics/ruth/contact_points.npy, 1000 rows, seed 0",72048,,False,1,2.7000623958883807e-13,0.2201615141932994,31.012317490222564,30.75546125343413,0.2568562367884333,471.62114347790316,-126.37125060334432,493.76628225168395,False
"rl_inverse_kinematics/ruth/contact_points.npy, 1000 rows, seed 0",73059,,False,1,0.0,0.3369077548070556,42.085642210554,42.083754544226515,0.001887666327483828,472.3284723592993,-115.09423682184412,477.34052751433313,False
"rl_inverse_kinematics/ruth/contact_points.npy, 1000 rows, seed 0",73522,,False,1,0.0,-0.010940459258748621,5.743524543237196,5.440765820434075,0.3027587228031212,496.1196987063764,-135.6257428796626,491.78848773501016,False
"rl_inverse_kinematics/ruth/contact_points.npy, 1000 rows, seed 0",73953,,False,1,0.0,-0.018593026948025462,4.862888377514255,4.312144593236532,0.5507437842777234,467.86603200437196,-156.9023430675666,492.1508640056667,False
"rl_inverse_kinematics/ruth/contact_points.npy, 1000 rows, seed 0",74188,,False,1,0.0,-0.022678223589855558,4.3922398918836825,3.5769130542265453,0.8153268376571372,464.4047764635252,-69.6351413717362,492.0603257567883,False
"rl_inverse_kinematics/ruth/contact_points.npy, 1000 rows, seed 0",74328,,False,1,0.0,0.22309523994201394,31.30814671241829,30.547821563112464,0.7603251493058245,467.92419155344066,-151.83947720705473,493.5733768824157,False
"rl_inverse_kinematics/ruth/contact_points.npy, 1000 rows, seed 0",74721,,False,1,8.881784197001252e-16,-0.019954309202197536,4.706096974197181,4.56340391827282,0.14269305592436154,469.34245304307524,-151.28001290893823,492.207299207392,False
"rl_inverse_kinematics/ruth/contact_points.npy, 1000 rows, seed 0",74977,,False,1,3.552713678800501e-15,0.1422888046265396,22.883654235894245,22.768723110073854,0.11493112582039089,464.53269880468923,-57.885935108679696,490.8358684203937,False
"rl_inverse_kinematics/ruth/contact_points.npy, 1000 rows, seed 0",76607,,False,1,5.329070518200751e-15,0.05995643106292769,13.815079850989386,13.722895793301056,0.09218405768833016,482.21556844012304,-55.45385951122128,493.5829204275732,False
"rl_inverse_kinematics/ruth/contact_points.npy, 1000 rows, seed 0",76969,,False,1,0.0,0.14585472141407727,23.26653538718461,23.068524309963834,0.1980110772207766,478.0304834517959,-46.6760438648011,491.0029536457936,False
"rl_inverse_kinematics/ruth/contact_points.npy, 1000 rows, seed 0",77201,,False,1,3.552713678800501e-14,0.054809212939411815,13.235696634690136,12.91790571840521,0.31779091628492573,479.464611732231,-146.39512316605993,490.3363342906715,False
"rl_inverse_kinematics/ruth/contact_points.npy, 1000 rows, seed 0",78255,,False,1,8.881784197001252e-16,-0.019278285242222644,4.783965905585441,4.429568561246222,0.354397344339219,479.8280441478333,-132.24266805259987,492.4733673521711,False
"rl_inverse_kinematics/ruth/contact_points.npy, 1000 rows, seed 0",78370,,False,1,8.881784197001252e-16,-0.025592265702465866,4.056306626550156,3.81760556762704,0.238701058923116,475.9420723689415,-137.95340508726702,491.6633489832517,False
"rl_inverse_kinematics/ruth/contact_points.npy, 1000 rows, seed 0",79251,,False,1,1.7763568394002505e-15,-0.02083014949623572,4.605197273313314,4.350187224319063,0.25501004899425084,487.52856237168413,-133.9507880480828,492.6514779292578,False
"rl_inverse_kinematics/ruth/contact_points.npy, 1000 rows, seed 0",79962,,False,1,2.0961010704922955e-13,0.21736499443577467,30.729564381974104,30.489096763254206,0.2404676187198973,460.4781007449374,-149.8083604593458,493.7283035778181,False
"rl_inverse_kinematics/ruth/contact_points.npy, 1000 rows, seed 0",80192,,False,1,3.552713678800501e-14,0.054667464123227795,13.219723758002052,13.11402949308525,0.1056942649168029,464.36203008299793,-146.87198749559317,492.71654392988773,False
"rl_inverse_kinematics/ruth/contact_points.npy, 1000 rows, seed 0",80263,,False,1,0.0,0.14210459974738848,22.86385054734264,22.300307620133978,0.5635429272086618,466.71602639458547,-155.93687572052323,493.0375431646795,False
"rl_inverse_kinematics/ruth/contact_points.npy, 1000 rows, seed 0",81190,,False,1,0.0,0.022092640700665495,9.52661031984657,9.517984400009832,0.00862591983673866,476.8405053361615,-144.85448074466885,490.83501601781984,False
"rl_inverse_kinematics/ruth/contact_points.npy, 1000 rows, seed 0",82507,,False,1,0.0,0.14781760420998782,23.47689650422627,23.213381238458165,0.26351526576810613,477.1584453397759,-50.139893728328744,490.8457317779395,False
"rl_inverse_kinematics/ruth/contact_points.npy, 1000 rows, seed 0",83041,,False,1,0.0,0.1402970634471178,22.669393917046087,22.244858750612416,0.42453516643367095,472.2230969280801,-133.6607219500491,493.3586959130802,False
"rl_inverse_kinematics/ruth/contact_points.npy, 1000 rows, seed 0",84387,,False,1,8.881784197001252e-16,-0.018447833281929688,4.879609282551622,4.359023288760108,0.5205859937915145,476.3667792902766,-133.86717657591402,492.38264740518593,False
"rl_inverse_kinematics/ruth/contact_points.npy, 1000 rows, seed 0",85607,,False,1,1.7763568394002505e-15,0.06745103749137107,14.656441869124164,14.495978602957766,0.1604632661663974,490.95609688791427,-144.5794889234055,489.9196117410919,False
"rl_inverse_kinematics/ruth/contact_points.npy, 1000 rows, seed 0",86005,,False,1,7.105427357601002e-15,0.13868262260089037,22.49551196444812,21.987706919909655,0.5078050445384648,491.86818753244114,-138.00915689472276,493.87851044926396,False
"rl_inverse_kinematics/ruth/contact_points.npy, 1000 rows, seed 0",86229,,False,1,0.0,-0.016437757819620463,5.111047066888546,4.275786646056333,0.8352604208322134,461.5380052053645,-158.78173054961943,492.00139963222927,False
"rl_inverse_kinematics/ruth/contact_points.npy, 1000 rows, seed 0",87106,,False,1,1.7763568394002505e-15,0.02006703814565246,9.295615157897025,9.027668378212606,0.2679467796844186,401.9955000981515,-93.08394759906842,490.3090823406013,False
"rl_inverse_kinematics/ruth/contact_points.npy, 1000 rows, seed 0",87800,,False,1,3.552713678800501e-15,0.06010207587350994,13.831455980964995,13.416892820348721,0.4145631606162734,463.48635193895876,-144.03841470247636,492.5875849280915,False
"rl_inverse_kinematics/ruth/contact_points.npy, 1000 rows, seed 0",88704,,False,1,7.105427357601002e-15,0.22410477859715958,31.409756082016244,31.380042474740968,0.029713607275276388,465.49641997997196,-140.02662897816816,493.74442431800446,False
"rl_inverse_kinematics/ruth/contact_points.npy, 1000 rows, seed 0",89050,,False,1,0.0,-0.0014168768479181743,6.837456273933954,6.539217797789953,0.2982384761440011,478.9885597048082,-139.2491956403061,491.344611689051,False
"rl_inverse_kinematics/ruth/contact_points.npy, 1000 rows, seed 0",89080,,False,1,0.0,-0.019821202411453933,4.721429878796839,4.1833117743819574,0.538118104414882,489.39361163715796,-55.528474070185624,492.7643460053582,False
"rl_inverse_kinematics/ruth/contact_points.npy, 1000 rows, seed 0",91005,,False,1,8.881784197001252e-16,-0.020536221011643912,4.639060632749258,4.19133865136092,0.4477219813883382,488.809943798798,-138.55356799241912,492.7712673394666,False
"rl_inverse_kinematics/ruth/contact_points.npy, 1000 rows, seed 0",91074,,False,1,3.090860900556436e-13,0.22163722749035708,31.16122693305421,30.312291288021033,0.8489356450331762,470.4502760779951,-128.70762412949256,493.66125493833,False
"rl_inverse_kinematics/ruth/contact_points.npy, 1000 rows, seed 0",91153,,False,1,3.552713678800501e-15,0.14190592420821463,22.842488376067863,22.016096983237865,0.8263913928299971,482.79809234495684,-134.78440609983272,493.5578627550354,False
"rl_inverse_kinematics/ruth/contact_points.npy, 1000 rows, seed 0",91264,,False,1,8.881784197001252e-16,-0.025333347013056406,4.0861618699181586,4.00062461377456,0.0855372561435983,473.1359388076927,-139.37326728463722,491.59156137429096,False
"rl_inverse_kinematics/ruth/contact_points.npy, 1000 rows, seed 0",92816,,False,1,0.0,0.06374174504753016,14.240367905376909,14.224370914902677,0.015996990474231865,474.27912595006194,-66.61599555166127,491.1529006701894,False
"rl_inverse_kinematics/ruth/contact_points.npy, 1000 rows, seed 0",93596,,False,1,0.0,0.057786301515594475,13.570954925924163,13.346604448672318,0.22435047725184454,461.19371099921585,-143.94682580157024,492.58883835890583,False
"rl_inverse_kinematics/ruth/contact_points.npy, 1000 rows, seed 0",93725,,False,1,1.7763568394002505e-15,0.06311726326647776,14.170253382448935,14.037274317900682,0.1329790645482536,463.830653075302,-155.63974213472787,489.7625814032843,False
"rl_inverse_kinematics/ruth/contact_points.npy, 1000 rows, seed 0",93753,,False,1,8.881784197001252e-16,-0.02032095351160777,4.663860330503964,4.400505592164047,0.26335473833991774,460.33223823240877,-146.71697792316203,492.0452861934428,False
"rl_inverse_kinematics/ruth/contact_points.npy, 1000 rows, seed 0",93921,,False,1,8.881784197001252e-16,-0.019934817040483013,4.708342348949746,4.49588501994232,0.21245732900742542,461.39569151941225,-147.68311198099943,492.0660857438878,False
"rl_inverse_kinematics/ruth/contact_points.npy, 1000 rows, seed 0",94208,,False,1,1.7763568394002505e-15,0.060460525628803476,13.871755374059456,13.42546096114606,0.4462944129133959,482.5951186570853,-56.687763954397845,491.36494269000207,False
"rl_inverse_kinematics/ruth/contact_points.npy, 1000 rows, seed 0",94213,,False,1,0.0,0.1280459052784299,21.345297096174654,20.862926245407035,0.48237085076761943,404.15238343803384,-84.60508480290262,491.03837819066575,False
"rl_inverse_kinematics/ruth/contact_points.npy, 1000 rows, seed 0",94937,,False,1,1.7763568394002505e-15,0.06521548878258748,14.405759443819573,14.214472643795988,0.191286800023585,467.9418820595624,-146.3071376338902,489.7126880079785,False
"rl_inverse_kinematics/ruth/contact_points.npy, 1000 rows, seed 0",95259,,False,1,8.881784197001252e-16,-0.01822255829248836,4.905551656689183,4.851999354428291,0.05355230226089169,464.6805499038792,-141.37374226129958,492.100868860992,False
"rl_inverse_kinematics/ruth/contact_points.npy, 1000 rows, seed 0",95814,,False,1,0.0,0.22377961302241425,31.37703904123392,30.77929247264648,0.5977465685874428,463.5057397465743,-134.58135420941306,493.3156832767887,False
"rl_inverse_kinematics/ruth/contact_points.npy, 1000 rows, seed 0",96534,,False,1,2.4158453015843406e-13,0.21891537509628115,30.886412890223607,30.59480669835355,0.29160619187005565,480.5761592350392,-135.33599779261237,494.2329813416252,False
"rl_inverse_kinematics/ruth/contact_points.npy, 1000 rows, seed 0",97388,,False,1,1.7763568394002505e-15,0.06370434972967079,14.236169827048721,14.020687252674888,0.21548257437383356,467.7509768427638,-132.4193255769005,492.3829954157517,False
"rl_inverse_kinematics/ruth/contact_points.npy, 1000 rows, seed 0",97724,,False,1,2.842170943040401e-14,0.053800741553521395,13.122037793290835,13.092142971306457,0.029894821984377984,487.1727901844301,-141.56661130811585,493.3780121508373,False
"rl_inverse_kinematics/ruth/contact_points.npy, 1000 rows, seed 0",97823,,False,1,1.7763568394002505e-15,0.057252998747485614,13.51092829135194,13.187139617195472,0.32378867415646795,474.50129078422304,-147.64390242439657,490.1222194533002,False
"rl_inverse_kinematics/ruth/contact_points.npy, 1000 rows, seed 0",99854,,False,1,1.7763568394002505e-15,0.061178462604739366,13.952452475904973,13.471925528634106,0.4805269472708673,458.35700029840774,-148.93300586820422,492.43444771171335,False
"rl_inverse_kinematics/ruth/contact_points.npy, 1000 rows, seed 0",100200,,False,1,8.881784197001252e-14,0.20784552631464343,29.76158703003629,29.718697311119797,0.042889718916491404,470.7199520154834,-138.84685700549977,494.40869063873583,False
"rl_inverse_kinematics/ruth/contact_points.npy, 1000 rows, seed 0",100537,,False,1,3.552713678800501e-15,0.14892412029468788,23.59535546286956,23.478367498091835,0.11698796477772433,486.79481717044314,-57.393094195179884,490.9671088008447,False
"rl_inverse_kinematics/ruth/contact_points.npy, 1000 rows, seed 0",101983,,False,1,3.552713678800501e-15,0.1434775754086133,23.01139857244357,22.553084034478363,0.45831453796520805,462.1240548519853,-134.8542806015986,492.83263655094714,False
"rl_inverse_kinematics/ruth/contact_points.npy, 1000 rows, seed 0",104395,,False,1,3.552713678800501e-15,0.14021486924439505,22.66054578025184,22.291056177430093,0.3694896028217478,478.1937967319947,-140.1988838980067,493.46797081696434,False
"rl_inverse_kinematics/ruth/contact_points.npy, 1000 rows, seed 0",104398,,False,1,1.7763568394002505e-15,-0.0167902277742702,5.070470621523197,4.920128477613527,0.15034214390967016,477.5472036883772,-146.33452268581786,491.53731694063265,False
"rl_inverse_kinematics/ruth/contact_points.npy, 1000 rows, seed 0",105695,,False,1,2.842170943040401e-14,0.053046592331090145,13.03701198706002,12.68174911461855,0.3552628724414699,482.6847881063527,-72.30041162067577,493.4787586894338,False
"rl_inverse_kinematics/ruth/contact_points.npy, 1000 rows, seed 0",107722,,False,1,1.7763568394002505e-15,-0.024312198049210053,4.203894954971595,4.1621642336193,0.0417307213522955,461.440502549701,-146.3618072544333,491.36146657574466,False
"rl_inverse_kinematics/ruth/contact_points.npy, 1000 rows, seed 0",107870,,False,1,1.7763568394002505e-15,0.05626686378620199,13.39989779551017,12.83687727832274,0.5630205171874305,473.63263468186483,-139.2204700880304,492.9828331184452,False
"rl_inverse_kinematics/ruth/contact_points.npy, 1000 rows, seed 0",108015,,False,1,8.881784197001252e-16,-0.021680125387385684,4.507261675825163,4.331673035987098,0.1755886398380646,466.976560540048,-138.88517022192497,492.2361778650759,False
"rl_inverse_kinematics/ruth/contact_points.npy, 1000 rows, seed 0",108623,,False,1,0.0,0.0690641148355774,14.837169978926243,14.53926407424839,0.2979059046778527,473.61599227616324,-147.01822072014568,489.6245437448042,False
"rl_inverse_kinematics/ruth/contact_points.npy, 1000 rows, seed 0",109825,,False,1,0.0,0.14643912541375018,23.329195393912784,22.830615298593752,0.49858009531903136,462.17157700818234,-131.16283703660787,492.35191413873747,False
"rl_inverse_kinematics/ruth/contact_points.npy, 1000 rows, seed 0",110441,,False,1,1.4210854715202004e-14,0.049419493958238754,12.627722939188573,12.448470650990329,0.1792522881982439,465.26435928358154,-152.37141093341253,490.40123507448936,False
"rl_inverse_kinematics/ruth/contact_points.npy, 1000 rows, seed 0",110959,,False,1,7.105427357601002e-15,0.13003518618829676,21.56100845761619,20.908263390849093,0.6527450667670962,456.23073245364674,-144.1848342107346,493.31888752260227,False
"rl_inverse_kinematics/ruth/contact_points.npy, 1000 rows, seed 0",111255,,False,1,1.7763568394002505e-15,-0.017887478987037634,4.944136880042201,4.379125278857622,0.5650116011845796,485.3472171036056,-72.96651418041293,491.85695780181754,False
"rl_inverse_kinematics/ruth/contact_points.npy, 1000 rows, seed 0",112052,,False,1,5.329070518200751e-15,0.04510672882212653,12.140311730738249,12.132441325752751,0.00787040498549807,407.6590741291837,-73.54203207780552,490.94748037458703,False
"rl_inverse_kinematics/ruth/contact_points.npy, 1000 rows, seed 0",112056,,False,1,2.5579538487363607e-13,0.2197020901031452,30.96591632947289,30.151632808872865,0.814283520600025,457.41990786885424,-140.9894759123483,493.51835624647333,False
"rl_inverse_kinematics/ruth/contact_points.npy, 1000 rows, seed 0",112201,,False,1,7.105427357601002e-15,0.14185902850123291,22.837445596387234,22.151264999045377,0.6861805973418562,452.7950825099051,-142.78395211223437,492.79445408044717,False
"rl_inverse_kinematics/ruth/contact_points.npy, 1000 rows, seed 0",113280,,False,1,0.0,0.2272521679299975,31.725910439902734,31.215496931209053,0.5104135086936807,455.73003140169754,-140.675750066356,493.2818719127571,False
"rl_inverse_kinematics/ruth/contact_points.npy, 1000 rows, seed 0",113734,,False,1,0.0,-0.017703204417854678,4.965355499031787,4.771744265197785,0.19361123383400258,458.7174617818209,-142.62472127383677,491.21499445381505,False
"rl_inverse_kinematics/ruth/contact_points.npy, 1000 rows, seed 0",114497,,False,1,0.0,0.05746181937598438,13.534433961181449,13.37710089752733,0.1573330636541197,460.95477485694994,-147.73345745049963,489.90122055883796,False
"rl_inverse_kinematics/ruth/contact_points.npy, 1000 rows, seed 0",114539,,False,1,1.7763568394002505e-15,0.06326917365202413,14.187311056967499,13.968636187423549,0.21867486954394977,464.8210143408781,-146.8771422307934,489.7141238675467,False
"rl_inverse_kinematics/ruth/contact_points.npy, 1000 rows, seed 0",114832,,False,1,1.7763568394002505e-15,-0.026108665019298836,3.996758029610616,3.8261391262062157,0.17061890340440033,460.300954131406,-144.5183992287061,491.3688416263053,False
"rl_inverse_kinematics/ruth/contact_points.npy, 1000 rows, seed 0",114922,,False,1,0.0,-0.016892989617035226,5.058640120113248,4.809625498460242,0.24901462165300625,465.83915083246524,-142.0483212394586,491.3363203016215,False
"rl_inverse_kinematics/ruth/contact_points.npy, 1000 rows, seed 0",115232,,False,1,0.0,0.06435319335136727,14.309000782344746,13.950060751264187,0.35894003108055905,460.38017372938117,-134.36851461858691,492.21999818634805,False
"rl_inverse_kinematics/ruth/contact_points.npy, 1000 rows, seed 0",115428,,False,1,2.877698079828406e-13,0.220846540755988,31.08146701617233,30.555165322656958,0.5263016935153715,461.0053115125458,-130.1136185358745,493.3427126331503,False
"rl_inverse_kinematics/ruth/contact_points.npy, 1000 rows, seed 0",115521,,False,1,8.881784197001252e-16,-0.02070538840025584,4.619571163562391,4.344174536860025,0.2753966267023662,470.4026353547635,-141.349938336637,492.29777963610263,False
"rl_inverse_kinematics/ruth/contact_points.npy, 1000 rows, seed 0",115735,,False,1,7.105427357601002e-15,0.14081566425995257,22.725209646635914,21.98579482191468,0.7394148247212335,474.8346929171107,-141.73881306162744,493.4124037197553,False
"rl_inverse_kinematics/ruth/contact_points.npy, 1000 rows, seed 0",116429,,False,1,2.6645352591003757e-14,0.05362018947679547,13.101683967864576,12.892075416044252,0.2096085518203239,463.39366057251056,-150.82243120138546,490.08974819558637,False
"rl_inverse_kinematics/ruth/contact_points.npy, 1000 rows, seed 0",117120,,False,1,3.552713678800501e-15,0.22412003621214938,31.411291001894472,31.332682012116774,0.07860898977769892,444.8450451091936,-154.06210629013063,493.2418100091594,False
"rl_inverse_kinematics/ruth/contact_points.npy, 1000 rows, seed 0",117256,,False,1,8.881784197001252e-16,-0.0005374716736800903,6.938347963170374,6.551494114464534,0.38685384870584016,448.4500379642961,-149.16656910228,490.7315038635953,False
"rl_inverse_kinematics/ruth/contact_points.npy, 1000 rows, seed 0",118049,,False,1,3.552713678800501e-15,0.08471273455442303,16.583467021719716,16.246016126467346,0.3374508952523705,458.2766981308045,-151.6229227709074,488.7320249100643,False
"rl_inverse_kinematics/ruth/contact_points.npy, 1000 rows, seed 0",118196,,False,1,7.105427357601002e-15,0.0453547256197253,12.16836099432874,12.104492038060043,0.06386895626869737,410.76004496869996,-69.6208588763579,491.0038952995526,False
"rl_inverse_kinematics/ruth/contact_points.npy, 1000 rows, seed 0",118904,,False,1,3.552713678800501e-15,0.06055558955755944,13.882442095585796,13.337899444160861,0.5445426514249352,451.66430019540695,-141.4629197432855,492.32343541116995,False
"rl_inverse_kinematics/ruth/contact_points.npy, 1000 rows, seed 0",119374,,False,1,1.7763568394002505e-15,-0.020006968088530436,4.700030959991115,4.260227277958039,0.43980368203307574,501.95923441201285,-69.36549753090499,492.8793068417099,False
"rl_inverse_kinematics/ruth/contact_points.npy, 1000 rows, seed 0",119592,,False,1,5.3290705182007514e-14,0.20225581640090334,29.189329295788625,28.986325784696994,0.20300351109163017,421.62980821623313,-70.83769616667985,492.00899292649615,False
"rl_inverse_kinematics/ruth/contact_points.npy, 1000 rows, seed 0",119634,,False,1,2.913225216616411e-13,0.22090078802413174,31.0869410658332,30.9330721606934,0.15386890513980234,453.6396858951129,-138.15165406159716,493.3601897032476,False
"rl_inverse_kinematics/ruth/contact_points.npy, 1000 rows, seed 0",119845,,False,1,3.552713678800501e-15,0.14389405916311762,23.056129242360765,22.464914819397737,0.5912144229630272,454.6668007791094,-137.33648059356972,492.7149288982173,False
"rl_inverse_kinematics/ruth/contact_points.npy, 1000 rows, seed 0",121252,,False,1,8.881784197001252e-16,-0.017789720134995954,4.955393588701491,4.486180560165384,0.4692130285361067,462.87588612951754,-142.35882388617054,491.2952675604974,False
"rl_inverse_kinematics/ruth/contact_points.npy, 1000 rows, seed 0",122068,,False,1,8.881784197001252e-16,-0.013619064425707773,5.435433462911171,5.1177609148498835,0.31767254806128786,469.90083406175285,-147.77014373543997,491.3574946342999,False
"rl_inverse_kinematics/ruth/contact_points.npy, 1000 rows, seed 0",123637,,False,1,0.0,0.1275874569473697,21.295546018170256,21.023604362387026,0.2719416557832304,454.2307502501004,-142.87575875174753,493.445579520945,False
"rl_inverse_kinematics/ruth/contact_points.npy, 1000 rows, seed 0",123883,,False,1,0.0,0.1407311143786464,22.716111072454517,22.278175830409886,0.43793524204463097,442.8703874927002,-145.3167051991452,492.6236486444441,False
"rl_inverse_kinematics/ruth/contact_points.npy, 1000 rows, seed 0",124296,,False,1,2.4513724383723456e-13,0.21894699893723826,30.88960984427494,30.84301313229478,0.04659671198016113,446.79100834931876,-141.19478499416275,493.3702192156912,False
"rl_inverse_kinematics/ruth/contact_points.npy, 1000 rows, seed 0",125191,,False,1,3.552713678800501e-15,0.14149833147827479,22.79865387802135,22.563171012512424,0.23548286550892783,449.41502509226774,-142.34822592560616,492.6708804511011,False
"rl_inverse_kinematics/ruth/contact_points.npy, 1000 rows, seed 0",125628,,False,1,2.6645352591003757e-13,0.219882471351235,30.984136954773195,30.7489539393182,0.23518301545499654,452.65107041984504,-136.87001393840626,493.4594397883194,False
"rl_inverse_kinematics/ruth/contact_points.npy, 1000 rows, seed 0",125764,,False,1,8.881784197001252e-16,-0.023184664516974637,4.333869286530709,4.315400273033474,0.018469013497234954,451.6981780478526,-147.52328671641146,491.1626129939291,False
"rl_inverse_kinematics/ruth/contact_points.npy, 1000 rows, seed 0",126125,,False,1,3.197442310920451e-14,0.05374047101063151,13.115243595651469,12.979309076579574,0.13593451907189547,509.8768443756766,-78.74605230673873,494.1990326918664,False
"rl_inverse_kinematics/ruth/contact_points.npy, 1000 rows, seed 0",126433,,False,1,3.552713678800501e-15,0.14198807610444888,22.8513219333471,22.05099664823907,0.8003252851080305,459.2503367032456,-136.9218254825361,492.96666137868664,False
"rl_inverse_kinematics/ruth/contact_points.npy, 1000 rows, seed 0",126966,,False,1,3.055333763768431e-13,0.22155622659467927,31.15305876297574,30.701057086799473,0.4520016761762662,457.0141513472658,-132.51375442012124,493.39974608173225,False
"rl_inverse_kinematics/ruth/contact_points.npy, 1000 rows, seed 0",127667,,False,1,0.0,0.0734935722608335,15.33276909621691,14.880070701649837,0.45269839456707395,470.0344604897251,-154.5623147196684,489.2619824342821,False
"rl_inverse_kinematics/ruth/contact_points.npy, 1000 rows, seed 0",128602,,False,1,1.7763568394002505e-15,-0.014060940142142028,5.3845928459843115,5.0783053539160345,0.306287492068277,467.2245564166216,-150.5194016302126,491.2992234712679,False
"rl_inverse_kinematics/ruth/contact_points.npy, 1000 rows, seed 0",128628,,False,1,2.2382096176443156e-13,0.21819613137926117,30.81367678923858,30.28203984661568,0.5316369426228995,473.518615539685,-149.08173354415922,494.15383254054944,False
"rl_inverse_kinematics/ruth/contact_points.npy, 1000 rows, seed 0",128848,,False,1,8.881784197001252e-16,-0.02834296552034304,3.7390503162203803,3.5379687606834005,0.20108155553697982,456.1475787107164,-145.80505376023567,491.3449945549305,False
"rl_inverse_kinematics/ruth/contact_points.npy, 1000 rows, seed 0",129042,,False,1,3.090860900556436e-13,0.22172944145904058,31.17052507487431,30.79702426233464,0.3735008125396675,434.7527101157422,-150.81799642578702,492.9951331861568,False
"rl_inverse_kinematics/ruth/contact_points.npy, 1000 rows, seed 0",129583,,False,1,0.0,0.12916463180884583,21.46664167041607,21.41212879328072,0.0545128771353518,449.654226639686,-142.52734869330462,493.240033719866,False
"rl_inverse_kinematics/ruth/contact_points.npy, 1000 rows, seed 0",129940,,False,1,0.0,-0.0013879926045683617,6.84077042165268,6.502252306260034,0.3385181153926462,447.51947775580334,-146.54362875250771,490.71697697049,False
"rl_inverse_kinematics/ruth/contact_points.npy, 1000 rows, seed 0",130056,,False,1,3.197442310920451e-13,0.2220076022892218,31.198567752521377,30.793057298761983,0.4055104537593941,441.85621189564836,-141.60943816233916,493.13015386723737,False
"rl_inverse_kinematics/ruth/contact_points.npy, 1000 rows, seed 0",130071,,False,1,0.0,-0.011411921044559632,5.689309914278551,5.493407492340656,0.19590242193789553,493.5448525789065,-77.19515835020613,491.94499956483185,False
"rl_inverse_kinematics/ruth/contact_points.npy, 1000 rows, seed 0",130330,,False,1,0.0,-0.0009706432218308878,6.888654081873575,6.821027941778644,0.06762614009493095,451.3440767380464,-146.63735732928149,490.76543407981245,False
"rl_inverse_kinematics/ruth/contact_points.npy, 1000 rows, seed 0",130642,,False,1,8.881784197001252e-16,-0.011448048074836294,5.685155349063822,5.373825398088917,0.3113299509749057,444.1752078893362,-144.31009779445083,490.8334281234312,False
"rl_inverse_kinematics/ruth/contact_points.npy, 1000 rows, seed 0",130712,,False,1,3.730349362740526e-14,0.05474092123611735,13.228001341132897,12.923459332361228,0.30454200877166926,455.2059255048262,-141.79172202166657,492.5629032083855,False
"rl_inverse_kinematics/ruth/contact_points.npy, 1000 rows, seed 0",130786,,False,1,8.881784197001252e-16,-0.016503131834591254,5.103521403074158,4.81609969256253,0.28742171051162746,443.18720664800395,-147.10473060704075,490.89754325220986,False
"rl_inverse_kinematics/ruth/contact_points.npy, 1000 rows, seed 0",130892,,False,1,1.7763568394002505e-15,0.05727693097525905,13.513622299518165,12.837730264343017,0.6758920351751474,454.70126648816625,-140.74090645833968,492.47238564097216,False
"rl_inverse_kinematics/ruth/contact_points.npy, 1000 rows, seed 0",131034,,False,1,3.019806626980426e-13,0.22157739532831092,31.15519348872478,30.465352368623815,0.6898411201009651,449.6931112214118,-138.15985836251105,493.28499306807504,False
"rl_inverse_kinematics/ruth/contact_points.npy, 1000 rows, seed 0",133974,,False,1,2.913225216616411e-13,0.220992951536473,31.096240573481573,30.330746865048926,0.765493708432647,467.4402501182218,-143.49173150984873,493.838734254365,False
"rl_inverse_kinematics/ruth/contact_points.npy, 1000 rows, seed 0",134993,,False,1,1.0658141036401503e-14,0.04792698777252788,12.45913701843419,12.308669926473462,0.15046709196072783,451.4148159177327,-154.59980880834146,490.23916760158,False
"rl_inverse_kinematics/ruth/contact_points.npy, 1000 rows, seed 0",135242,,False,1,3.375077994860476e-14,0.0540794238809635,13.153451047098832,12.919297715717812,0.23415333138101957,412.76195077919255,-61.455126232775335,490.83360524254306,False
"rl_inverse_kinematics/ruth/contact_points.npy, 1000 rows, seed 0",135411,,False,1,1.7763568394002505e-15,-0.019076604093556684,4.80719496240044,4.4693062605834175,0.3378887018170227,431.3831040512673,-146.59224447219844,491.4522939712872,False
"rl_inverse_kinematics/ruth/contact_points.npy, 1000 rows, seed 0",135567,,False,1,1.7763568394002505e-15,-0.019584998727121012,4.748637832642089,4.463415830554474,0.2852220020876146,433.28378208250666,-150.3302719222781,491.4877577763799,False
"rl_inverse_kinematics/ruth/contact_points.npy, 1000 rows, seed 0",137124,,False,1,3.552713678800501e-15,0.2232094166213786,31.319643406361987,30.547506526962803,0.7721368793991843,443.13424421531096,-138.88229947377175,493.0604366342976,False
"rl_inverse_kinematics/ruth/contact_points.npy, 1000 rows, seed 0",137835,,False,1,2.220446049250313e-15,-0.03702477473594351,2.7368214368534702,2.504157219472999,0.23266421738047116,429.6876235849552,-65.29703007155537,491.3302172190601,False
"rl_inverse_kinematics/ruth/contact_points.npy, 1000 rows, seed 0",138436,,False,1,0.0,-0.023826949523465552,4.259834232423968,4.116277614040774,0.14355661838319378,446.98015637635405,-145.41408240210944,491.0771198422321,False
"rl_inverse_kinematics/ruth/contact_points.npy, 1000 rows, seed 0",138442,,False,1,0.0,-0.023094258680865554,4.344289531877923,4.049031848462863,0.29525768341506,446.85436734620015,-144.44736751134175,491.06956871655643,False
"rl_inverse_kinematics/ruth/contact_points.npy, 1000 rows, seed 0",138996,,False,1,2.1316282072803006e-13,0.21728077147840677,30.721037256022033,30.06594634044791,0.6550909155741245,466.2140213133867,-144.93495071939924,494.07144822897885,False
"rl_inverse_kinematics/ruth/contact_points.npy, 1000 rows, seed 0",139004,,False,1,3.197442310920451e-14,0.054126785861823054,13.15878937040911,12.727714524472702,0.43107484593640777,465.26786829807816,-146.04284661831056,492.99024660428495,False
"rl_inverse_kinematics/ruth/contact_points.npy, 1000 rows, seed 0",141084,,False,1,2.4158453015843406e-13,0.2191644777027206,30.91159290181494,30.581475112519215,0.330117789295727,464.73171718106335,-147.6903190663104,493.9043644064192,False
"rl_inverse_kinematics/ruth/contact_points.npy, 1000 rows, seed 0",141827,,False,1,3.552713678800501e-15,0.07174672070700269,15.137438071290083,15.048500576288083,0.08893749500199988,433.4856646475114,-145.51923461454717,488.9146196838122,False
"rl_inverse_kinematics/ruth/contact_points.npy, 1000 rows, seed 0",142167,,False,1,8.881784197001252e-16,-0.01617708313608149,5.141054204347343,4.8775186049407,0.2635355994066426,498.15540699303483,-84.31606145343926,492.08251677171063,False
"rl_inverse_kinematics/ruth/contact_points.npy, 1000 rows, seed 0",142305,,False,1,0.0,-0.01905053286174225,4.810197707551563,4.460422762492722,0.349774945058841,433.6037563362087,-143.9958412631126,491.4972862614526,False
"rl_inverse_kinematics/ruth/contact_points.npy, 1000 rows, seed 0",142830,,False,1,1.2789769243681803e-13,0.21213095959638006,30.19838594989217,29.601150316127463,0.5972356337647078,452.65219271622027,-140.53606571688982,493.9537920938037,False
"rl_inverse_kinematics/ruth/contact_points.npy, 1000 rows, seed 0",143529,,False,1,0.0,-0.01868217004704105,4.85262218187251,4.28537619873182,0.5672459831406904,446.2232085795826,-139.0799885564615,491.7570250529872,False
"rl_inverse_kinematics/ruth/contact_points.npy, 1000 rows, seed 0",143797,,False,1,3.552713678800501e-15,0.13426308074278528,22.018560142591408,21.250661017309728,0.76789912528168,458.2229453068552,-142.0696194918821,493.37750922643613,False
"rl_inverse_kinematics/ruth/contact_points.npy, 1000 rows, seed 0",143902,,False,1,8.881784197001252e-16,-0.014404553393105339,5.345054789318729,5.273516256883322,0.0715385324354072,445.61666619187156,-140.6929409962603,490.90477386283305,False
"rl_inverse_kinematics/ruth/contact_points.npy, 1000 rows, seed 0",144169,,False,1,0.0,0.12783549821023066,21.322465378862105,21.03271123924552,0.289754139616587,434.79947144483583,-61.59104144366622,491.5544005926588,False
"rl_inverse_kinematics/ruth/contact_points.npy, 1000 rows, seed 0",145341,,False,1,1.7763568394002505e-15,-0.022261228740556516,4.4402972897433175,3.913307477879435,0.5269898118638827,462.0168604135381,-147.9268382822507,492.2378467738527,False
"rl_inverse_kinematics/ruth/contact_points.npy, 1000 rows, seed 0",145877,,False,1,1.7763568394002505e-15,0.06688560803528266,14.593060921645117,14.290331025864502,0.30272989578061527,455.5045605285937,-151.39175332632374,489.28722659797063,False
"rl_inverse_kinematics/ruth/contact_points.npy, 1000 rows, seed 0",147913,,False,1,3.552713678800501e-15,0.14538216808161886,23.215849671878754,22.862232429558023,0.35361724232073044,497.5476849726916,-87.18363193427544,491.41582788341475,False
"rl_inverse_kinematics/ruth/contact_points.npy, 1000 rows, seed 0",148652,,False,1,0.0,0.059857230745185744,13.803925311195664,13.646251780383666,0.15767353081199786,433.3545141190507,-138.91395550000567,491.9695505132903,False
"rl_inverse_kinematics/ruth/contact_points.npy, 1000 rows, seed 0",149077,,False,1,3.552713678800501e-15,0.14086616749747752,22.730644150662563,22.43970335596938,0.29094079469318146,439.746674651901,-136.04402264962843,492.5779484827017,False
"rl_inverse_kinematics/ruth/contact_points.npy, 1000 rows, seed 0",149141,,False,1,3.552713678800501e-15,0.09690650339485553,17.934949521996028,17.6616532620499,0.27329625994612883,430.86435032364324,-62.879606172621834,490.61950541676197,False
"rl_inverse_kinematics/ruth/contact_points.npy, 1000 rows, seed 0",149239,,False,1,3.552713678800501e-15,0.14103895299930722,22.749235696519573,22.41422392339289,0.3350117731266842,438.29873333449757,-136.06764133785924,492.52160522311954,False
"rl_inverse_kinematics/ruth/contact_points.npy, 1000 rows, seed 0",149565,,False,1,0.0,-0.02507441605991656,4.116017203843796,4.0696430486801605,0.046374155163635855,452.61211420686254,-143.6877985764081,492.01208372874135,False
"rl_inverse_kinematics/ruth/contact_points.npy, 1000 rows, seed 0",150512,,False,1,1.7763568394002505e-15,0.05768777870287683,13.559866549091181,13.509547557379998,0.05031899171118326,519.5461538576352,-87.44245891657354,492.1959138255669,False
"rl_inverse_kinematics/ruth/contact_points.npy, 1000 rows, seed 0",151279,,False,1,3.552713678800501e-15,0.13866794443378652,22.493930209071717,21.914060530573465,0.5798696784982518,459.4708730763074,-145.01736120654294,493.30951570951134,False
"rl_inverse_kinematics/ruth/contact_points.npy, 1000 rows, seed 0",153604,,False,1,8.881784197001252e-16,-0.012955813111857391,5.511736106769019,4.991570121741883,0.5201659850271367,420.9561537111663,-148.10718240325193,490.39401653174644,False
"rl_inverse_kinematics/ruth/contact_points.npy, 1000 rows, seed 0",153958,,False,1,1.7763568394002505e-15,0.018214595292066874,9.084242780841013,8.770151437529591,0.3140913433114214,432.2938849766708,-143.42814903914928,490.08923762917425,False
"rl_inverse_kinematics/ruth/contact_points.npy, 1000 rows, seed 0",153975,,False,1,0.0,0.05732051099964928,13.518527956852987,13.498376228157767,0.020151728695219973,443.48515506893773,-129.73223292013068,490.2763636098863,False
"rl_inverse_kinematics/ruth/contact_points.npy, 1000 rows, seed 0",154409,,False,1,0.0,0.0644865275134325,14.323964652136548,14.143050133995247,0.1809145181413001,424.1537457164975,-144.29914694386432,489.0057849699142,False
"rl_inverse_kinematics/ruth/contact_points.npy, 1000 rows, seed 0",154496,,False,1,1.7763568394002505e-15,0.05832573660699195,13.631658327069532,13.17267270738999,0.45898561967954166,436.60666191196214,-136.2325380540102,492.08097571006317,False
"rl_inverse_kinematics/ruth/contact_points.npy, 1000 rows, seed 0",154870,,False,1,8.881784197001252e-16,1.901260030584111e-05,7.002180740194001,6.775678877586171,0.22650186260783034,432.6250799753068,-54.34798443769668,491.1792462119846,False
"rl_inverse_kinematics/ruth/contact_points.npy, 1000 rows, seed 0",155125,,False,1,0.0,0.1311340974293917,21.68005425012324,21.417667273848934,0.26238697627430696,447.26177756096826,-139.7368774844449,493.3665889139323,False
"rl_inverse_kinematics/ruth/contact_points.npy, 1000 rows, seed 0",155257,,False,1,0.0,0.14051583393625558,22.692942007897116,22.162882087187903,0.5300599207092134,442.2578184327839,-135.71472794605032,492.6486173964837,False
"rl_inverse_kinematics/ruth/contact_points.npy, 1000 rows, seed 0",155447,,False,1,1.7763568394002505e-15,0.055657111168335494,13.331222354484359,13.199620556487009,0.13160179799734983,506.654486417936,-94.71905090630894,493.80441346317593,False
"rl_inverse_kinematics/ruth/contact_points.npy, 1000 rows, seed 0",155670,,False,1,1.8829382497642655e-13,0.21634130375973668,30.625876000411875,30.572585318627425,0.053290681784449845,449.10767312694685,-138.30822058806663,493.6242402751759,False
"rl_inverse_kinematics/ruth/contact_points.npy, 1000 rows, seed 0",156274,,False,1,0.0,-0.0013180049178775845,6.848800639919084,6.5797091013612885,0.2690915385577952,439.5598817712824,-62.5081701541819,491.49192027040067,False
"rl_inverse_kinematics/ruth/contact_points.npy, 1000 rows, seed 0",156508,,False,1,8.881784197001252e-16,-0.02038118705817685,4.656921278905549,4.259327814986986,0.39759346391856276,437.91096980874147,-139.14061407288742,490.8610642175802,False
"rl_inverse_kinematics/ruth/contact_points.npy, 1000 rows, seed 0",156554,,False,1,1.7763568394002505e-15,0.058937702134217444,13.700507222844621,13.664725207643265,0.03578201520135593,443.4980126582601,-133.96825356767587,492.2044721912665,False
"rl_inverse_kinematics/ruth/contact_points.npy, 1000 rows, seed 0",156981,,False,1,1.7763568394002505e-15,-0.021642374056279695,4.511611767739319,4.491270568235667,0.020341199503651985,448.0782535781829,-138.71768840400208,491.84968619025733,False
"rl_inverse_kinematics/ruth/contact_points.npy, 1000 rows, seed 0",157201,,False,1,3.552713678800501e-15,0.13896503367482377,22.52594227789132,22.259190763730246,0.2667515141610757,453.70758701574863,-140.72291246263498,493.07027824874655,False
"rl_inverse_kinematics/ruth/contact_points.npy, 1000 rows, seed 0",157382,,False,1,3.552713678800501e-15,0.05865172946917686,13.6683361836091,13.395817448479647,0.27251873512945224,452.15376736503106,-140.05321301873556,492.48244812698033,False
"rl_inverse_kinematics/ruth/contact_points.npy, 1000 rows, seed 0",157701,,False,1,7.105427357601002e-15,0.3651195608187636,44.52240319143589,44.48453105481041,0.037872136625480834,455.64781174107037,-114.74094371601133,474.95965381114706,False
"rl_inverse_kinematics/ruth/contact_points.npy, 1000 rows, seed 0",158412,,False,1,2.7711166694643907e-13,0.2205946230583215,31.056042536125993,30.884447337119532,0.17159519900646103,448.80831023896525,-127.27083936545833,492.97967828809004,False
"rl_inverse_kinematics/ruth/contact_points.npy, 1000 rows, seed 0",158840,,False,1,0.0,0.06153998653607968,13.993078979392356,13.955789064612272,0.03728991478008403,449.36673915363644,-132.72269731341515,492.11910871368804,False
"rl_inverse_kinematics/ruth/contact_points.npy, 1000 rows, seed 0",160424,,False,1,0.0,0.060043524556348565,13.824872660694346,13.301900366028555,0.5229722946657915,430.09693718978616,-132.84500371292887,491.9103199623869,False
"rl_inverse_kinematics/ruth/contact_points.npy, 1000 rows, seed 0",161114,,False,1,1.7763568394002505e-15,0.0604328509989943,13.86864421804585,13.66233407327159,0.20631014477426035,429.5886698226034,-135.62653359388278,491.8646265845596,False
"rl_inverse_kinematics/ruth/contact_points.npy, 1000 rows, seed 0",161493,,False,1,8.881784197001252e-16,-0.016303424875622963,5.126510775354097,4.289026841229114,0.8374839341249833,430.8643999039686,-137.06256824526932,491.40722042400955,False
"rl_inverse_kinematics/ruth/contact_points.npy, 1000 rows, seed 0",161643,,False,1,1.7763568394002505e-15,-0.02244343264547592,4.4192992819687476,4.2112678036050415,0.20803147836370606,444.9305842985359,-140.54702657838723,491.8073922250452,False
"rl_inverse_kinematics/ruth/contact_points.npy, 1000 rows, seed 0",162026,,False,1,1.7763568394002505e-15,0.05627060518127656,13.400319129938229,12.708060711760893,0.6922584181773352,448.02498547848995,-140.02572309712153,492.5138960144427,False
"rl_inverse_kinematics/ruth/contact_points.npy, 1000 rows, seed 0",162076,,False,1,1.7763568394002505e-15,-0.0199981045344386,4.701051996864822,4.675631334259381,0.02542066260544118,432.917787183347,-137.84409715901148,490.7505204927671,False
"rl_inverse_kinematics/ruth/contact_points.npy, 1000 rows, seed 0",162261,,False,1,0.0,-0.019161573451184494,4.7974085431306275,4.779737743888043,0.017670799242584856,435.0732324146073,-135.82268050727774,491.5108343866007,False
"rl_inverse_kinematics/ruth/contact_points.npy, 1000 rows, seed 0",162387,,False,1,0.0,-0.012727113571879375,5.53804404378193,4.910384909569019,0.6276591342129114,518.4837920711553,-96.16314600337513,492.45658715047483,False
"rl_inverse_kinematics/ruth/contact_points.npy, 1000 rows, seed 0",163042,,False,1,8.881784197001252e-16,-0.020592359922788357,4.632593037760373,4.141859977843732,0.4907330599166402,437.24531170751095,-137.27988963869868,490.84648566511225,False
"rl_inverse_kinematics/ruth/contact_points.npy, 1000 rows, seed 0",163104,,False,1,2.6645352591003757e-13,0.22009474005752835,31.00557464190014,30.728138495735422,0.27743614616471746,446.7794558047082,-133.25184528734306,493.4009396025591,False
"rl_inverse_kinematics/ruth/contact_points.npy, 1000 rows, seed 0",163221,,False,1,7.105427357601002e-15,0.31100187151591524,39.76101909783052,39.734659320702924,0.026359777127595407,444.3965400705879,-121.2463851935273,478.53348311980074,False
"rl_inverse_kinematics/ruth/contact_points.npy, 1000 rows, seed 0",163389,,False,1,8.881784197001252e-16,-0.02522237971556851,4.09895681672377,4.004784690204178,0.09417212651959161,452.26830886346323,-146.44451889929846,492.08873416321364,False
"rl_inverse_kinematics/ruth/contact_points.npy, 1000 rows, seed 0",163862,,False,1,1.7763568394002505e-15,0.06047651501595203,13.873552869475754,13.750224839503874,0.12332802997187997,446.76150383364376,-134.04365524075428,492.2504198621293,False
"rl_inverse_kinematics/ruth/contact_points.npy, 1000 rows, seed 0",164026,,False,1,8.881784197001252e-16,-0.022935447565126162,4.362593816411428,4.221490440932666,0.14110337547876206,441.5074762963168,-136.92695004944238,490.95369019350585,False
"rl_inverse_kinematics/ruth/contact_points.npy, 1000 rows, seed 0",164762,,False,1,3.552713678800501e-15,0.06624122853929933,14.520810934528198,13.916199958502704,0.6046109760254943,446.0953422229521,-130.12359852282924,491.83457588322165,False
"rl_inverse_kinematics/ruth/contact_points.npy, 1000 rows, seed 0",164837,,False,1,3.552713678800501e-15,0.058463542485954825,13.64716364173968,13.31195623377906,0.33520740796062043,441.067190768915,-144.98952575555123,489.4151350748082,False
"rl_inverse_kinematics/ruth/contact_points.npy, 1000 rows, seed 0",165209,,False,1,1.7763568394002505e-15,0.05558705808761176,13.323331297005925,13.145805617494132,0.17752567951179365,439.59394112658185,-145.03653252796556,489.5228964112108,False
"rl_inverse_kinematics/ruth/contact_points.npy, 1000 rows, seed 0",165808,,False,1,1.7763568394002505e-15,-0.021112915900063613,4.572618162062629,4.300910535907771,0.2717076261548588,444.1142043241107,-144.19429694899665,490.93749638736523,False
"rl_inverse_kinematics/ruth/contact_points.npy, 1000 rows, seed 0",166920,,False,1,0.0,0.22390496362637605,31.389652587120164,30.610032143501584,0.7796204436185796,429.1752972080022,-130.02129109864617,492.80240978760463,False
"rl_inverse_kinematics/ruth/contact_points.npy, 1000 rows, seed 0",167181,,False,1,8.881784197001252e-16,-0.018213630654786032,4.906579728766066,4.465334746642333,0.44124498212373275,436.2154365783134,-134.45821654583418,491.5478999631689,False
"rl_inverse_kinematics/ruth/contact_points.npy, 1000 rows, seed 0",167453,,False,1,0.0,0.06099903848797405,13.932287254397634,13.926858069130263,0.005429185267370684,423.90180782042125,-139.8085746151133,489.120957509669,False
"rl_inverse_kinematics/ruth/contact_points.npy, 1000 rows, seed 0",168349,,False,1,3.552713678800501e-15,0.13652537187311292,22.262876711146724,22.19729070648265,0.06558600466407327,446.22495389147946,-138.16007020860468,493.03676648819817,False
"rl_inverse_kinematics/ruth/contact_points.npy, 1000 rows, seed 0",168431,,False,1,0.0,0.05978807971996695,13.796149377278098,13.738198989498589,0.05795038777950978,429.87765199974353,-138.32178611982468,489.2721730296503,False
"rl_inverse_kinematics/ruth/contact_points.npy, 1000 rows, seed 0",168607,,False,1,3.552713678800501e-15,0.14291969289924533,22.95146176749097,22.530288763595834,0.42117300389513446,436.7280046797474,-130.12034807026757,492.3774872627422,False
"rl_inverse_kinematics/ruth/contact_points.npy, 1000 rows, seed 0",168805,,False,1,3.552713678800501e-15,0.14009794035395004,22.647957646534525,22.619701783737035,0.02825586279749004,438.21582583150246,-129.4489327257922,492.51553597025514,False
"rl_inverse_kinematics/ruth/contact_points.npy, 1000 rows, seed 0",168852,,False,1,3.268496584496461e-13,0.22231346212312603,31.229394385704868,30.753982007239568,0.4754123784653004,442.1032972708455,-131.05370704040797,493.1939842184455,False
"rl_inverse_kinematics/ruth/contact_points.npy, 1000 rows, seed 0",168907,,False,1,3.552713678800501e-15,0.14044344095350075,22.685150129160622,22.174366396023082,0.51078373313754,446.74206267608906,-137.21700541518956,492.87383867249906,False
"rl_inverse_kinematics/ruth/contact_points.npy, 1000 rows, seed 0",169465,,False,1,3.552713678800501e-15,0.14007627240741766,22.64562484728493,22.45695427402401,0.18867057326092151,446.8281116763729,-135.96493104629047,492.885718861018,False
"rl_inverse_kinematics/ruth/contact_points.npy, 1000 rows, seed 0",169515,,False,1,1.7763568394002505e-15,-0.023700758352431916,4.2743807266273155,4.195657226142455,0.07872350048486076,448.3869474138982,-143.79291819616063,491.95282164526134,False
"rl_inverse_kinematics/ruth/contact_points.npy, 1000 rows, seed 0",169627,,False,1,3.552713678800501e-15,0.14354581637521505,23.018728570258613,22.09116851687029,0.9275600533883228,445.13341187919485,-132.40083801195402,492.6489846159801,False
"rl_inverse_kinematics/ruth/contact_points.npy, 1000 rows, seed 0",170686,,False,1,8.881784197001252e-16,-0.010787805913100364,5.761077389723365,5.686752474680542,0.07432491504282268,447.9346436246217,-151.69342169480302,490.72778847981124,False
"rl_inverse_kinematics/ruth/contact_points.npy, 1000 rows, seed 0",171082,,False,1,4.440892098500626e-16,-0.028084727979879313,3.768840692976769,3.7576530066690053,0.011187686307763567,438.0763144960784,-137.8166966163518,490.9845676868448,False
"rl_inverse_kinematics/ruth/contact_points.npy, 1000 rows, seed 0",171422,,False,1,0.0,0.06070572915318007,13.899319339038987,13.274971372631471,0.624347966407516,448.71517598315785,-146.22796530677533,492.440928824652,False
"rl_inverse_kinematics/ruth/contact_points.npy, 1000 rows, seed 0",171883,,False,1,0.0,0.14445135730235203,23.11596367314381,22.59672038910074,0.5192432840430712,447.7487517155329,-128.9989550440693,492.2892812450822,False
"rl_inverse_kinematics/ruth/contact_points.npy, 1000 rows, seed 0",172272,,False,1,3.304023721284466e-13,0.22241966180098935,31.240095825250133,30.949665681628655,0.290430143621478,419.6075553815347,-128.5449739537535,492.6911442894642,False
"rl_inverse_kinematics/ruth/contact_points.npy, 1000 rows, seed 0",172516,,False,1,0.0,0.00141595373266097,7.162381670574629,6.551567652110999,0.6108140184636293,443.8428936203725,-48.13759454792108,491.37038289409077,False
"rl_inverse_kinematics/ruth/contact_points.npy, 1000 rows, seed 0",173370,,False,1,3.907985046680551e-14,0.1994365607800007,28.899634639096387,28.671481866373487,0.22815277272290047,439.2194187040439,-135.24438338978942,494.5871759620975,False
"rl_inverse_kinematics/ruth/contact_points.npy, 1000 rows, seed 0",173463,,False,1,8.881784197001252e-16,-0.01858369836664497,4.863962696720474,4.4996813007460705,0.36428139597440357,429.180461291437,-129.6116527262788,491.4232223481155,False
"rl_inverse_kinematics/ruth/contact_points.npy, 1000 rows, seed 0",174877,,False,1,3.552713678800501e-15,0.14271536732459503,22.92950412964392,22.212998527055678,0.7165056025882421,522.813489112238,-105.02065462131485,492.049569725427,False
"rl_inverse_kinematics/ruth/contact_points.npy, 1000 rows, seed 0",175076,,False,1,1.7763568394002505e-15,0.06642790404926437,14.541743723772749,14.172229433096188,0.3695142906765607,523.4367531190252,-107.34185135586075,492.1073709702632,False
"rl_inverse_kinematics/ruth/contact_points.npy, 1000 rows, seed 0",176119,,False,1,3.552713678800501e-15,0.1429498990043777,22.95470757805693,22.398759235279307,0.5559483427776222,443.1211530702032,-127.52753858085717,492.48692240837636,False
"rl_inverse_kinematics/ruth/contact_points.npy, 1000 rows, seed 0",176583,,False,1,8.881784197001252e-16,-0.020343433530210616,4.661270586554763,4.312724461534583,0.3485461250201798,444.62386274292487,-139.94950932329218,491.8063183366088,False
"rl_inverse_kinematics/ruth/contact_points.npy, 1000 rows, seed 0",176779,,False,1,3.552713678800501e-15,0.13983402877133158,22.619542286655683,22.580927880138713,0.038614406516970234,447.16981758504267,-140.15448030662984,492.98456662767103,False
"rl_inverse_kinematics/ruth/contact_points.npy, 1000 rows, seed 0",177000,,False,1,2.984279490192421e-13,0.2212212935833139,31.119277328062566,30.49265889691103,0.6266184311515346,448.81783697492347,-145.69915111329277,493.6517116458896,False
"rl_inverse_kinematics/ruth/contact_points.npy, 1000 rows, seed 0",177041,,False,1,1.2434497875801753e-14,0.049502656325502783,12.637113672373378,12.616196192800606,0.02091747957277157,430.7455839407495,-141.92455623810946,489.7447496025102,False
"rl_inverse_kinematics/ruth/contact_points.npy, 1000 rows, seed 0",177279,,False,1,0.0,0.24017534934663645,33.01390868605733,32.99714279695149,0.016765889105833764,444.7154812375255,-129.54403205257185,482.9275697102411,False
"rl_inverse_kinematics/ruth/contact_points.npy, 1000 rows, seed 0",178319,,False,1,3.552713678800501e-15,0.0800488545402419,16.064358954801506,15.711081472525182,0.35327748227632405,417.4187953456247,-129.73437689271844,488.3214354962791,False
"rl_inverse_kinematics/ruth/contact_points.npy, 1000 rows, seed 0",178818,,False,1,3.375077994860476e-13,0.22257951845333726,31.256202097149046,30.808623084797095,0.44757901235195163,422.8205178196793,-124.65783180918203,492.7414701418628,False
"rl_inverse_kinematics/ruth/contact_points.npy, 1000 rows, seed 0",178887,,False,1,8.881784197001252e-16,-0.018542378282183893,4.868721270854314,4.7140452059602955,0.15467606489401842,428.0625739006194,-127.73282098664006,491.3804911573146,False
"rl_inverse_kinematics/ruth/contact_points.npy, 1000 rows, seed 0",179039,,False,1,0.0,0.059084594715594456,13.717030692669784,13.367093609934482,0.3499370827353019,501.04828283558646,-109.90800242619778,493.54375113571973,False
"rl_inverse_kinematics/ruth/contact_points.npy, 1000 rows, seed 0",179315,,False,1,3.552713678800501e-15,0.10802486050084499,19.15963892274924,18.808880165622053,0.3507587571271884,428.37619896429624,-143.88300573271044,486.907626460145,False
"rl_inverse_kinematics/ruth/contact_points.npy, 1000 rows, seed 0",179366,,False,1,1.7763568394002505e-15,0.06140386032747357,13.977782433284359,13.61181031238929,0.36597212089506925,423.59020067733275,-127.14447667420245,491.75949673299624,False
"rl_inverse_kinematics/ruth/contact_points.npy, 1000 rows, seed 0",179926,,False,1,0.0,-0.018376356548550535,4.887840571054846,4.617105671049519,0.2707349000053272,423.3656740396871,-131.57510978922335,490.5271321393541,False
"rl_inverse_kinematics/ruth/contact_points.npy, 1000 rows, seed 0",180893,,False,1,0.0,0.05867413360301475,13.670856717597088,13.362357262797216,0.30849945479987184,425.38392130267005,-134.97254650371804,489.2412126885811,False
"rl_inverse_kinematics/ruth/contact_points.npy, 1000 rows, seed 0",181060,,False,1,8.881784197001252e-16,-0.022571233264884635,4.404570546667057,4.35869820338216,0.045872343284896644,428.50430539456875,-133.4656809396669,490.702901158191,False
"rl_inverse_kinematics/ruth/contact_points.npy, 1000 rows, seed 0",181369,,False,1,0.0,0.141700928823947,22.82044368096352,22.42006846059585,0.40037522036767115,441.54727232992843,-132.9485576341707,492.7417016378769,False
"rl_inverse_kinematics/ruth/contact_points.npy, 1000 rows, seed 0",182053,,False,1,3.552713678800501e-15,0.14087485669999453,22.73157915150771,22.544657301943694,0.18692184956401547,440.02344140538804,-125.4219767505862,492.4639192850484,False
"rl_inverse_kinematics/ruth/contact_points.npy, 1000 rows, seed 0",183676,,False,1,0.0,-0.020258392948074327,4.671067378013643,4.6618211955786,0.00924618243504316,438.3188809967484,-140.3464442414561,490.78433254285574,False
"rl_inverse_kinematics/ruth/contact_points.npy, 1000 rows, seed 0",184067,,False,1,0.0,0.0593603182130526,13.748043198009956,13.697143482973805,0.05089971503615054,432.4069372980118,-144.6606895334297,489.03555632078826,False
"rl_inverse_kinematics/ruth/contact_points.npy, 1000 rows, seed 0",184326,,False,1,3.552713678800501e-15,0.22310409397733144,31.30903828872639,30.868965195166602,0.4400730935597892,413.06614680805467,-126.95060750548133,492.5114286109395,False
"rl_inverse_kinematics/ruth/contact_points.npy, 1000 rows, seed 0",186117,,False,1,0.0,-0.019104063788752502,4.80403228544468,4.540048518292706,0.2639837671519736,427.137046442097,-125.05459518234089,491.39779245049385,False
"rl_inverse_kinematics/ruth/contact_points.npy, 1000 rows, seed 0",187153,,False,1,0.0,0.15121096057543676,23.839885513508897,23.306968889694847,0.5329166238140495,522.6348756276277,-115.32670101890957,491.7010228418926,False
"rl_inverse_kinematics/ruth/contact_points.npy, 1000 rows, seed 0",187768,,False,1,0.0,-0.0011459982004543828,6.86853570149811,6.487423153097219,0.3811125484008908,438.74318939671446,-143.8524628275604,490.3388296006608,False
"rl_inverse_kinematics/ruth/contact_points.npy, 1000 rows, seed 0",188534,,False,1,3.907985046680551e-14,0.055551760517669954,13.319355153174403,12.935476898829236,0.3838782543451664,442.5678736416818,-143.0067618702869,492.6169256157783,False
"rl_inverse_kinematics/ruth/contact_points.npy, 1000 rows, seed 0",188611,,False,1,3.552713678800501e-15,0.14123901332606434,22.770759295194654,22.599665437057215,0.17109385813743927,441.3858732920463,-126.1021046549377,492.5941217292302,False
"rl_inverse_kinematics/ruth/contact_points.npy, 1000 rows, seed 0",188720,,False,1,3.907985046680551e-14,0.055357991807149697,13.297526790659017,13.206485801043387,0.0910409896156299,442.3980449607856,-142.75861312284877,492.5742085992191,False
"rl_inverse_kinematics/ruth/contact_points.npy, 1000 rows, seed 0",190122,,False,1,2.5224267119483557e-13,0.21938850098379545,30.934232815202744,30.916001925244846,0.018230889957898455,445.0491266686741,-124.67824646444585,493.02896114709455,False
"rl_inverse_kinematics/ruth/contact_points.npy, 1000 rows, seed 0",190948,,False,1,0.0,5.184481676212891e-05,7.005946562844684,6.9652872850744565,0.04065927777022793,458.98319957764915,-46.52906109491677,491.6857181422589,False
"rl_inverse_kinematics/ruth/contact_points.npy, 1000 rows, seed 0",191918,,False,1,0.0,0.05670600073496588,13.449346469313088,12.553273754267847,0.896072715045241,462.70604702674825,-46.30702376324598,491.7154390853085,False
"rl_inverse_kinematics/ruth/contact_points.npy, 1000 rows, seed 0",192253,,False,1,3.552713678800501e-15,0.14552733580568178,23.231421999374625,22.2390579548589,0.9923640445157247,427.81485438254595,-121.2576154023401,492.2224324114384,False
"rl_inverse_kinematics/ruth/contact_points.npy, 1000 rows, seed 0",192448,,False,1,8.881784197001252e-16,-0.016046633828928555,5.156070082197258,4.706903854666623,0.4491662275306343,424.69827453524977,-123.88154241380457,490.50104916007,False
"rl_inverse_kinematics/ruth/contact_points.npy, 1000 rows, seed 0",192475,,False,1,3.552713678800501e-15,0.1434942536069032,23.013190066638316,22.282466016916466,0.7307240497218501,431.3096469455635,-123.20710884391829,492.38273625099976,False
"rl_inverse_kinematics/ruth/contact_points.npy, 1000 rows, seed 0",193177,,False,1,3.552713678800501e-15,0.142096627930053,22.862993449444314,22.49908838210104,0.3639050673432749,431.24344553995536,-122.08277795767678,492.3336361394812,False
"rl_inverse_kinematics/ruth/contact_points.npy, 1000 rows, seed 0",197125,,False,1,0.0,0.1351946220815102,22.119205791564585,21.82611726993498,0.2930885216296062,425.2087031793288,-118.73413192687535,492.47884249763,False
"rl_inverse_kinematics/ruth/contact_points.npy, 1000 rows, seed 0",197130,,False,1,1.3855583347321954e-13,0.21286054617259906,30.272581371808506,30.231759438935356,0.0408219328731505,426.40864669944176,-119.45309118554655,493.2375834512036,False
"rl_inverse_kinematics/ruth/contact_points.npy, 1000 rows, seed 0",198492,,False,1,1.4921397450962104e-13,0.21386622496792806,30.37477307403409,29.996351484270516,0.37842158976357254,434.593487848467,-128.35730945190303,493.59164025667826,False
"rl_inverse_kinematics/ruth/contact_points.npy, 1000 rows, seed 0",199673,,False,1,1.7763568394002505e-15,0.0631907708122509,14.178507517974452,13.715188989467883,0.4633185285065693,512.5122529480263,-136.87255246256765,493.5582121373078,False
"rl_inverse_kinematics/ruth/contact_points.npy, 1000 rows, seed 0",201037,,False,1,0.0,0.14211383603374508,22.864843590131343,22.7189986478439,0.14584494228744305,437.7779347112323,-120.51352552244629,492.23091700792315,False
"rl_inverse_kinematics/ruth/contact_points.npy, 1000 rows, seed 0",201672,,False,1,3.019806626980426e-13,0.2215127503855528,31.148674343248576,30.57208989121578,0.5765844520327974,441.4857341952465,-124.55688881462737,493.1537572990845,False
"rl_inverse_kinematics/ruth/contact_points.npy, 1000 rows, seed 0",201892,,False,1,8.881784197001252e-16,-0.022125346723852402,4.455956503928159,4.33760140946204,0.11835509446611958,432.19337861927335,-131.00895241831472,490.71393380073164,False
"rl_inverse_kinematics/ruth/contact_points.npy, 1000 rows, seed 0",202084,,False,1,2.6645352591003757e-15,-0.022525998753777362,4.40978376140124,4.219195398216085,0.19058836318515482,431.6523009618664,-131.35159607088656,490.7081373316063,False
"rl_inverse_kinematics/ruth/contact_points.npy, 1000 rows, seed 0",202254,,False,1,3.019806626980426e-13,0.22129660358690184,31.126874045182614,30.63579890665276,0.4910751385298546,441.21588335278085,-126.33351821082994,493.13722829654967,False
"rl_inverse_kinematics/ruth/contact_points.npy, 1000 rows, seed 0",202354,,False,1,8.881784197001252e-16,-0.009872983484252359,5.866256257180237,5.467228150593246,0.39902810658699117,429.7135528060475,-143.7632417042457,490.35404811043526,False
"rl_inverse_kinematics/ruth/contact_points.npy, 1000 rows, seed 0",202504,,False,1,8.881784197001252e-16,-0.01673688262189664,5.076611911365639,4.6414032264381095,0.4352086849275292,430.20084240706836,-136.7374534357103,490.55120348951755,False
"rl_inverse_kinematics/ruth/contact_points.npy, 1000 rows, seed 0",204352,,False,1,8.881784197001252e-16,-0.016737815672655563,5.076504495687054,4.88987781090306,0.18662668478399436,420.63830441829714,-117.10750082577687,490.4263929576399,False
"rl_inverse_kinematics/ruth/contact_points.npy, 1000 rows, seed 0",205689,,False,1,8.881784197001252e-16,-0.017043754399182088,5.041282829727243,4.612189496811605,0.4290933329156381,429.3439413511945,-119.60593181272202,491.4326687150005,False
"rl_inverse_kinematics/ruth/contact_points.npy, 1000 rows, seed 0",205692,,False,1,7.105427357601002e-15,0.22466826194325246,31.46642783638653,30.870013346657355,0.5964144897291739,433.21817114882134,-118.59520816347882,492.9552279211197,False
"rl_inverse_kinematics/ruth/contact_points.npy, 1000 rows, seed 0",206646,,False,1,3.552713678800501e-15,0.22408914445028913,31.40818325979365,30.78912356830675,0.6190596914868998,437.5949798464693,-119.43862141591867,492.9848014978311,False
"rl_inverse_kinematics/ruth/contact_points.npy, 1000 rows, seed 0",207305,,False,1,0.0,0.06423389271200544,14.295611138716541,14.110355842225777,0.1852552964907641,426.24702690575185,-134.4795722627744,488.6014633889362,False
"rl_inverse_kinematics/ruth/contact_points.npy, 1000 rows, seed 0",207745,,False,1,3.552713678800501e-15,0.14396726100427834,23.063989867737018,22.737207250344063,0.3267826173929542,437.9371893243603,-119.33593741664293,492.0534938724553,False
"rl_inverse_kinematics/ruth/contact_points.npy, 1000 rows, seed 0",207980,,False,1,1.7763568394002505e-15,0.06554904973115942,14.44317876925621,14.122390737624665,0.3207880316315457,437.4927976765105,-121.7147780942365,491.7678496321603,False
"rl_inverse_kinematics/ruth/contact_points.npy, 1000 rows, seed 0",208040,,False,1,3.552713678800501e-15,0.060771652791673895,13.906729499908046,13.76628094701841,0.14044855288963554,436.3254397415084,-128.10220596083013,492.088905871503,False
"rl_inverse_kinematics/ruth/contact_points.npy, 1000 rows, seed 0",208794,,False,1,2.8066438062523957e-13,0.22035019260276834,31.031367940977013,30.8718853561337,0.1594825848433139,438.56874107501164,-127.00421536438989,493.1655647495063,False
"rl_inverse_kinematics/ruth/contact_points.npy, 1000 rows, seed 0",209934,,False,1,7.105427357601002e-15,0.22356969985317407,31.355912922887413,30.70084767822607,0.6550652446613441,423.3552428079324,-111.45667380600572,492.71121532516605,False
"rl_inverse_kinematics/ruth/contact_points.npy, 1000 rows, seed 0",210816,,False,1,0.0,0.22932536956293226,31.93364021783672,31.25806140139552,0.6755788164412024,423.55149512089065,-115.2004809446134,492.6694840192334,False
"rl_inverse_kinematics/ruth/contact_points.npy, 1000 rows, seed 0",211152,,False,1,1.9895196601282805e-13,0.2163918306824831,30.630996117382196,30.407103382546644,0.22389273483555172,432.98499215656716,-124.28425665609927,493.42062806121385,False
"rl_inverse_kinematics/ruth/contact_points.npy, 1000 rows, seed 0",211735,,False,1,3.552713678800501e-15,0.1444966090759922,23.120821142525482,22.9142634182757,0.2065577242497838,517.5178342812934,-135.42087987978368,491.91408148209234,False
"rl_inverse_kinematics/ruth/contact_points.npy, 1000 rows, seed 0",212450,,False,1,1.7763568394002505e-15,0.059757744803283996,13.792738188082284,13.662352547799347,0.13038564028293642,433.80595746888997,-121.83240586642869,492.10950673923855,False
"rl_inverse_kinematics/ruth/contact_points.npy, 1000 rows, seed 0",213704,,False,1,3.552713678800501e-15,0.06468087037692673,14.34577387695899,14.332657675482741,0.013116201476249145,434.52821299899824,-118.59151671495079,491.64946275556946,False
"rl_inverse_kinematics/ruth/contact_points.npy, 1000 rows, seed 0",214125,,False,1,7.105427357601002e-15,0.23024953700857642,32.026105002956484,32.013154633532096,0.012950369424387986,433.49222984153147,-120.90948208947229,483.2820081322923,False
"rl_inverse_kinematics/ruth/contact_points.npy, 1000 rows, seed 0",215110,,False,1,0.0,-0.023682359918846856,4.2765015509612905,4.097431328677378,0.17907022228391245,492.66074732235916,-125.85087991604567,492.5896426825858,False
"rl_inverse_kinematics/ruth/contact_points.npy, 1000 rows, seed 0",215311,,False,1,0.0,0.13242585938506363,21.81988483161261,21.808979290983686,0.010905540628925792,478.76029132678696,-45.860873666518714,492.3036198698869,False
"rl_inverse_kinematics/ruth/contact_points.npy, 1000 rows, seed 0",216020,,False,1,3.552713678800501e-15,0.06394692504593734,14.263400645244046,13.400594741055357,0.8628059041886882,416.5702720718612,-109.44863745865717,491.5588900065817,False
"rl_inverse_kinematics/ruth/contact_points.npy, 1000 rows, seed 0",217268,,False,1,1.7763568394002505e-15,0.056906666860125944,13.471939357975632,13.458308828541952,0.013630529433680039,429.4402658259158,-117.46842812643357,492.0593635665267,False
"rl_inverse_kinematics/ruth/contact_points.npy, 1000 rows, seed 0",218795,,False,1,0.0,0.06225896142130473,14.073855730461045,13.800457709664332,0.27339802079671216,423.5192769284768,-122.94429925983653,488.7605460131862,False
"rl_inverse_kinematics/ruth/contact_points.npy, 1000 rows, seed 0",219209,,False,1,1.7763568394002505e-15,0.06733038769747307,14.642919144125605,14.172498191502177,0.470420952623428,423.25931587683533,-128.28653282457032,488.41227064753343,False
"rl_inverse_kinematics/ruth/contact_points.npy, 1000 rows, seed 0",219343,,False,1,0.0,0.14078184908106586,22.721570792483504,22.703119778272107,0.018451014211397165,436.0495253523997,-119.31089073848234,492.59280622470334,False
"rl_inverse_kinematics/ruth/contact_points.npy, 1000 rows, seed 0",219951,,False,1,0.0,-0.02102857208706345,4.5823360652544425,4.538891736582656,0.043444328671786714,431.5819256755473,-124.65702620409351,491.5284739757857,False
"rl_inverse_kinematics/ruth/contact_points.npy, 1000 rows, seed 0",220132,,False,1,0.0,-0.02087711010512673,4.599786794118876,4.250073160860432,0.3497136332584443,428.1577484708781,-123.82560634762464,490.6077053458529,False
"rl_inverse_kinematics/ruth/contact_points.npy, 1000 rows, seed 0",220239,,False,1,2.1316282072803006e-14,0.19322995337761842,28.259385314090565,28.182629779066644,0.07675553502392063,426.3509715320331,-120.14893116456383,485.0402952886924,False
"rl_inverse_kinematics/ruth/contact_points.npy, 1000 rows, seed 0",220350,,False,1,2.6645352591003757e-13,0.22020945624312624,31.017158415026234,30.60847204982004,0.4086863652061936,434.2199584683383,-128.0514591125002,493.30941020094156,False
"rl_inverse_kinematics/ruth/contact_points.npy, 1000 rows, seed 0",220983,,False,1,0.0,-0.025198043055190987,4.1017628926609735,4.052670808236247,0.04909208442472668,424.42417639548245,-136.36964384076376,491.4823596769915,False
"rl_inverse_kinematics/ruth/contact_points.npy, 1000 rows, seed 0",221292,,False,1,2.984279490192421e-13,0.22151373771614583,31.148773913992514,30.274619926919517,0.8741539870729973,420.9302162336147,-102.50389734394908,492.7136146035482,False
"rl_inverse_kinematics/ruth/contact_points.npy, 1000 rows, seed 0",221474,,False,1,1.7763568394002505e-15,0.057030981804668535,13.485934974903335,13.459484792610995,0.026450182292339974,419.6916570422657,-102.28753058859712,491.7861089486719,False
"rl_inverse_kinematics/ruth/contact_points.npy, 1000 rows, seed 0",222409,,False,1,0.0,0.14010332892387284,22.648537781728233,22.486022980407473,0.16251480132076068,423.7882382506304,-106.23466817832568,492.32402976242366,False
"rl_inverse_kinematics/ruth/contact_points.npy, 1000 rows, seed 0",222674,,False,1,3.019806626980426e-14,0.05373584392271735,13.114721984962761,12.94239250317115,0.17232948179161056,427.2252600654329,-115.3295865205719,492.0766506273888,False
"rl_inverse_kinematics/ruth/contact_points.npy, 1000 rows, seed 0",222886,,False,1,1.7763568394002505e-15,0.011311790304110716,8.29559270423655,7.874792854551909,0.42079984968464057,422.1752369107768,-120.29192067756377,489.87863470667685,False
"rl_inverse_kinematics/ruth/contact_points.npy, 1000 rows, seed 0",222916,,False,1,0.0,-0.02074591572816786,4.6149019929646915,4.493862724806737,0.12103926815795418,415.5473652995916,-111.25573037062459,490.3916022557203,False
"rl_inverse_kinematics/ruth/contact_points.npy, 1000 rows, seed 0",223946,,False,1,1.7763568394002505e-15,0.06152604446305586,13.991512344771706,13.577814477431446,0.4136978673402609,429.7098170337098,-112.61854558605526,491.94580589859186,False
"rl_inverse_kinematics/ruth/contact_points.npy, 1000 rows, seed 0",225191,,False,1,0.0,0.0717128630152223,15.133650600422824,15.065029239297449,0.0686213611253752,420.49027130162835,-130.4200381382309,487.86113392677,False
"rl_inverse_kinematics/ruth/contact_points.npy, 1000 rows, seed 0",225323,,False,1,0.0,0.062075399681622706,14.053234940463753,13.68290513924517,0.37032980121858294,422.30061733719157,-121.00743615717008,488.73260515072343,False
"rl_inverse_kinematics/ruth/contact_points.npy, 1000 rows, seed 0",225530,,False,1,1.7763568394002505e-15,0.05871027957466972,13.674923201074252,13.346587637390112,0.3283355636841403,432.2422832697058,-123.01132315166525,492.14529230253436,False
"rl_inverse_kinematics/ruth/contact_points.npy, 1000 rows, seed 0",226125,,False,1,1.7763568394002505e-15,-0.02235776071643181,4.429172590889511,4.170524491608066,0.2586480992814453,428.7085680947945,-126.76670852239526,491.5110889671879,False
"rl_inverse_kinematics/ruth/contact_points.npy, 1000 rows, seed 0",226796,,False,1,0.0,0.06812130790411523,14.73155426278343,14.254514068607982,0.47704019417544785,433.8159354398128,-117.1900539803393,491.61844614480066,False
"rl_inverse_kinematics/ruth/contact_points.npy, 1000 rows, seed 0",226905,,False,1,0.0,-0.021565963471252732,4.5204164802716775,4.054366899721843,0.4660495805498348,425.580521306081,-129.14902650944418,491.4381176916105,False
"rl_inverse_kinematics/ruth/contact_points.npy, 1000 rows, seed 0",227337,,False,1,8.881784197001252e-16,-0.020255521145039066,4.671398210953641,4.556040406145018,0.11535780480862279,408.4290631340115,-99.92884394993783,491.0101708597381,False
"rl_inverse_kinematics/ruth/contact_points.npy, 1000 rows, seed 0",227403,,False,1,0.0,-0.019122096842917678,4.801955315188755,4.629902356002518,0.17205295918623698,492.00042286614917,-133.03624345012435,491.9866074424699,False
"rl_inverse_kinematics/ruth/contact_points.npy, 1000 rows, seed 0",227646,,False,1,1.9184653865522705e-13,0.21668207202304413,30.66040292214508,30.2254090652824,0.43499385686268255,424.27252164534275,-103.07275321125545,492.9886840001933,False
"rl_inverse_kinematics/ruth/contact_points.npy, 1000 rows, seed 0",228051,,False,1,8.881784197001252e-16,-0.01768372134936339,4.967598867080234,4.722928939205612,0.2446699278746216,423.53894730825516,-107.35457903458385,491.2859867768583,False
"rl_inverse_kinematics/ruth/contact_points.npy, 1000 rows, seed 0",228279,,False,1,0.0,-0.002824540863776952,6.675914690264631,6.666056953079544,0.009857737185086535,426.7824750040566,-112.93223255238283,491.1698275827878,False
"rl_inverse_kinematics/ruth/contact_points.npy, 1000 rows, seed 0",228465,,False,1,0.0,-0.005596528472947708,6.35764917893329,6.214626867113731,0.14302231181955882,426.84489512664106,-113.67223647184672,491.21251334908175,False
"rl_inverse_kinematics/ruth/contact_points.npy, 1000 rows, seed 0",231482,,False,1,0.0,0.05964342305739087,13.779882213035183,13.160656596135988,0.619225616899195,431.30069722219895,-120.36700723711029,492.10875576862213,False
"rl_inverse_kinematics/ruth/contact_points.npy, 1000 rows, seed 0",232220,,False,1,0.0,0.06290866734241385,14.146828803730084,13.581145703598597,0.565683100131487,433.16823957237824,-118.00800781641504,491.9496790548895,False
"rl_inverse_kinematics/ruth/contact_points.npy, 1000 rows, seed 0",232727,,False,1,7.105427357601002e-15,0.046667372277881106,12.316781958584603,12.233228789365732,0.08355316921887024,417.4411801124683,-115.10815441512557,489.73519604186106,False
"rl_inverse_kinematics/ruth/contact_points.npy, 1000 rows, seed 0",233168,,False,1,3.552713678800501e-15,0.06636868372643413,14.535103260611514,13.862531726315078,0.672571534296436,432.4328334235589,-117.99678275798844,491.7372886745248,False
"rl_inverse_kinematics/ruth/contact_points.npy, 1000 rows, seed 0",233196,,False,1,2.3803181647963356e-13,0.21867045382591552,30.86164982769861,30.654636552817525,0.2070132748810849,432.75912082816285,-121.77637493057551,493.24921601741994,False
"rl_inverse_kinematics/ruth/contact_points.npy, 1000 rows, seed 0",233593,,False,1,3.552713678800501e-15,0.13827373485400293,22.45144346094292,21.823961330591903,0.6274821303510159,422.80946653537916,-97.83506456489158,492.30554829101044,False
"rl_inverse_kinematics/ruth/contact_points.npy, 1000 rows, seed 0",234305,,False,1,3.552713678800501e-15,0.06808825184524195,14.727850431249811,14.033767832441159,0.6940825988086523,413.9778988017874,-96.8306330367913,488.644840002261,False
"rl_inverse_kinematics/ruth/contact_points.npy, 1000 rows, seed 0",234767,,False,1,3.552713678800501e-15,0.075557582792289,15.56336188052769,15.357198735471508,0.20616314505618227,418.0281010674245,-107.09000677040778,488.2824807500466,False
"rl_inverse_kinematics/ruth/contact_points.npy, 1000 rows, seed 0",235487,,False,1,0.0,0.06679389485136752,14.582778982566552,14.226782601051058,0.35599638151549406,419.8568727539837,-105.57018875223636,488.6826915984742,False
"rl_inverse_kinematics/ruth/contact_points.npy, 1000 rows, seed 0",235798,,False,1,0.0,-0.021241469798986102,4.557806183886483,4.314082612351431,0.2437235715350523,420.3766735089017,-105.0563523433983,490.50833851777384,False
"rl_inverse_kinematics/ruth/contact_points.npy, 1000 rows, seed 0",236101,,False,1,0.0,0.14032382651364325,22.672274833788354,21.968314811652032,0.7039600221363216,429.57010499230137,-115.0365955291805,492.58349828451094,False
"rl_inverse_kinematics/ruth/contact_points.npy, 1000 rows, seed 0",237765,,False,1,7.105427357601002e-15,0.3624668618654246,44.29761812445482,44.28706125903114,0.010556865423680506,451.6307189068515,-110.14405645575403,475.09710365183946,False
"rl_inverse_kinematics/ruth/contact_points.npy, 1000 rows, seed 0",238017,,False,1,8.881784197001252e-16,-0.021443743234478795,4.534499536861125,4.156317527030878,0.37818200983024663,427.88855785568944,-119.47813578680214,491.4800680321505,False
"rl_inverse_kinematics/ruth/contact_points.npy, 1000 rows, seed 0",238642,,False,1,8.881784197001252e-16,-0.008939651555816969,5.973541815375524,5.747036890022399,0.22650492535312505,419.4735998028843,-126.6982724731931,490.1043069168138,False
"rl_inverse_kinematics/ruth/contact_points.npy, 1000 rows, seed 0",239679,,False,1,0.0,-0.009668017234040266,5.889818779281897,5.277040605395567,0.6127781738863298,488.5108010549203,-134.8438532176466,491.8143800914065,False
"rl_inverse_kinematics/ruth/contact_points.npy, 1000 rows, seed 0",240371,,False,1,0.0,0.0830454351533598,16.398025807080973,16.03636616267545,0.361659644405524,414.8418168253547,-104.46450623824275,487.74218584181347,False
"rl_inverse_kinematics/ruth/contact_points.npy, 1000 rows, seed 0",240679,,False,1,3.552713678800501e-15,0.13988908439906036,22.625470538960275,21.98123550237903,0.6442350365812466,426.757595819849,-99.65815683099817,492.3642071636019,False
"rl_inverse_kinematics/ruth/contact_points.npy, 1000 rows, seed 0",240866,,False,1,0.0,0.06564243786550478,14.453654202318823,13.851785239881854,0.6018689624369689,498.4364090623099,-142.6002217455987,491.5744415500674,False
"rl_inverse_kinematics/ruth/contact_points.npy, 1000 rows, seed 0",241452,,False,1,0.0,0.23177929131999783,32.17897684999242,31.32267788034276,0.8562989696496572,502.8861486865799,-146.95428235845975,491.21432156654896,False
"rl_inverse_kinematics/ruth/contact_points.npy, 1000 rows, seed 0",241757,,False,1,0.0,0.059521639063943026,13.766186398439972,13.482365726730935,0.28382067170903724,416.24307460612295,-101.19700740059545,488.9770616124689,False
"rl_inverse_kinematics/ruth/contact_points.npy, 1000 rows, seed 0",244259,,False,1,1.2434497875801753e-14,0.0496516043762399,12.653932196321785,12.473294294891508,0.18063790143027703,419.2194008434026,-107.96669308358804,489.5615208981293,False
"rl_inverse_kinematics/ruth/contact_points.npy, 1000 rows, seed 0",244588,,False,1,0.0,-0.009514701702426853,5.907442952562904,5.570082317076823,0.337360635486081,419.4802502320732,-122.66578087633425,490.12703462999156,False
"rl_inverse_kinematics/ruth/contact_points.npy, 1000 rows, seed 0",245136,,False,1,2.4158453015843406e-13,0.21908666903672872,30.90372840641646,30.562848850052443,0.34087955636401546,426.59921880864675,-121.81054812917154,493.26736606006557,False
"rl_inverse_kinematics/ruth/contact_points.npy, 1000 rows, seed 0",245882,,False,1,1.7763568394002505e-15,0.05867255398628196,13.670679006624633,12.941879938674724,0.7287990679499092,424.9523571228163,-92.03571421766583,491.8082579358687,False
"rl_inverse_kinematics/ruth/contact_points.npy, 1000 rows, seed 0",246454,,False,1,1.7763568394002505e-15,-0.008110790026805462,6.068800289873904,6.055295538949643,0.013504750924260733,421.9587514438991,-93.94324644089234,490.3258493597348,False
"rl_inverse_kinematics/ruth/contact_points.npy, 1000 rows, seed 0",246520,,False,1,8.881784197001252e-16,0.005928197180884889,7.67946093863344,7.6545379277255154,0.024923010907924592,418.8570776573386,-102.7031401791526,489.90228667834253,False
"rl_inverse_kinematics/ruth/contact_points.npy, 1000 rows, seed 0",246597,,False,1,8.881784197001252e-16,-0.020266008978512225,4.670190007189669,4.572854258056288,0.09733574913338128,422.67555006201985,-91.71121079987836,491.3020735916411,False
"rl_inverse_kinematics/ruth/contact_points.npy, 1000 rows, seed 0",247549,,False,1,3.552713678800501e-15,0.145038460196734,23.178973519194873,22.185499702589997,0.993473816604876,427.9804288761878,-97.91791742064196,492.23864431358527,False
"rl_inverse_kinematics/ruth/contact_points.npy, 1000 rows, seed 0",249408,,False,1,3.552713678800501e-15,0.22791734764785554,31.79260523039676,31.744964826690914,0.0476404037058451,432.73041758897756,-104.09159262568086,492.6310417945232,False
"rl_inverse_kinematics/ruth/contact_points.npy, 1000 rows, seed 0",249867,,False,1,1.4210854715202004e-14,0.37261015258725055,45.1521833017046,44.77251000667271,0.3796732950318926,454.540046298875,-109.04602117480664,474.39364968194843,False
"rl_inverse_kinematics/ruth/contact_points.npy, 1000 rows, seed 0",250051,,False,1,0.0,0.141868400093588,22.838453353290756,22.685269767569835,0.15318358572092095,434.86347908605757,-108.56846062916497,492.45356041043453,False
"rl_inverse_kinematics/ruth/contact_points.npy, 1000 rows, seed 0",250056,,False,1,2.8421709430404007e-13,0.2207234800568187,31.069048020852037,30.912305906148767,0.15674211470327037,435.4651392229277,-109.39088471299935,493.1470927610321,False
"rl_inverse_kinematics/ruth/contact_points.npy, 1000 rows, seed 0",250405,,False,1,0.0,0.14996522403712678,23.706728388779876,22.947489415105437,0.7592389736744387,435.544884172975,-107.51058227829041,491.94488891439886,False
"rl_inverse_kinematics/ruth/contact_points.npy, 1000 rows, seed 0",250674,,False,1,2.6645352591003757e-13,0.22002707562076845,30.99874146010103,30.541524070849,0.4572173892520297,431.61844379972115,-115.2191231227267,493.24275615064096,False
"rl_inverse_kinematics/ruth/contact_points.npy, 1000 rows, seed 0",250677,,False,1,0.0,-0.0207582526292627,4.613480646441623,4.232922963674381,0.38055768276724233,427.4264589799005,-113.47370074126685,491.4428980679303,False
"rl_inverse_kinematics/ruth/contact_points.npy, 1000 rows, seed 0",250772,,False,1,1.7763568394002505e-15,0.07103003979344394,15.057254536347369,14.728594843916294,0.3286596924310743,432.2140548350353,-107.11858205790473,491.4634046369499,False
"rl_inverse_kinematics/ruth/contact_points.npy, 1000 rows, seed 0",251271,,False,1,8.881784197001252e-16,-0.0220141094001648,4.4687753470337,4.229984368551151,0.23879097848254904,424.223887891198,-115.79141905797482,491.3966692471121,False
"rl_inverse_kinematics/ruth/contact_points.npy, 1000 rows, seed 0",251315,,False,1,0.0,0.06961337065783199,14.898678553116289,14.475399637420391,0.4232789156958976,410.40986358979126,-118.38737951970533,487.79712957390393,False
"rl_inverse_kinematics/ruth/contact_points.npy, 1000 rows, seed 0",251452,,False,1,8.881784197001252e-16,-0.018202120749964273,4.907905162097487,4.591658573402531,0.31624658869495637,421.7994120988574,-113.14865294115812,490.4009694787052,False
"rl_inverse_kinematics/ruth/contact_points.npy, 1000 rows, seed 0",252144,,False,1,0.0,0.22545452628198578,31.54545461246765,30.529109634477564,1.0163449779900873,423.3304656469062,-85.48343075474467,492.58723332974705,False
"rl_inverse_kinematics/ruth/contact_points.npy, 1000 rows, seed 0",252690,,False,1,3.552713678800501e-15,0.22442610340599192,31.442076723865842,31.013092834438073,0.4289838894277693,421.8597432466012,-89.32699515750431,492.6218396583431,False
"rl_inverse_kinematics/ruth/contact_points.npy, 1000 rows, seed 0",252691,,False,1,0.0,0.14370457833117561,23.03578042640699,22.37101290815776,0.6647675182492314,421.79742762803085,-89.08118580096337,492.10657159875905,False
"rl_inverse_kinematics/ruth/contact_points.npy, 1000 rows, seed 0",252994,,False,1,0.0,-0.005779408882470079,6.33664463113848,6.086570636393193,0.2500739947452866,423.6295773602051,-95.87440399562048,490.3162048870164,False
"rl_inverse_kinematics/ruth/contact_points.npy, 1000 rows, seed 0",254094,,False,1,2.7000623958883807e-13,0.22005647787034488,31.001710738085432,30.836071848419326,0.16563888966610563,431.3587542956531,-99.43161212065097,493.1219688948661,False
"rl_inverse_kinematics/ruth/contact_points.npy, 1000 rows, seed 0",256220,,False,1,1.7763568394002505e-15,0.060264405605940714,13.849706962125627,13.508156158130465,0.3415508039951618,432.0385485764703,-108.26340718544948,492.025876497893,False
"rl_inverse_kinematics/ruth/contact_points.npy, 1000 rows, seed 0",256654,,False,1,0.0,-0.0143333908539944,5.353243374300877,5.033200145544943,0.3200432287559343,421.9089638472654,-112.45397295039206,490.30355081647815,False
"rl_inverse_kinematics/ruth/contact_points.npy, 1000 rows, seed 0",256770,,False,1,3.197442310920451e-13,0.22214490188889033,31.212406842347917,30.659266778261888,0.5531400640860298,436.3859517929476,-108.56395681601992,492.9763488742034,False
"rl_inverse_kinematics/ruth/contact_points.npy, 1000 rows, seed 0",257391,,False,1,1.7763568394002505e-15,-0.020997004789242515,4.585973139163914,4.585017881125751,0.0009552580381635423,426.68680802155194,-110.60075627709058,491.40997901399226,False
"rl_inverse_kinematics/ruth/contact_points.npy, 1000 rows, seed 0",257687,,False,1,5.329070518200751e-15,0.04483323141159889,12.109375231242966,11.951138014460039,0.15823721678292735,417.2676438943538,-101.32920912307387,489.89421880616226,False
"rl_inverse_kinematics/ruth/contact_points.npy, 1000 rows, seed 0",258557,,False,1,1.7763568394002505e-15,0.07072047082439181,15.022611347418476,14.9186221682453,0.10398917917317618,422.04822353127025,-85.6141957418688,488.74287851383576,False
"rl_inverse_kinematics/ruth/contact_points.npy, 1000 rows, seed 0",259922,,False,1,1.7763568394002505e-15,0.05710562831269258,13.494338479390674,12.884463522974215,0.6098749564164585,427.92628106736635,-102.87810409281221,492.0002694905252,False
"rl_inverse_kinematics/ruth/contact_points.npy, 1000 rows, seed 0",260020,,False,1,8.881784197001252e-16,-0.015338734119329105,5.237548870696546,4.417954562624012,0.8195943080725341,425.62507295304425,-91.76157993018853,490.50744171593493,False
"rl_inverse_kinematics/ruth/contact_points.npy, 1000 rows, seed 0",260246,,False,1,1.7763568394002505e-15,0.05842849055859638,13.64321983637087,13.622866847133373,0.02035298923749629,430.6138120779012,-97.02463034156833,492.02263804801316,False
"rl_inverse_kinematics/ruth/contact_points.npy, 1000 rows, seed 0",260299,,False,1,3.552713678800501e-15,0.1299297798043482,21.549585336614392,21.399667593050925,0.1499177435634671,509.3356183552753,-78.86782247981495,492.94981994137993,False
"rl_inverse_kinematics/ruth/contact_points.npy, 1000 rows, seed 0",261288,,False,1,0.0,0.225306028020913,31.530533727095637,30.9183959045365,0.6121378225591378,490.42515688341814,-168.99024277944267,491.35466792045736,False
"rl_inverse_kinematics/ruth/contact_points.npy, 1000 rows, seed 0",261356,,False,1,0.0,0.06587982305797722,14.480279992979586,13.694914519930354,0.7853654730492323,432.8888955734589,-99.17037620529891,491.80003345778607,False
"rl_inverse_kinematics/ruth/contact_points.npy, 1000 rows, seed 0",261652,,False,1,8.881784197001252e-16,-0.010058791981268163,5.844895173153677,5.4176781397389595,0.42721703341471784,423.19098025779203,-108.48981970801911,490.26163944975434,False
"rl_inverse_kinematics/ruth/contact_points.npy, 1000 rows, seed 0",261824,,False,1,0.0,0.059633766341404826,13.778796245316755,13.258700751149892,0.5200954941668634,428.7711272042082,-108.483993388931,492.0595989368901,False
"rl_inverse_kinematics/ruth/contact_points.npy, 1000 rows, seed 0",262048,,False,1,1.7763568394002505e-15,-0.00987793481418671,5.865687049012185,5.5774912120122755,0.28819583699990936,421.36177398775885,-110.91169619006234,490.19769877874353,False
"rl_inverse_kinematics/ruth/contact_points.npy, 1000 rows, seed 0",262393,,False,1,3.552713678800501e-15,0.14016197097338595,22.65485106894936,22.240093422556342,0.41475764639301715,430.06400472580265,-109.88821794703917,492.61706296640443,False
"rl_inverse_kinematics/ruth/contact_points.npy, 1000 rows, seed 0",262882,,False,1,4.440892098500626e-16,-0.027955935355830394,3.783697787783622,3.3669642761881655,0.41673351159545646,427.55169780291635,-100.83313310186485,490.83002659661804,False
"rl_inverse_kinematics/ruth/contact_points.npy, 1000 rows, seed 0",263144,,False,1,0.0,0.061825528712989526,14.025162572115747,13.262249870568276,0.7629127015474708,430.17460247683516,-108.50301818419037,491.94449978268364,False
"rl_inverse_kinematics/ruth/contact_points.npy, 1000 rows, seed 0",264070,,False,1,8.881784197001252e-16,-0.0270765226354853,3.885135548159779,3.80646422182812,0.07867132633165896,424.8026163962472,-102.56541044429983,490.6992689300803,False
"rl_inverse_kinematics/ruth/contact_points.npy, 1000 rows, seed 0",264317,,False,1,1.7763568394002505e-15,0.07425472548687127,15.417831372187079,14.762610457255901,0.6552209149311778,424.27134162425915,-78.995896853165,488.7194744909327,False
"rl_inverse_kinematics/ruth/contact_points.npy, 1000 rows, seed 0",264674,,False,1,0.0,0.059909132255378854,13.809761413562377,13.306727812497188,0.503033601065189,430.06030878702063,-84.44938566926402,491.9029340491784,False
"rl_inverse_kinematics/ruth/contact_points.npy, 1000 rows, seed 0",265041,,False,1,0.0,-0.009286472905324934,5.933677591141686,5.53204521789763,0.4016323732440563,483.8975460457877,-147.82795700534183,491.73098264417393,False
"rl_inverse_kinematics/ruth/contact_points.npy, 1000 rows, seed 0",265366,,False,1,8.881784197001252e-16,-0.016595860349434725,5.092846604061866,4.627614204181166,0.4652323998807004,422.3630648408657,-84.03106931388223,490.4660801380695,False
"rl_inverse_kinematics/ruth/contact_points.npy, 1000 rows, seed 0",267168,,False,1,2.7355895326763857e-13,0.22034144742409545,31.030485033792534,30.731500752507724,0.2989842812848096,433.3429349887952,-101.05313812581832,493.19837593014415,False
"rl_inverse_kinematics/ruth/contact_points.npy, 1000 rows, seed 0",267570,,False,1,3.019806626980426e-13,0.22133647892160369,31.130896156201963,30.55677242339662,0.5741237328053437,431.7857890063123,-104.75308688232029,493.15191593944047,False
"rl_inverse_kinematics/ruth/contact_points.npy, 1000 rows, seed 0",267644,,False,1,2.3092638912203256e-14,0.05254484486163804,12.980428767631848,12.810544951731625,0.1698838159002225,423.4590644777521,-111.59013281259553,492.35349593669264,False
"rl_inverse_kinematics/ruth/contact_points.npy, 1000 rows, seed 0",267744,,False,1,2.4513724383723456e-13,0.21920306604211173,30.91549299832499,30.817569935134927,0.09792306319006272,433.6663559748883,-103.3963643973888,493.29369324502255,False
"rl_inverse_kinematics/ruth/contact_points.npy, 1000 rows, seed 0",268501,,False,1,7.105427357601002e-15,0.14001728613499234,22.63927413770192,22.456598452811324,0.18267568489059727,434.48249140519124,-104.29689379409332,492.59327351563184,False
"rl_inverse_kinematics/ruth/contact_points.npy, 1000 rows, seed 0",268770,,False,1,2.2026824808563106e-13,0.2182237927065824,30.81647504212151,30.54604886846442,0.2704261736570892,423.8505826973686,-112.98838884395474,493.28395759242096,False
"rl_inverse_kinematics/ruth/contact_points.npy, 1000 rows, seed 0",268843,,False,1,0.0,0.14631631903694853,23.31603013842956,22.96495532526114,0.35107481316842026,436.62413737958764,-102.35052221455454,492.12724263222526,False
"rl_inverse_kinematics/ruth/contact_points.npy, 1000 rows, seed 0",269009,,False,1,8.881784197001252e-15,0.04709595449805596,12.365225738574905,12.157108419179366,0.208117319395539,420.8099647831754,-95.30884319536978,489.86086330396233,False
"rl_inverse_kinematics/ruth/contact_points.npy, 1000 rows, seed 0",270023,,False,1,2.1316282072803006e-14,0.05115098334684178,12.823180624659104,12.800868295340802,0.02231232931830185,420.11386255522393,-96.57357856690514,489.4015711903895,False
"rl_inverse_kinematics/ruth/contact_points.npy, 1000 rows, seed 0",270031,,False,1,0.0,0.14264817917738354,22.922283161733375,22.673486116864805,0.2487970448685708,433.23698040134997,-105.98105165743429,492.2999328475802,False
"rl_inverse_kinematics/ruth/contact_points.npy, 1000 rows, seed 0",270195,,False,1,0.0,0.27197844229085333,36.11118082304423,36.03060592761007,0.08057489543416096,432.7386061625001,-102.46311071334952,480.8402362839805,False
"rl_inverse_kinematics/ruth/contact_points.npy, 1000 rows, seed 0",270376,,False,1,0.0,-0.01490106190671701,5.287918892648198,5.160949701863255,0.1269691907849433,424.0962498625255,-72.81090758453931,490.460732678068,False
"rl_inverse_kinematics/ruth/contact_points.npy, 1000 rows, seed 0",271232,,False,1,1.7763568394002505e-15,0.056830468922504186,13.463360493323522,13.201225941731414,0.2621345515921085,431.55238826816014,-89.38220491929962,492.00476582443486,False
"rl_inverse_kinematics/ruth/contact_points.npy, 1000 rows, seed 0",271530,,False,1,3.552713678800501e-15,0.22426533285083372,31.425906761996888,30.64376698731206,0.7821397746848291,431.81935108892367,-84.35823305749281,492.8408639665787,False
"rl_inverse_kinematics/ruth/contact_points.npy, 1000 rows, seed 0",271684,,False,1,0.0,-0.019656832742776742,4.740363505823864,4.5564943652964836,0.18386914052738046,422.3720979109426,-82.79251903073131,490.5125006925691,False
"rl_inverse_kinematics/ruth/contact_points.npy, 1000 rows, seed 0",272123,,False,1,1.7763568394002505e-15,0.06431012234260021,14.304166810424165,13.846783276271053,0.45738353415311295,425.37795898742223,-83.98298366785656,488.9552687522544,False
"rl_inverse_kinematics/ruth/contact_points.npy, 1000 rows, seed 0",272524,,False,1,8.881784197001252e-16,-0.016245846141651813,5.13313881382076,4.956239983692884,0.17689883012787622,429.7446523032118,-89.44686680374129,490.57557652479846,False
"rl_inverse_kinematics/ruth/contact_points.npy, 1000 rows, seed 0",272827,,False,1,0.0,0.13065968536374084,21.62867109801327,21.31695901214697,0.3117120858663007,426.43208951714627,-106.10063602121947,493.0315706750995,False
"rl_inverse_kinematics/ruth/contact_points.npy, 1000 rows, seed 0",273034,,False,1,1.7763568394002505e-15,-0.02318341770934876,4.334012995661699,3.954338279097737,0.37967471656396246,426.33691365539306,-89.3593852498274,490.6835689706057,False
"rl_inverse_kinematics/ruth/contact_points.npy, 1000 rows, seed 0",273279,,False,1,1.7763568394002505e-15,-0.01960973321478624,4.745788759977481,4.63324174376269,0.11254701621479146,432.47513145160394,-93.63030997364363,491.5009864837085,False
"rl_inverse_kinematics/ruth/contact_points.npy, 1000 rows, seed 0",274018,,False,1,0.0,-0.024672765460014907,4.162325808776583,3.847720042402636,0.31460576637394677,429.4986135150355,-93.42904805889589,490.76943085326565,False
"rl_inverse_kinematics/ruth/contact_points.npy, 1000 rows, seed 0",274544,,False,1,4.085620730620576e-14,0.05517221588510527,13.276597215182067,13.218941782008836,0.057655433173231074,422.31828075686786,-109.33101868644337,492.15408652308486,False
"rl_inverse_kinematics/ruth/contact_points.npy, 1000 rows, seed 0",274601,,False,1,1.9539925233402755e-14,0.0516078170945547,12.874727763976116,12.77402288014884,0.1007048838272766,423.84631829200725,-92.39878905738897,489.5254663536186,False
"rl_inverse_kinematics/ruth/contact_points.npy, 1000 rows, seed 0",275520,,False,1,0.0,0.23543166542134913,32.54303855723293,32.51641158975321,0.026626967479721486,435.9976891113451,-100.03022534409875,492.07562404296914,False
"rl_inverse_kinematics/ruth/contact_points.npy, 1000 rows, seed 0",275521,,False,1,3.552713678800501e-15,0.15483629836322618,24.226733184142297,23.736548605791008,0.4901845783512897,434.2569271313302,-99.03344241586869,491.53206176983406,False
"rl_inverse_kinematics/ruth/contact_points.npy, 1000 rows, seed 0",276080,,False,1,1.7763568394002505e-15,0.05899082718890658,13.70648320473437,13.067825802934964,0.6386574017994064,417.4222206160719,-108.46661745288304,491.87469748188545,False
"rl_inverse_kinematics/ruth/contact_points.npy, 1000 rows, seed 0",276222,,False,1,2.7000623958883807e-13,0.22028017888749588,31.024299201408247,30.44677488661824,0.5775243147900078,426.7735141464165,-106.90262217594584,493.09168766280385,False
"rl_inverse_kinematics/ruth/contact_points.npy, 1000 rows, seed 0",276895,,False,1,3.552713678800501e-15,0.14514032562706414,23.189903486147916,22.215508183907406,0.9743953022405094,430.5229092627056,-75.75880060250492,492.2364909345608,False
"rl_inverse_kinematics/ruth/contact_points.npy, 1000 rows, seed 0",277925,,False,1,2.6645352591003757e-14,0.05304787145482764,13.037156222321839,12.922308641622678,0.1148475806991609,473.58876853059246,-153.55921006609296,493.19181752825693,False
"rl_inverse_kinematics/ruth/contact_points.npy, 1000 rows, seed 0",279218,,False,1,1.7763568394002505e-15,0.06268457658391835,14.121661875746797,13.728211711477943,0.39345016426885415,435.18765152564833,-90.81351706352179,491.96593496740394,False
"rl_inverse_kinematics/ruth/contact_points.npy, 1000 rows, seed 0",279736,,False,1,0.0,-0.019888505332851563,4.713677134374533,4.6688597467877715,0.0448173875867619,469.12066767157967,-171.52475910841798,492.30547692768346,False
"rl_inverse_kinematics/ruth/contact_points.npy, 1000 rows, seed 0",280919,,False,1,1.5987211554602254e-14,0.04963530142417054,12.652091390004033,12.360462597406045,0.29162879259798835,424.29590507366726,-89.24454697307364,489.7508745022565,False
"rl_inverse_kinematics/ruth/contact_points.npy, 1000 rows, seed 0",281984,,False,1,3.552713678800501e-15,0.05906913159776158,13.715291344411828,13.483901219283053,0.23139012512877422,426.68146204816014,-103.00270978410906,491.9648978871076,False
"rl_inverse_kinematics/ruth/contact_points.npy, 1000 rows, seed 0",282056,,False,1,1.7763568394002505e-15,0.07435604796197402,15.429152354796747,15.0220422590602,0.407110095736547,433.447995545741,-96.39996179140158,491.3258277257826,False
"rl_inverse_kinematics/ruth/contact_points.npy, 1000 rows, seed 0",282279,,False,1,7.105427357601002e-15,0.24813121606319088,33.798554219850296,33.757785688719316,0.04076853113097911,432.4808894996112,-96.41685062088389,482.24493120909983,False
"rl_inverse_kinematics/ruth/contact_points.npy, 1000 rows, seed 0",282715,,False,1,0.0,0.1426041076162266,22.917546443940473,21.916454737673934,1.0010917062665392,437.3115505746182,-75.06929585954896,492.43464277146103,False
"rl_inverse_kinematics/ruth/contact_points.npy, 1000 rows, seed 0",282813,,False,1,1.7763568394002505e-15,0.013026396685486658,8.491632599646591,8.452783813704167,0.0388487859424238,436.16394814159617,-86.54223164075029,491.13046684129694,False
"rl_inverse_kinematics/ruth/contact_points.npy, 1000 rows, seed 0",283065,,False,1,0.0,-0.01907459603032061,4.807426240918973,4.515346992469303,0.2920792484496699,434.2939397393518,-73.24807181160799,491.50911596300773,False
"rl_inverse_kinematics/ruth/contact_points.npy, 1000 rows, seed 0",283279,,False,1,0.0,0.14537043211100778,23.214590671670127,22.702019968078194,0.5125707035919334,474.6140827207637,-153.8596062253801,490.9751134428759,False
"rl_inverse_kinematics/ruth/contact_points.npy, 1000 rows, seed 0",283813,,False,1,3.552713678800501e-15,0.1416331446841344,22.813153673772902,22.613550549766536,0.19960312400636582,435.2171636624798,-79.54413571540067,492.47741958348,False
"rl_inverse_kinematics/ruth/contact_points.npy, 1000 rows, seed 0",284771,,False,1,1.7763568394002505e-15,0.06145773128214193,13.983836035579587,13.52883649112551,0.4549995444540773,427.84066669612764,-79.91058400159382,489.12821346377615,False
"rl_inverse_kinematics/ruth/contact_points.npy, 1000 rows, seed 0",285515,,False,1,3.375077994860476e-14,0.054682933425496634,13.221466951159977,13.157980004322855,0.06348694683712175,425.24532694326655,-82.73067902811798,489.4260634917904,False
"rl_inverse_kinematics/ruth/contact_points.npy, 1000 rows, seed 0",285974,,False,1,0.0,0.060762377135793036,13.905686880271615,13.449343388546504,0.4563434917251108,435.92509099385217,-94.51581706576935,492.0708367687806,False
"rl_inverse_kinematics/ruth/contact_points.npy, 1000 rows, seed 0",286182,,False,1,3.232969447708456e-13,0.22209262416674766,31.20713772998845,30.647950413820766,0.5591873161676837,434.94957900761233,-98.07778643245607,493.1445136542918,False
"rl_inverse_kinematics/ruth/contact_points.npy, 1000 rows, seed 0",286284,,False,1,7.105427357601002e-15,0.22516871560367174,31.51673489174094,31.0090544928133,0.5076803989276399,438.92749316159075,-93.01288392888021,492.6867374605671,False
"rl_inverse_kinematics/ruth/contact_points.npy, 1000 rows, seed 0",287035,,False,1,3.552713678800501e-15,0.13647738724890845,22.257698351494838,22.016267374351767,0.2414309771430716,420.94021331156364,-105.16970907280566,492.78390091139124,False
"rl_inverse_kinematics/ruth/contact_points.npy, 1000 rows, seed 0",287178,,False,1,2.4513724383723456e-13,0.21904355215546842,30.899370129953496,30.689612257474717,0.20975787247877875,428.0604131995189,-103.03367844866251,493.23104102223954,False
"rl_inverse_kinematics/ruth/contact_points.npy, 1000 rows, seed 0",287226,,False,1,2.0250467969162855e-13,0.21700805707956508,30.69342180228208,30.35666190644764,0.3367598958344402,420.3328795990226,-105.93481346702146,493.3731144152989,False
"rl_inverse_kinematics/ruth/contact_points.npy, 1000 rows, seed 0",287525,,False,1,1.7763568394002505e-15,0.057978990701079015,13.592640072436673,13.570027380175834,0.022612692260839395,424.5020970132748,-90.98808414008361,488.99048869078405,False
"rl_inverse_kinematics/ruth/contact_points.npy, 1000 rows, seed 0",287656,,False,1,1.3322676295501878e-15,-0.027634854852307628,3.820735216554413,3.5037131114713342,0.3170221050830788,431.6678961693368,-91.74931027758964,490.87939677753536,False
"rl_inverse_kinematics/ruth/contact_points.npy, 1000 rows, seed 0",287986,,False,1,8.881784197001252e-16,-0.011318784863504317,5.700020317319376,5.219829541714429,0.4801907756049477,416.10999889570377,-99.45510294745543,490.12240165890273,False
"rl_inverse_kinematics/ruth/contact_points.npy, 1000 rows, seed 0",288200,,False,1,1.7763568394002505e-15,0.07445224504271454,15.439900174155964,15.005769745438709,0.43413042871725516,435.42027639420303,-94.87329038707506,491.3484388097447,False
"rl_inverse_kinematics/ruth/contact_points.npy, 1000 rows, seed 0",288345,,False,1,1.7763568394002505e-15,-0.02172960172674703,4.501560464162341,4.133295177078945,0.36826528708339623,421.4135162843626,-99.59270800396148,491.3314930879351,False
"rl_inverse_kinematics/ruth/contact_points.npy, 1000 rows, seed 0",288644,,False,1,0.0,0.0636951865359162,14.235141137001774,14.069743585991223,0.16539755101055142,434.27505353436976,-97.9062959228408,491.7795599217758,False
"rl_inverse_kinematics/ruth/contact_points.npy, 1000 rows, seed 0",288979,,False,1,3.552713678800501e-15,0.143491579603211,23.012902839010295,22.370529197915392,0.6423736410949026,434.6145655897279,-69.84223152882018,492.3772785759887,False
"rl_inverse_kinematics/ruth/contact_points.npy, 1000 rows, seed 0",290549,,False,1,0.0,0.0629224339408597,14.148374808276582,13.908883337514798,0.23949147076178434,432.1431625910475,-76.35833412146556,489.13522980422135,False
"rl_inverse_kinematics/ruth/contact_points.npy, 1000 rows, seed 0",290826,,False,1,2.2737367544323206e-13,0.2184540615417999,30.839766513319564,30.53135686571722,0.3084096476023426,433.92171743200714,-93.52594667729758,493.22037789116314,False
"rl_inverse_kinematics/ruth/contact_points.npy, 1000 rows, seed 0",290982,,False,1,0.0,0.22274955897579377,31.273331763020973,30.608393968694056,0.6649377943269172,437.45444296271813,-90.41889610060456,493.0782912059792,False
"rl_inverse_kinematics/ruth/contact_points.npy, 1000 rows, seed 0",291501,,False,1,8.881784197001252e-16,-0.018745645422850343,4.845311912229798,4.709794321652684,0.13551759057711443,436.98887692292413,-85.64643135186819,491.56262959797346,False
"rl_inverse_kinematics/ruth/contact_points.npy, 1000 rows, seed 0",291640,,False,1,8.881784197001252e-16,-0.012948340006442852,5.512595778317946,5.49681426682872,0.015781511489226574,460.97082284955377,-170.98412976105283,492.0571966372186,False
"rl_inverse_kinematics/ruth/contact_points.npy, 1000 rows, seed 0",291732,,False,1,2.5934809855243657e-13,0.21974373272717862,30.970122997187797,30.777292630163245,0.19283036702455192,438.56958132389065,-92.62052622636435,493.28589694657603,False
"rl_inverse_kinematics/ruth/contact_points.npy, 1000 rows, seed 0",291796,,False,1,0.0,-0.010382498936562038,5.807678844145343,5.781960297965774,0.02571854617956948,427.6657462182065,-93.5335041510858,490.3847951956749,False
"rl_inverse_kinematics/ruth/contact_points.npy, 1000 rows, seed 0",292079,,False,1,1.7763568394002505e-15,0.0578223164126793,13.57500815616267,13.223504571897342,0.3515035842653287,430.1116257646546,-82.78344551602396,489.2921217065835,False
"rl_inverse_kinematics/ruth/contact_points.npy, 1000 rows, seed 0",292511,,False,1,1.7763568394002505e-15,0.06086110595504761,13.916784172124286,13.811066366870957,0.10571780525332919,428.9881091109226,-87.28268857819414,488.9836803309844,False
"rl_inverse_kinematics/ruth/contact_points.npy, 1000 rows, seed 0",292592,,False,1,3.552713678800501e-14,0.05474865632395247,13.228872962395469,13.1665841571256,0.06228880526986913,424.62363218145606,-100.34048466632119,492.20532441927264,False
"rl_inverse_kinematics/ruth/contact_points.npy, 1000 rows, seed 0",292656,,False,1,2.6290081223123707e-13,0.21991160389205686,30.98707939473732,30.87140819565223,0.11567119908509227,441.38191926000945,-94.65386824322623,493.1821679462324,False
"rl_inverse_kinematics/ruth/contact_points.npy, 1000 rows, seed 0",292878,,False,1,3.019806626980426e-13,0.22144609085824657,31.141951619845813,30.71864407171826,0.42330754812755345,438.7313419521696,-96.78870576116967,493.18301056937355,False
"rl_inverse_kinematics/ruth/contact_points.npy, 1000 rows, seed 0",293352,,False,1,2.3447910280083306e-13,0.21899127788056338,30.89408598394043,30.56600265646536,0.32808332747506697,423.31581877312055,-102.02088372559331,493.2360472658622,False
"rl_inverse_kinematics/ruth/contact_points.npy, 1000 rows, seed 0",293651,,False,1,1.7763568394002505e-15,0.05596085604453448,13.365434779600363,13.226974253756875,0.1384605258434881,427.27423285488953,-87.02022411724695,489.2032523868189,False
"rl_inverse_kinematics/ruth/contact_points.npy, 1000 rows, seed 0",293788,,False,1,8.881784197001252e-16,-0.029722808808461253,3.5798500325162568,3.5470501674444455,0.03279986507181132,432.9133900067678,-88.9384842115021,490.94117194127057,False
"rl_inverse_kinematics/ruth/contact_points.npy, 1000 rows, seed 0",294411,,False,1,0.0,0.27171421421488245,36.085888230638346,36.06671722102369,0.01917100961465934,439.1712252231871,-99.15652471941743,480.97305439763306,False
"rl_inverse_kinematics/ruth/contact_points.npy, 1000 rows, seed 0",295619,,False,1,1.7763568394002505e-15,0.07415441199440378,15.406622602326799,14.971458732476815,0.43516386984998334,436.1006956008461,-73.39568843446298,488.86845098598326,False
"rl_inverse_kinematics/ruth/contact_points.npy, 1000 rows, seed 0",295809,,False,1,8.881784197001252e-16,-0.01946461590604688,4.762504088374489,4.565049327908426,0.19745476046606303,439.1237730957366,-80.51308988404277,491.60326112467703,False
"rl_inverse_kinematics/ruth/contact_points.npy, 1000 rows, seed 0",295834,,False,1,8.881784197001252e-16,0.005430046098644433,7.622404831546868,7.443597156507079,0.17880767503978934,433.8657633849217,-79.64822240118868,490.3259495831636,False
"rl_inverse_kinematics/ruth/contact_points.npy, 1000 rows, seed 0",297022,,False,1,1.7763568394002505e-15,0.02696125121324122,10.081220792208542,9.817950139547735,0.2632706526608075,509.08623729536265,-102.27529443030062,492.4664577881181,False
"rl_inverse_kinematics/ruth/contact_points.npy, 1000 rows, seed 0",298222,,False,1,0.0,-0.02250925983286017,4.411712888131513,4.314308311147693,0.09740457698381988,436.445415701485,-84.27911483098254,490.81934000298406,False
"rl_inverse_kinematics/ruth/contact_points.npy, 1000 rows, seed 0",298887,,False,1,8.881784197001252e-16,-0.021407785267155074,4.538642801523839,4.121568914954458,0.4170738865693808,430.3824893313433,-94.23622019962463,491.5100042263714,False
"rl_inverse_kinematics/ruth/contact_points.npy, 1000 rows, seed 0",299103,,False,1,1.7763568394002505e-15,-0.02314606200233974,4.338318662147785,4.107571123167167,0.2307475389806175,426.24358769352614,-95.78432715025527,491.4792839623875,False
"rl_inverse_kinematics/ruth/contact_points.npy, 1000 rows, seed 0",300159,,False,1,7.105427357601002e-15,0.25488680934849667,34.459746826277744,34.45619041543579,0.003556410841952129,440.6117052644012,-95.77052473859443,482.00250625336275,False
"rl_inverse_kinematics/ruth/contact_points.npy, 1000 rows, seed 0",301263,,False,1,0.0,-0.018102920532037547,4.919328530205472,4.392248324397578,0.527080205807894,439.0773460096871,-64.39776339174229,491.5835979273029,False
"rl_inverse_kinematics/ruth/contact_points.npy, 1000 rows, seed 0",301842,,False,1,3.232969447708456e-13,0.22196334815035873,31.194106781366262,31.07473684633151,0.1193699350347508,441.68642612503163,-71.39023398852441,493.1660503828321,False
"rl_inverse_kinematics/ruth/contact_points.npy, 1000 rows, seed 0",302147,,False,1,0.0,0.07333368908801263,15.314897641470687,15.15734767761113,0.157549963859557,437.4294906798414,-74.57540085389213,488.87647012785413,False
"rl_inverse_kinematics/ruth/contact_points.npy, 1000 rows, seed 0",302318,,False,1,8.881784197001252e-15,0.04810433724482429,12.479174597755552,12.308947235249914,0.17022736250563852,522.5157075985378,-105.51022817990574,493.09105475729234,False
"rl_inverse_kinematics/ruth/contact_points.npy, 1000 rows, seed 0",302849,,False,1,1.7763568394002505e-15,0.06414740942950914,14.28590430136398,13.81918767208375,0.4667166292802296,438.18746762592843,-73.31823641670337,489.1931114615069,False
"rl_inverse_kinematics/ruth/contact_points.npy, 1000 rows, seed 0",303641,,False,1,1.7763568394002505e-15,0.06510830265779606,14.393734001848907,13.916519543576621,0.4772144582722859,436.1880672665016,-79.22183886078028,489.05951452866367,False
"rl_inverse_kinematics/ruth/contact_points.npy, 1000 rows, seed 0",303928,,False,1,8.881784197001252e-16,-0.014420106157708754,5.34326513629046,5.0040536076970445,0.33921152859341586,450.47997660199087,-170.7179780135727,491.8824115073985,False
"rl_inverse_kinematics/ruth/contact_points.npy, 1000 rows, seed 0",304849,,False,1,0.0,0.13762521042582254,22.38152330015844,22.319036685652488,0.0624866145059535,431.3521524571531,-94.76004691880158,492.74809864608994,False
"rl_inverse_kinematics/ruth/contact_points.npy, 1000 rows, seed 0",306509,,False,1,3.197442310920451e-14,0.05421535027044414,13.168771480537986,12.885795858943219,0.2829756215947672,430.74078336289296,-81.14048704031312,489.3937406232469,False
"rl_inverse_kinematics/ruth/contact_points.npy, 1000 rows, seed 0",307345,,False,1,3.552713678800501e-15,0.13301989279552248,21.884148799868797,21.63307997024646,0.2510688296223371,446.02404958821535,-76.06924389410726,492.93082637620034,False
"rl_inverse_kinematics/ruth/contact_points.npy, 1000 rows, seed 0",308451,,False,1,0.0,-0.015862319607258653,5.177285630915078,4.8213694664208715,0.3559161644942064,457.9775798982122,-160.04943084429328,491.3017759523366,False
"rl_inverse_kinematics/ruth/contact_points.npy, 1000 rows, seed 0",308612,,False,1,1.7763568394002505e-15,0.06045880324354004,13.871561746177141,13.666533563129098,0.20502818304804293,445.9895519489246,-76.591257055662,492.24403256145,False
"rl_inverse_kinematics/ruth/contact_points.npy, 1000 rows, seed 0",308846,,False,1,1.7763568394002505e-15,0.06564267611954476,14.453680926947362,13.769072810882246,0.6846081160651156,457.6545591342065,-164.66210583537787,490.7935153443163,False
"rl_inverse_kinematics/ruth/contact_points.npy, 1000 rows, seed 0",309187,,False,1,0.0,0.14330157726769838,22.9924924385412,22.32460461231759,0.667887826223609,445.5145526829701,-81.1964393769655,492.65525212117313,False
"rl_inverse_kinematics/ruth/contact_points.npy, 1000 rows, seed 0",310255,,False,1,3.552713678800501e-15,0.13022934619641754,21.582048000815288,21.46552362468521,0.11652437613007649,510.94725542666396,-117.6350776046176,492.89190847688064,False
"rl_inverse_kinematics/ruth/contact_points.npy, 1000 rows, seed 0",310914,,False,1,2.8066438062523957e-13,0.22065676587343036,31.06231478203028,30.52555483540954,0.5367599466207409,444.29160701810343,-90.9014607879509,493.3010516217744,False
"rl_inverse_kinematics/ruth/contact_points.npy, 1000 rows, seed 0",311594,,False,1,1.7763568394002505e-15,0.058983463659439586,13.70565489690317,13.015051828162585,0.6906030687405842,427.14489759050826,-92.05453574580807,492.1338133748517,False
"rl_inverse_kinematics/ruth/contact_points.npy, 1000 rows, seed 0",311976,,False,1,2.2026824808563106e-13,0.21777959525871898,30.771530784401612,30.70231732698511,0.06921345741650242,425.85825388238464,-93.365033777571,493.3645898436294,False
"rl_inverse_kinematics/ruth/contact_points.npy, 1000 rows, seed 0",313311,,False,1,8.881784197001252e-16,-0.02178974235754461,4.494630325803803,4.189734948345572,0.30489537745823103,425.0986633552255,-86.83238363253425,491.4163028515901,False
"rl_inverse_kinematics/ruth/contact_points.npy, 1000 rows, seed 0",313489,,False,1,3.552713678800501e-15,0.1331191880376961,21.89488839956995,21.638914660375722,0.2559737391942285,448.7417632852005,-75.17161524239418,492.97750307548046,False
"rl_inverse_kinematics/ruth/contact_points.npy, 1000 rows, seed 0",313555,,False,1,0.0,0.1429037864192262,22.94975250288606,22.414601570725107,0.5351509321609527,448.43383411681884,-64.32124228296249,492.6795655715371,False
"rl_inverse_kinematics/ruth/contact_points.npy, 1000 rows, seed 0",314877,,False,1,0.0,0.03566346211328573,11.070346139150493,10.934286995295402,0.13605914385509088,442.02491691154586,-88.41054869210194,490.7983134134954,False
"rl_inverse_kinematics/ruth/contact_points.npy, 1000 rows, seed 0",314914,,False,1,8.881784197001252e-16,-0.01738435899967845,5.002067730193468,4.661907877602391,0.34015985259107673,445.4922757381078,-70.57899448728438,490.9045633609892,False
"rl_inverse_kinematics/ruth/contact_points.npy, 1000 rows, seed 0",315169,,False,1,0.0,0.1407625616820676,22.719495236999354,22.29510695076052,0.42438828623883396,446.45199638160165,-81.58807404096511,492.7777976098074,False
"rl_inverse_kinematics/ruth/contact_points.npy, 1000 rows, seed 0",315488,,False,1,1.7763568394002505e-15,0.0608530780680732,13.915881840889442,13.754963742644106,0.16091809824533598,447.252757106141,-77.82768688307641,492.2205665618093,False
"rl_inverse_kinematics/ruth/contact_points.npy, 1000 rows, seed 0",315752,,False,1,0.0,0.05957123508851875,13.771764046268848,13.452303922221816,0.3194601240470316,443.7534951148755,-83.7948967923457,492.2638714055271,False
"rl_inverse_kinematics/ruth/contact_points.npy, 1000 rows, seed 0",315975,,False,1,0.0,-0.020316322229802005,4.664393862262733,4.134427527581597,0.5299663346811361,439.06503316466956,-85.25067232712226,491.65911813142407,False
"rl_inverse_kinematics/ruth/contact_points.npy, 1000 rows, seed 0",316400,,False,1,1.7763568394002505e-15,0.060669994518232,13.89530249344154,13.514439040092766,0.38086345334877336,442.29956798568935,-172.5087944266854,490.6721412133626,False
"rl_inverse_kinematics/ruth/contact_points.npy, 1000 rows, seed 0",316648,,False,1,8.881784197001252e-16,-0.020999362622757846,4.585701478541802,4.171402714563614,0.4142987639781879,443.10842703668584,-79.25302207434413,490.930987965544,False
"rl_inverse_kinematics/ruth/contact_points.npy, 1000 rows, seed 0",317229,,False,1,7.105427357601002e-15,0.3212132839878144,40.687006112656995,40.6867826959534,0.00022341670359793397,454.82053027949627,-96.50538669158409,478.05435139114616,False
"rl_inverse_kinematics/ruth/contact_points.npy, 1000 rows, seed 0",317577,,False,1,0.0,0.24570107772704633,33.55956284307963,33.530720950853606,0.02884189222602629,445.6941468323176,-85.51147236387453,482.6051368208963,False
"rl_inverse_kinematics/ruth/contact_points.npy, 1000 rows, seed 0",318356,,False,1,1.7763568394002505e-15,0.06611776283617377,14.5069652113522,14.019016767371143,0.4879484439810575,444.99113277247363,-88.58295802969737,491.8205700160254,False
"rl_inverse_kinematics/ruth/contact_points.npy, 1000 rows, seed 0",318779,,False,1,1.9539925233402755e-14,0.05125235748100971,12.834620044096171,12.833115330792827,0.0015047133033441185,436.3495728912538,-76.1304879263511,489.6634092564432,False
"rl_inverse_kinematics/ruth/contact_points.npy, 1000 rows, seed 0",318831,,False,1,2.1316282072803006e-14,0.370696806035162,44.99201615165034,44.80296666835994,0.18904948329039684,447.216891373337,-109.0843740094418,474.385061667086,False
"rl_inverse_kinematics/ruth/contact_points.npy, 1000 rows, seed 0",318897,,False,1,0.0,-0.022832797883769376,4.374424759324758,4.146241021530324,0.22818373779443402,424.6308239921813,-85.52706779330518,491.46183146192885,False
"rl_inverse_kinematics/ruth/contact_points.npy, 1000 rows, seed 0",319303,,False,1,3.552713678800501e-15,0.14585849834876083,23.26694043221758,23.068625963531236,0.19831446868634472,445.3163561987884,-90.86646336060727,492.06956869919975,False
"rl_inverse_kinematics/ruth/contact_points.npy, 1000 rows, seed 0",320023,,False,1,0.0,0.13128513390113797,21.69640961077816,21.582730193479385,0.11367941729877629,448.7832635675495,-76.95647038666442,493.06406807297265,False
"rl_inverse_kinematics/ruth/contact_points.npy, 1000 rows, seed 0",320454,,False,1,3.232969447708456e-13,0.22211158377003817,31.209048713280378,30.955905497889756,0.25314321539062234,449.95870358425066,-69.18748022250394,493.32454240043535,False
"rl_inverse_kinematics/ruth/contact_points.npy, 1000 rows, seed 0",320466,,False,1,3.055333763768431e-13,0.2215675816063021,31.154203845545943,31.030161250096054,0.1240425954498896,451.18761686308375,-69.9997521518583,493.39267039145614,False
"rl_inverse_kinematics/ruth/contact_points.npy, 1000 rows, seed 0",320781,,False,1,0.0,-0.017798325981964905,4.954402653582106,4.504397203415105,0.45000545016700055,446.0787633789502,-78.5369435166119,491.72608355584805,False
"rl_inverse_kinematics/ruth/contact_points.npy, 1000 rows, seed 0",321398,,False,1,1.5987211554602254e-14,0.05027118624253464,12.723882032640146,12.555057589582097,0.16882444305804967,438.85741797367416,-83.45061661072876,492.429586574577,False
"rl_inverse_kinematics/ruth/contact_points.npy, 1000 rows, seed 0",321706,,False,1,0.0,-0.013461001431623045,5.453618501609329,5.4333923669092465,0.020226134700082277,445.3253580750394,-78.20086158810369,490.8143284747033,False
"rl_inverse_kinematics/ruth/contact_points.npy, 1000 rows, seed 0",321939,,False,1,8.881784197001252e-16,-0.01835335054601275,4.8904899273616165,4.381735481147768,0.5087544462138487,441.8943113740701,-167.64339922271657,491.0527300215764,False
"rl_inverse_kinematics/ruth/contact_points.npy, 1000 rows, seed 0",322163,,False,1,3.552713678800501e-15,0.06649551586266958,14.54932492605462,14.102589867897692,0.4467350581569285,434.1795067084033,-162.27276783632718,492.33675630145603,False
"rl_inverse_kinematics/ruth/contact_points.npy, 1000 rows, seed 0",322278,,False,1,0.0,0.22275865693433583,31.274248202002696,30.713890643808377,0.560357558194319,444.97323089687666,-85.73231354107158,493.3206990178711,False
"rl_inverse_kinematics/ruth/contact_points.npy, 1000 rows, seed 0",323090,,False,1,3.552713678800501e-15,0.05907859505623553,13.716355830293498,13.070779141750577,0.6455766885429206,436.37990650298474,-87.18202663649896,492.23591357008735,False
"rl_inverse_kinematics/ruth/contact_points.npy, 1000 rows, seed 0",323382,,False,1,3.552713678800501e-15,0.22267570920001342,31.265892569586885,30.638456558655946,0.6274360109309391,448.35877679592363,-89.35531395038242,493.2230443277541,False
"rl_inverse_kinematics/ruth/contact_points.npy, 1000 rows, seed 0",323675,,False,1,3.552713678800501e-15,0.06818237463377648,14.738396462235146,14.62245956962198,0.1159368926131652,430.23964961349293,-79.28101019879435,488.4921833598663,False
"rl_inverse_kinematics/ruth/contact_points.npy, 1000 rows, seed 0",324238,,False,1,0.0,-0.014911783931552167,5.28668498867046,5.087772828738642,0.198912159931818,433.10500282459606,-83.20620014780096,490.56733869242896,False
"rl_inverse_kinematics/ruth/contact_points.npy, 1000 rows, seed 0",324281,,False,1,1.7763568394002505e-15,0.07414083447806293,15.405105445839647,14.961924332080134,0.44318111375951297,423.53967146138206,-78.25406743430716,488.01795571305763,False
"rl_inverse_kinematics/ruth/contact_points.npy, 1000 rows, seed 0",325119,,False,1,3.552713678800501e-15,0.22860889603796958,31.86189845225182,31.809126489961077,0.052771962290741214,443.7716826807868,-87.27388744406848,483.5439247384368,False
"rl_inverse_kinematics/ruth/contact_points.npy, 1000 rows, seed 0",326247,,False,1,8.881784197001252e-16,-0.019030941694095773,4.81245410379392,4.434233499162233,0.3782206046316867,455.9105403448051,-65.52625492116695,491.9291933485881,False
"rl_inverse_kinematics/ruth/contact_points.npy, 1000 rows, seed 0",326644,,False,1,8.881784197001252e-16,-0.01711514777856922,5.033063254488755,5.032436712601527,0.0006265418872279938,454.4727400910443,-66.78808548891837,491.06343084258907,False
"rl_inverse_kinematics/ruth/contact_points.npy, 1000 rows, seed 0",328398,,False,1,2.5579538487363607e-13,0.2193550755602135,30.930855125014126,30.882025163018753,0.048829961995373594,450.0471856585403,-84.26688323762552,493.57483068604085,False
"rl_inverse_kinematics/ruth/contact_points.npy, 1000 rows, seed 0",328452,,False,1,2.7000623958883807e-13,0.22001304377626907,30.997324381602127,30.48906567595799,0.5082587056441383,442.5485718710031,-85.73823564685898,493.4132643094887,False
"rl_inverse_kinematics/ruth/contact_points.npy, 1000 rows, seed 0",329262,,False,1,1.5631940186722204e-13,0.21448786543467022,30.43789381358968,30.376955748966093,0.06093806462358842,433.45912984258626,-86.77600388857408,493.6735454613846,False
"rl_inverse_kinematics/ruth/contact_points.npy, 1000 rows, seed 0",329538,,False,1,2.948752353404416e-13,0.22109522540296128,31.106559294325947,30.736087878501476,0.37047141582447196,448.8818397911643,-88.64969446206945,493.39213395596295,False
"rl_inverse_kinematics/ruth/contact_points.npy, 1000 rows, seed 0",330376,,False,1,8.881784197001252e-16,-0.015825332943902638,5.181542899494046,4.977680118568436,0.2038627809256095,436.30844787582237,-81.34333935144883,490.64716708079345,False
"rl_inverse_kinematics/ruth/contact_points.npy, 1000 rows, seed 0",330907,,False,1,3.552713678800501e-15,0.14054565883492232,22.696152043472477,22.3960406363381,0.3001114071343771,443.22950243571904,-89.13804427049504,492.7041206939358,False
"rl_inverse_kinematics/ruth/contact_points.npy, 1000 rows, seed 0",331557,,False,1,0.0,-0.01990124773879785,4.712209302763737,3.907340754217521,0.8048685485462164,430.65095823552554,-79.87073208774396,491.5208087516701,False
"rl_inverse_kinematics/ruth/contact_points.npy, 1000 rows, seed 0",332345,,False,5,79.48402269939157,0.8922733306113845,147.00159348726248,146.678654932594,0.32293855466849664,411.8675607450431,23.91378381070365,418.8192167715351,False
"rl_inverse_kinematics/ruth/contact_points.npy, 1000 rows, seed 0",332909,,False,1,0.0,0.09669501232352835,17.911581989441395,17.783638486131654,0.1279435033097407,444.11618332849713,-68.8232117386074,487.91122755641015,False
"rl_inverse_kinematics/ruth/contact_points.npy, 1000 rows, seed 0",333801,,False,1,0.0,-0.020329967923824892,4.662821853145847,4.240980413907683,0.42184143923816464,451.85622985759915,-77.97304997378782,491.88697619474186,False
"rl_inverse_kinematics/ruth/contact_points.npy, 1000 rows, seed 0",333878,,False,1,2.1316282072803006e-14,0.051538940963207526,12.866956674840111,12.420010674020446,0.44694600081966485,442.19257837540863,-81.32605854199302,492.488671438521,False
"rl_inverse_kinematics/ruth/contact_points.npy, 1000 rows, seed 0",334022,,False,1,0.0,0.061937083596021444,14.037695848921569,13.787402258219165,0.25029359070240353,435.5476002885754,-164.8066127336878,490.4532698959989,False
"rl_inverse_kinematics/ruth/contact_points.npy, 1000 rows, seed 0",334819,,False,1,3.552713678800501e-15,0.14228622836975766,22.883377281979236,22.774169109326436,0.10920817265279936,428.9360705488409,-167.66789948072284,490.19265242122583,False
"rl_inverse_kinematics/ruth/contact_points.npy, 1000 rows, seed 0",335113,,False,1,7.105427357601002e-15,0.1440810778024474,23.07621106748701,22.23053069197071,0.8456803755162987,451.1337834892148,-84.99919770115929,492.77382685480586,False
"rl_inverse_kinematics/ruth/contact_points.npy, 1000 rows, seed 0",335256,,False,1,2.7355895326763857e-13,0.22025817157735347,31.02207719870296,30.82968764202563,0.19238955667733038,453.81418029579595,-85.16708768450803,493.3791636291056,False
"rl_inverse_kinematics/ruth/contact_points.npy, 1000 rows, seed 0",335703,,False,1,8.881784197001252e-16,-0.018329536367906237,4.893232340364166,4.470337771711989,0.4228945686521772,447.61306947690326,-83.06523933859485,491.7895020034655,False
"rl_inverse_kinematics/ruth/contact_points.npy, 1000 rows, seed 0",336747,,False,1,8.881784197001252e-16,-0.02298976859646179,4.356332929895588,4.1903462919322765,0.1659866379633117,433.03313055747964,-80.26885988235802,491.6379424368905,False
"rl_inverse_kinematics/ruth/contact_points.npy, 1000 rows, seed 0",337000,,False,1,8.881784197001252e-16,-0.02651552787506644,3.9498369692862765,3.737616338612954,0.2122206306733223,447.4537148736151,-78.45006940780367,491.10647052810987,False
"rl_inverse_kinematics/ruth/contact_points.npy, 1000 rows, seed 0",337053,,False,1,7.105427357601002e-15,0.3411096607669497,42.45495389991065,42.38325872073294,0.07169517917770918,449.6285073102076,-101.16859193027949,476.5932218068251,False
"rl_inverse_kinematics/ruth/contact_points.npy, 1000 rows, seed 0",337084,,False,1,0.0,-0.019120846926020927,4.802099275513589,4.642773579229792,0.15932569628379678,439.7462807289016,-78.73675869042177,490.7677366965444,False
"rl_inverse_kinematics/ruth/contact_points.npy, 1000 rows, seed 0",338105,,False,1,0.0,0.09295986226833376,17.49845732464117,17.098653774955313,0.3998035496858563,454.06083648016863,-62.551946767930545,488.24137085007976,False
"rl_inverse_kinematics/ruth/contact_points.npy, 1000 rows, seed 0",338778,,False,1,1.5631940186722204e-13,0.21422658890133278,30.411368444837994,30.121092038543704,0.2902764062942893,521.0500899701716,-134.17983830113099,493.3928037372591,False
"rl_inverse_kinematics/ruth/contact_points.npy, 1000 rows, seed 0",338804,,False,1,1.7763568394002505e-15,0.05785887731233005,13.579122773494694,13.241503844098451,0.3376189293962426,459.1776375242997,-74.72449769550518,492.52642226822684,False
"rl_inverse_kinematics/ruth/contact_points.npy, 1000 rows, seed 0",340105,,False,1,0.0,0.14127106802045905,22.774207648305726,22.41934396670878,0.3548636815969459,456.7245192568446,-79.55515212869449,493.000264913845,False
"rl_inverse_kinematics/ruth/contact_points.npy, 1000 rows, seed 0",340110,,False,1,2.8421709430404007e-13,0.2205868071687082,31.055253630866247,30.79091051538679,0.26434311547945555,456.278368762412,-80.67813550088297,493.6256059549659,False
"rl_inverse_kinematics/ruth/contact_points.npy, 1000 rows, seed 0",340425,,False,1,1.7763568394002505e-15,-0.016838783499101208,5.064880652420497,4.757518300261166,0.3073623521593305,455.298538095085,-73.64363409575459,491.86299380666037,False
"rl_inverse_kinematics/ruth/contact_points.npy, 1000 rows, seed 0",340674,,False,1,0.0,0.22317541889337802,31.316220232717622,30.54528463904903,0.7709355936685931,455.33698009686105,-82.70711613722855,493.48800112794163,False
"rl_inverse_kinematics/ruth/contact_points.npy, 1000 rows, seed 0",340730,,False,1,0.0,0.05831696607390925,13.630671475021122,13.31355950138011,0.31711197364101196,448.82547939841163,-81.6934569663778,492.43226489984215,False
"rl_inverse_kinematics/ruth/contact_points.npy, 1000 rows, seed 0",341088,,False,1,3.304023721284466e-13,0.2222734486038573,31.225362058210695,30.493709380345788,0.7316526778649077,450.84432000250126,-84.6407592972244,493.4849496526409,False
"rl_inverse_kinematics/ruth/contact_points.npy, 1000 rows, seed 0",342177,,False,1,7.105427357601002e-15,0.2607200863910332,35.02685263043109,34.95120682291192,0.07564580751916594,455.1997923476467,-87.15311602518432,481.9205697170298,False
"rl_inverse_kinematics/ruth/contact_points.npy, 1000 rows, seed 0",342201,,False,1,0.0,0.3068504817839916,39.38103215980658,39.313572365901,0.06745979390557721,456.33356166306254,-95.29064270045905,479.05885805617515,False
"rl_inverse_kinematics/ruth/contact_points.npy, 1000 rows, seed 0",342307,,False,1,3.552713678800501e-15,0.1381224827988507,22.43513901653883,22.171567274188714,0.26357174235011627,437.14124879199437,-82.21859606683522,492.9126124353057,False
"rl_inverse_kinematics/ruth/contact_points.npy, 1000 rows, seed 0",342373,,False,1,3.552713678800501e-15,0.1432706367210695,22.98916849914199,22.251013378503995,0.7381551206379946,453.47480070939184,-87.72533807204073,492.6099196126804,False
"rl_inverse_kinematics/ruth/contact_points.npy, 1000 rows, seed 0",343135,,False,1,3.552713678800501e-15,0.14306157504758799,22.966707201197085,22.659568809139948,0.3071383920571371,452.8357425364466,-89.95037865825493,492.4619977988558,False
"rl_inverse_kinematics/ruth/contact_points.npy, 1000 rows, seed 0",343382,,False,1,0.0,0.06219816013715426,14.067025670546155,13.756423861611406,0.31060180893474865,447.2067209971404,-85.3785179593929,492.18420389319857,False
"rl_inverse_kinematics/ruth/contact_points.npy, 1000 rows, seed 0",343663,,False,1,0.0,0.13952210533519216,22.58595104387153,22.2218920966175,0.3640589472540299,433.4182509552858,-77.55169257305064,492.77965721961516,False
"rl_inverse_kinematics/ruth/contact_points.npy, 1000 rows, seed 0",345674,,False,1,3.552713678800501e-15,0.06026740363581082,13.85004402350533,13.393450717907786,0.4565933055975435,461.7175778787211,-75.9345023331615,492.5709350799294,False
"rl_inverse_kinematics/ruth/contact_points.npy, 1000 rows, seed 0",345771,,False,1,8.881784197001252e-16,-0.010716491515205664,5.769277280967719,5.6141277232069555,0.15514955776076356,450.3788924936977,-78.42043117845442,491.75026357475826,False
"rl_inverse_kinematics/ruth/contact_points.npy, 1000 rows, seed 0",346299,,False,1,0.0,-0.02056030564045589,4.6362859233749685,4.320017805670575,0.3162681177043938,453.7469513783609,-78.36319795914174,491.93322996897666,False
"rl_inverse_kinematics/ruth/contact_points.npy, 1000 rows, seed 0",346936,,False,1,0.0,-0.012843314529518856,5.524677283770867,5.117490483861182,0.40718679990968454,418.48971514005797,-156.5173520016283,491.2372814700454,False
"rl_inverse_kinematics/ruth/contact_points.npy, 1000 rows, seed 0",347464,,False,1,8.881784197001252e-16,-0.010712194553327146,5.769771351410897,5.352768187741411,0.4170031636694862,446.9548837263998,-77.42777467932564,490.7808207282064,False
"rl_inverse_kinematics/ruth/contact_points.npy, 1000 rows, seed 0",348196,,False,1,1.7763568394002505e-15,-0.01759834645572201,4.977429216356718,4.4573845284117795,0.5200446879449387,449.8543822890563,-78.20237011454564,490.94865197962713,False
"rl_inverse_kinematics/ruth/contact_points.npy, 1000 rows, seed 0",348793,,False,1,3.552713678800501e-15,0.14119355675935683,22.76586907946743,22.242681314182242,0.5231877652851864,445.2905208423574,-83.5757809147608,492.87121713082956,False
"rl_inverse_kinematics/ruth/contact_points.npy, 1000 rows, seed 0",349815,,False,1,8.881784197001252e-16,-0.02209105121257729,4.459908701062436,3.950124147095769,0.509784553966667,436.09315572737603,-72.9665285621698,491.68054731383177,False
"rl_inverse_kinematics/ruth/contact_points.npy, 1000 rows, seed 0",350439,,False,1,8.881784197001252e-16,-0.01962573991848901,4.743945000894912,4.5803430344518095,0.16360196644310232,471.92131336843414,-64.34293319619825,492.2453001762211,False
"rl_inverse_kinematics/ruth/contact_points.npy, 1000 rows, seed 0",350837,,False,1,0.0,0.06420011026819149,14.291819458527886,14.149150855220038,0.14266860330784858,470.5569976931751,-61.73180062157848,489.81294855550857,False
"rl_inverse_kinematics/ruth/contact_points.npy, 1000 rows, seed 0",351569,,False,1,0.0,0.06123558792228704,13.958872387569404,13.580356642368102,0.3785157452013017,463.9611015935986,-61.48930439749592,489.75243654110864,False
"rl_inverse_kinematics/ruth/contact_points.npy, 1000 rows, seed 0",352069,,False,1,0.0,0.13713026058835193,22.328140532940665,22.1335072089363,0.19463332400436428,455.914873813895,-79.4543118956323,493.0937036802087,False
"rl_inverse_kinematics/ruth/contact_points.npy, 1000 rows, seed 0",352740,,False,1,0.0,0.22271130938907507,31.269478788903392,30.586041532620808,0.6834372562825841,462.1777263720886,-80.73124947599779,493.6033184227306,False
"rl_inverse_kinematics/ruth/contact_points.npy, 1000 rows, seed 0",353114,,False,1,0.0,0.06335420704435893,14.196858778567758,13.631079298136452,0.5657794804313063,460.92541701239634,-79.14501206362652,492.416014469808,False
"rl_inverse_kinematics/ruth/contact_points.npy, 1000 rows, seed 0",353287,,False,1,3.552713678800501e-15,0.1416233698536065,22.812102388863455,22.67439173529269,0.13771065357076395,460.6093572575917,-80.49203661714179,492.86982895940105,False
"rl_inverse_kinematics/ruth/contact_points.npy, 1000 rows, seed 0",353605,,False,1,3.552713678800501e-15,0.13820624849304808,22.444168867966884,22.298001966491665,0.14616690147521894,449.09109169245556,-81.92341648163249,493.05970788766615,False
"rl_inverse_kinematics/ruth/contact_points.npy, 1000 rows, seed 0",355218,,False,1,2.4158453015843406e-13,0.2190051406706195,30.895487329467823,30.83201744008155,0.06346988938627263,457.3235046965393,-91.2124228907463,493.25181496463006,False
"rl_inverse_kinematics/ruth/contact_points.npy, 1000 rows, seed 0",355701,,False,1,0.0,-0.018687605019862108,4.851996255724282,4.417831635288834,0.4341646204354488,448.0167109072909,-78.73369230400553,491.8111508470398,False
"rl_inverse_kinematics/ruth/contact_points.npy, 1000 rows, seed 0",355972,,False,1,4.440892098500626e-16,-0.029623534597441926,3.591305030572997,3.5496418968075836,0.04166313376541364,454.7976536951937,-73.27060070264285,491.3206725875584,False
"rl_inverse_kinematics/ruth/contact_points.npy, 1000 rows, seed 0",356122,,False,1,0.0,-0.013742639496781816,5.4212158258335625,4.664923581044235,0.7562922447893277,443.7215792041413,-70.5915281052082,490.7616987716515,False
"rl_inverse_kinematics/ruth/contact_points.npy, 1000 rows, seed 0",357315,,False,1,0.0,-0.01837074394950547,4.8884869153894925,4.615392746544391,0.27309416884510185,468.98889275054603,-65.5020133167499,492.1740985640588,False
"rl_inverse_kinematics/ruth/contact_points.npy, 1000 rows, seed 0",358546,,False,1,8.881784197001252e-16,-0.015723926194787484,5.193214940055945,4.927971800002793,0.2652431400531521,463.9884051620604,-74.77346398523912,491.2016541214837,False
"rl_inverse_kinematics/ruth/contact_points.npy, 1000 rows, seed 0",358981,,False,1,0.0,0.13856240126560176,22.482556164591923,22.231564734346737,0.2509914302451861,454.39902426872334,-80.59656501874389,493.095149535195,False
"rl_inverse_kinematics/ruth/contact_points.npy, 1000 rows, seed 0",359496,,False,1,2.7355895326763857e-13,0.22058907189088012,31.05548222364111,30.83945888781118,0.21602333582993083,459.91680791747353,-84.11521643599707,493.74410771746415,False
"rl_inverse_kinematics/ruth/contact_points.npy, 1000 rows, seed 0",360292,,False,1,1.7763568394002505e-15,-0.018887894740457014,4.828929162502589,4.5914205959191445,0.23750856658344421,455.4684139196414,-77.30410363253088,491.067369239062,False
"rl_inverse_kinematics/ruth/contact_points.npy, 1000 rows, seed 0",360424,,False,1,8.881784197001252e-16,-0.023367943040152377,4.312743952227751,3.7789404560930073,0.5338034961347438,459.67906679499384,-76.92840393932505,491.2618268118711,False
"rl_inverse_kinematics/ruth/contact_points.npy, 1000 rows, seed 0",360561,,False,1,0.0,-0.024140246595631007,4.22371800006283,4.179247031411666,0.04447096865116329,444.0454735817982,-75.25592981916301,491.88332553603937,False
"rl_inverse_kinematics/ruth/contact_points.npy, 1000 rows, seed 0",361581,,False,1,0.0,-0.015470412429974179,5.2223936535843345,5.210446961943928,0.011946691640406293,457.3564003238227,-81.99875151679204,491.85096110231973,False
"rl_inverse_kinematics/ruth/contact_points.npy, 1000 rows, seed 0",362672,,False,1,1.9539925233402755e-14,0.05127089779087661,12.836712149470245,12.410341820190702,0.42637032927954266,468.59516956122854,-74.24694097457616,492.8752669035352,False
"rl_inverse_kinematics/ruth/contact_points.npy, 1000 rows, seed 0",364817,,False,1,0.0,0.0568971552666496,13.470868494932716,13.412361413732675,0.058507081200041,467.1820761316137,-65.80562707958062,489.92323182060136,False
"rl_inverse_kinematics/ruth/contact_points.npy, 1000 rows, seed 0",365355,,False,1,1.7763568394002505e-15,-0.01972400965627934,4.73262551462456,4.109776924182651,0.622848590441909,410.2346918773461,-149.2689515370998,490.47555107136156,False
"rl_inverse_kinematics/ruth/contact_points.npy, 1000 rows, seed 0",365843,,False,1,3.552713678800501e-15,0.060216856967990166,13.844361124799374,13.690919805591113,0.15344131920826065,462.3078827096967,-72.2406667750139,489.59956470986623,False
"rl_inverse_kinematics/ruth/contact_points.npy, 1000 rows, seed 0",366560,,False,1,0.0,0.06362768528557398,14.227563101029535,13.95494119154458,0.2726219094849558,462.21296089375153,-84.24750064048914,492.3681582827676,False
"rl_inverse_kinematics/ruth/contact_points.npy, 1000 rows, seed 0",366656,,False,1,3.552713678800501e-15,0.05837875534169024,13.637623868199912,13.54232007179819,0.09530379640172093,452.7132610775342,-80.02987462693238,492.5603309567999,False
"rl_inverse_kinematics/ruth/contact_points.npy, 1000 rows, seed 0",366918,,False,1,2.7355895326763857e-13,0.22012856330255734,31.00899016400599,30.771758027826976,0.2372321361790135,462.02473424002284,-88.70996814674525,493.36611632782115,False
"rl_inverse_kinematics/ruth/contact_points.npy, 1000 rows, seed 0",367506,,False,1,2.6290081223123707e-13,0.2198617164457597,30.982040622297895,30.801597933299703,0.18044268899819116,460.35938685797163,-91.06485921926296,493.28879296141633,False
"rl_inverse_kinematics/ruth/contact_points.npy, 1000 rows, seed 0",368579,,False,1,1.7763568394002505e-15,0.05932331978720392,13.743881939882124,13.679677621345443,0.06420431853668163,455.324889969138,-65.47982341562499,489.4185148527039,False
"rl_inverse_kinematics/ruth/contact_points.npy, 1000 rows, seed 0",368639,,False,1,1.7763568394002505e-15,0.06797061809953252,14.714669484221357,14.686333723272675,0.028335760948682065,447.6247027184293,-58.84076037432007,488.73211155328255,False
"rl_inverse_kinematics/ruth/contact_points.npy, 1000 rows, seed 0",368691,,False,1,8.881784197001252e-16,-0.020234214391293234,4.6738527526001485,4.522649053776034,0.15120369882411477,483.76361741195115,-69.59452419152758,492.48067852817906,False
"rl_inverse_kinematics/ruth/contact_points.npy, 1000 rows, seed 0",368719,,False,1,0.0,0.13360661668585294,21.947597845787314,21.216863354320488,0.7307344914668263,508.0348449661467,-154.73016687705768,492.8367925452838,False
"rl_inverse_kinematics/ruth/contact_points.npy, 1000 rows, seed 0",369941,,False,1,0.0,0.07453519604256759,15.449167662753979,15.208587773685457,0.24057988906852223,468.2104316487747,-70.1774460604672,489.33014814576177,False
"rl_inverse_kinematics/ruth/contact_points.npy, 1000 rows, seed 0",370971,,False,1,8.881784197001252e-16,-0.01742590584201792,4.997284107050253,4.52479867591832,0.47248543113193264,470.58520529295583,-76.2973304961817,492.2037734367588,False
"rl_inverse_kinematics/ruth/contact_points.npy, 1000 rows, seed 0",371324,,False,1,0.0,0.038597927053265806,11.403224339383376,11.024823952100991,0.3784003872823849,491.9260934283512,-151.04362668330407,492.60460722112816,False
"rl_inverse_kinematics/ruth/contact_points.npy, 1000 rows, seed 0",372067,,False,1,3.552713678800501e-15,0.1386954573016366,22.49689505074313,21.949081184841283,0.5478138659018477,451.83696919417554,-77.83219782423976,493.17222950485075,False
"rl_inverse_kinematics/ruth/contact_points.npy, 1000 rows, seed 0",372089,,False,1,0.0,0.07688335644475194,15.71136132726383,15.538976087382665,0.17238523988116583,451.3377496272306,-66.46097162686387,488.35166520193707,False
"rl_inverse_kinematics/ruth/contact_points.npy, 1000 rows, seed 0",372666,,False,1,1.5631940186722204e-13,0.21397599453242244,30.385921579440584,30.382744666368037,0.003176913072547194,447.0631489627093,-75.40254144511965,494.0713474467074,False
"rl_inverse_kinematics/ruth/contact_points.npy, 1000 rows, seed 0",372828,,False,1,2.913225216616411e-13,0.22061196995290477,31.0577934429585,30.604167123536442,0.45362631942205667,449.960615101911,-77.65260431684771,493.6929054221862,False
"rl_inverse_kinematics/ruth/contact_points.npy, 1000 rows, seed 0",373028,,False,1,0.0,0.05679607064511405,13.459487621203818,13.418653469716917,0.040834151486901504,450.1469566729001,-75.46578724471965,492.62169297340574,False
"rl_inverse_kinematics/ruth/contact_points.npy, 1000 rows, seed 0",373938,,False,1,2.3803181647963356e-13,0.21886944434463668,30.88176943717231,30.81711817489966,0.06465126227264761,453.7623940216721,-81.75335127434302,493.752201856119,False
"rl_inverse_kinematics/ruth/contact_points.npy, 1000 rows, seed 0",374237,,False,1,1.2434497875801753e-14,0.049271576321873845,12.61101926098379,12.374922275868798,0.2360969851149921,464.94083095833946,-66.86968893048842,490.3111357327672,False
"rl_inverse_kinematics/ruth/contact_points.npy, 1000 rows, seed 0",375086,,False,1,1.7763568394002505e-15,0.060193685914164984,13.841755991763987,12.920345913746107,0.92141007801788,480.5806719680847,-77.54065637754564,492.8670688403534,False
"rl_inverse_kinematics/ruth/contact_points.npy, 1000 rows, seed 0",375165,,False,1,0.0,-0.0028141995074971514,6.677101646851265,6.4161040867399715,0.26099756011129394,471.2788649681283,-78.28588575473293,492.0019188729186,False
"rl_inverse_kinematics/ruth/contact_points.npy, 1000 rows, seed 0",375355,,False,1,0.0,0.12678300641744936,21.208211996660875,20.538050819869778,0.6701611767910975,469.80369299001825,-76.94413664469565,493.71225218303596,False
"rl_inverse_kinematics/ruth/contact_points.npy, 1000 rows, seed 0",378013,,False,1,3.552713678800501e-15,0.13976847772951279,22.612483630642053,22.036342560051974,0.5761410705900794,455.7245712246452,-78.28661023114489,493.18202797300023,False
"rl_inverse_kinematics/ruth/contact_points.npy, 1000 rows, seed 0",378607,,False,1,3.552713678800501e-15,0.13786961167071746,22.40787674879947,22.123465959677574,0.2844107891218961,452.0502661561437,-75.51847925237146,493.29443995016044,False
"rl_inverse_kinematics/ruth/contact_points.npy, 1000 rows, seed 0",379511,,False,1,0.0,0.06161935981786672,14.00199777263516,13.600865365154936,0.4011324074802243,461.9220029942325,-69.94392846164618,489.4442619698043,False
"rl_inverse_kinematics/ruth/contact_points.npy, 1000 rows, seed 0",379662,,False,1,2.4868995751603507e-13,0.21929420176364023,30.9247034633945,30.88013703982265,0.04456642357185103,459.8324444257304,-86.860457519073,493.7419377434999,False
"rl_inverse_kinematics/ruth/contact_points.npy, 1000 rows, seed 0",379881,,False,1,7.105427357601002e-15,0.3715163189632886,45.060676943445365,44.72011314236662,0.3405638010787442,453.0346633304738,-102.55249093335878,474.4502604118911,False
"rl_inverse_kinematics/ruth/contact_points.npy, 1000 rows, seed 0",379896,,False,1,2.6645352591003757e-13,0.21993609048071433,30.989552522861402,30.760836911405917,0.2287156114554847,455.59854685858693,-80.6884047397933,493.7708977675427,False
"rl_inverse_kinematics/ruth/contact_points.npy, 1000 rows, seed 0",379952,,False,1,1.7763568394002505e-15,0.05977966407737064,13.795203034902029,13.134616942583994,0.6605860923180344,451.28172587612323,-71.32622472924731,492.59320735489007,False
"rl_inverse_kinematics/ruth/contact_points.npy, 1000 rows, seed 0",380121,,False,1,8.881784197001252e-16,-0.022207167655681696,4.446527402959367,4.410388844637371,0.03613855832199597,454.645631157256,-72.47509888376345,492.02363509921895,False
"rl_inverse_kinematics/ruth/contact_points.npy, 1000 rows, seed 0",380917,,False,1,7.105427357601002e-15,0.1417347364275173,22.82407947619678,22.0065573204731,0.8175221557236796,451.23282649745346,-67.5778096492109,493.06663629954863,False
"rl_inverse_kinematics/ruth/contact_points.npy, 1000 rows, seed 0",381734,,False,1,1.7763568394002505e-15,0.059858134165470374,13.80402689802183,13.734572104502698,0.06945479351913164,484.00517786669735,-76.19571626500198,492.99931995500873,False
"rl_inverse_kinematics/ruth/contact_points.npy, 1000 rows, seed 0",382816,,False,1,8.881784197001252e-16,-0.0036298460250051194,6.5834747889725955,6.1200068875974605,0.46346790137513505,466.9508125752719,-74.06287516381684,491.0449418359964,False
"rl_inverse_kinematics/ruth/contact_points.npy, 1000 rows, seed 0",383320,,False,1,8.881784197001252e-16,-0.014308233715666405,5.356138146693968,4.750307390481211,0.6058307562127565,473.07031573566235,-78.5371891928719,491.35645431578223,False
"rl_inverse_kinematics/ruth/contact_points.npy, 1000 rows, seed 0",383333,,False,1,1.7763568394002505e-15,0.06547199122065123,14.434534723412778,14.136950462470269,0.297584260942509,473.414629134554,-74.34086028023609,489.65239578855557,False
"rl_inverse_kinematics/ruth/contact_points.npy, 1000 rows, seed 0",383517,,False,1,8.881784197001252e-16,-0.02049541139464383,4.643762143744711,4.498906923004271,0.14485522074043988,470.52650355812386,-80.73928614781079,492.2720447958537,False
"rl_inverse_kinematics/ruth/contact_points.npy, 1000 rows, seed 0",383965,,False,1,0.0,0.14929494496304122,23.635034009667365,22.93459336457479,0.7004406450925735,400.99507622894595,-139.58202259327086,489.4390828847184,False
"rl_inverse_kinematics/ruth/contact_points.npy, 1000 rows, seed 0",384059,,False,1,1.7763568394002505e-15,0.05786862128558233,13.580219364048785,13.472653067842172,0.10756629620661329,473.5262348635617,-73.39307859076968,489.91288280403535,False
"rl_inverse_kinematics/ruth/contact_points.npy, 1000 rows, seed 0",385206,,False,1,2.5934809855243657e-13,0.21946698430029093,30.942163259158495,30.82046890746395,0.12169435169454346,464.91020043076026,-89.32633121875831,493.770370596221,False
"rl_inverse_kinematics/ruth/contact_points.npy, 1000 rows, seed 0",385322,,False,1,1.7763568394002505e-15,0.056776249384476195,13.457255937875878,13.315717813920154,0.14153812395572452,455.06147520204956,-74.06917824049745,492.7448883272454,False
"rl_inverse_kinematics/ruth/contact_points.npy, 1000 rows, seed 0",385403,,False,1,3.197442310920451e-14,0.05390448929567052,13.133732717722111,12.969591288611646,0.16414142911046525,470.3864039863758,-72.48241795506863,490.0420525682064,False
"rl_inverse_kinematics/ruth/contact_points.npy, 1000 rows, seed 0",386035,,False,1,7.105427357601002e-15,0.13999827576579446,22.637227348325986,22.5782135643953,0.05901378393068768,459.08386659403794,-80.8137524010714,493.18602864803586,False
"rl_inverse_kinematics/ruth/contact_points.npy, 1000 rows, seed 0",386263,,False,1,3.552713678800501e-15,0.13974968963440412,22.610460437350767,22.381953043984456,0.22850739336631065,455.6939588469119,-74.61087703203592,493.19541701100206,False
"rl_inverse_kinematics/ruth/contact_points.npy, 1000 rows, seed 0",386331,,False,1,1.4210854715202004e-14,0.19097316180278545,28.025746399260576,27.973151112792493,0.0525952864680832,468.3955600644805,-76.87353169727456,485.95006932271525,False
"rl_inverse_kinematics/ruth/contact_points.npy, 1000 rows, seed 0",386355,,False,1,2.2382096176443156e-13,0.2182115701402109,30.815238601611597,30.77326403924252,0.04197456236907726,466.19605914503313,-81.54188205306087,484.5472030156437,False
"rl_inverse_kinematics/ruth/contact_points.npy, 1000 rows, seed 0",387597,,False,1,8.881784197001252e-16,-0.01638021292851619,5.117671384954591,4.672517720937579,0.4451536640170124,479.58506988557355,-80.77321828823854,492.3341509831197,False
"rl_inverse_kinematics/ruth/contact_points.npy, 1000 rows, seed 0",387702,,False,1,3.126388037344441e-13,0.22191709449862376,31.189444052974185,30.85465312573875,0.334790927235435,486.4678805785433,-80.74156384433456,494.05749789529386,False
"rl_inverse_kinematics/ruth/contact_points.npy, 1000 rows, seed 0",388140,,False,1,2.8066438062523957e-13,0.22055780785498552,31.05232650316818,30.412563129737077,0.639763373431105,477.9569179054893,-83.51176999728841,493.8988775461172,False
"rl_inverse_kinematics/ruth/contact_points.npy, 1000 rows, seed 0",388270,,False,1,8.881784197001252e-16,-0.015922313902552547,5.17038005301219,4.755211426040513,0.4151686269716768,485.5203295300788,-76.33905379224315,491.63512573703616,False
"rl_inverse_kinematics/ruth/contact_points.npy, 1000 rows, seed 0",388424,,False,1,1.7763568394002505e-15,0.06314563999331355,14.173439825648968,13.71357114139234,0.4598686842566284,482.86236264684743,-76.63919430527953,492.9116032706043,False
"rl_inverse_kinematics/ruth/contact_points.npy, 1000 rows, seed 0",388756,,False,1,0.0,-0.006446597141289001,6.260007993725381,6.09907139826261,0.16093659546277106,472.162916117857,-76.16266980277744,491.21990913702706,False
"rl_inverse_kinematics/ruth/contact_points.npy, 1000 rows, seed 0",389002,,False,1,8.881784197001252e-16,-0.020145583665409018,4.68406292292259,4.3441200369810815,0.33994288594150834,480.9134888810154,-74.0856021408213,491.59373565350165,False
"rl_inverse_kinematics/ruth/contact_points.npy, 1000 rows, seed 0",389070,,False,1,2.8421709430404007e-13,0.22062080813952722,31.058685513340734,30.970659069306954,0.08802644403377968,475.41960236272223,-84.5121964017953,494.0278761193555,False
"rl_inverse_kinematics/ruth/contact_points.npy, 1000 rows, seed 0",389548,,False,1,0.0,0.002009436125142349,7.2304253548705475,7.006139288945101,0.22428606592544664,483.80510567257335,-155.6796925823096,492.30979820056234,False
"rl_inverse_kinematics/ruth/contact_points.npy, 1000 rows, seed 0",390012,,False,1,7.105427357601002e-15,0.22380171294530066,31.37926298015425,30.666186057823886,0.7130769223303659,471.7749121091528,-86.80741817258931,493.82814770912285,False
"rl_inverse_kinematics/ruth/contact_points.npy, 1000 rows, seed 0",390386,,False,1,1.7763568394002505e-15,0.06275770538513907,14.12987500691157,13.660744735498445,0.4691302714131247,471.9564643609698,-85.27604729869184,492.7248158855353,False
"rl_inverse_kinematics/ruth/contact_points.npy, 1000 rows, seed 0",390622,,False,1,0.0,-0.0193616436317305,4.774364666931069,4.618859038269496,0.15550562866157325,470.023651554709,-79.2430929933773,491.3465145650601,False
"rl_inverse_kinematics/ruth/contact_points.npy, 1000 rows, seed 0",390784,,False,1,0.0,-0.02106541782264472,4.578090801509086,4.136798798557336,0.44129200295175064,472.05178939570476,-79.77030269151142,491.4283451816293,False
"rl_inverse_kinematics/ruth/contact_points.npy, 1000 rows, seed 0",390950,,False,1,0.0,0.06316794720328432,14.175944691140785,13.827882304168561,0.3480623869722237,470.4639539669073,-86.18407763234904,492.60948142246605,False
"rl_inverse_kinematics/ruth/contact_points.npy, 1000 rows, seed 0",390968,,False,1,3.552713678800501e-15,0.06259464968701044,14.111561789768038,13.841124516234059,0.27043727353397884,469.28605264921174,-86.22659927595866,492.65016949841106,False
"rl_inverse_kinematics/ruth/contact_points.npy, 1000 rows, seed 0",391449,,False,1,8.881784197001252e-16,-0.021573632373630726,4.519532806123447,4.117226227222091,0.40230657890135557,460.592515339007,-74.799137723675,492.14325497056666,False
"rl_inverse_kinematics/ruth/contact_points.npy, 1000 rows, seed 0",391621,,False,1,0.0,0.13903725502874104,22.533723346086827,22.495850313672626,0.03787303241420048,460.30859020254087,-79.13000906272833,493.3009135266998,False
"rl_inverse_kinematics/ruth/contact_points.npy, 1000 rows, seed 0",391989,,False,1,1.7763568394002505e-15,-0.02046187278205822,4.647625965131507,4.552097883744079,0.09552808138742819,463.58796700651754,-78.43887829489138,492.15203980563996,False
"rl_inverse_kinematics/ruth/contact_points.npy, 1000 rows, seed 0",393741,,False,1,0.0,-0.013746267633565295,5.420798393718126,4.823238212379299,0.5975601813388272,481.7301853208378,-82.65514277073595,492.34413106227,False
"rl_inverse_kinematics/ruth/contact_points.npy, 1000 rows, seed 0",393954,,False,1,8.881784197001252e-14,0.20767474937675978,29.744145432916053,29.4786680016827,0.26547743123335366,475.9595916688767,-81.78986439961183,494.44176847958863,False
"rl_inverse_kinematics/ruth/contact_points.npy, 1000 rows, seed 0",394315,,False,1,3.552713678800501e-15,0.13573813917661967,22.177900294388955,21.785659280656386,0.39224101373256914,476.1242706597376,-82.51111711169592,493.4717505911942,False
"rl_inverse_kinematics/ruth/contact_points.npy, 1000 rows, seed 0",394352,,False,1,8.881784197001252e-15,0.04761220092949698,12.423567910620791,12.277760572281178,0.14580733833961368,473.753301884063,-79.74458231410803,493.14440114488957,False
"rl_inverse_kinematics/ruth/contact_points.npy, 1000 rows, seed 0",394491,,False,1,8.881784197001252e-16,-0.019436491957290525,4.7657434909692356,4.28172153779677,0.48402195317246566,478.9126590616627,-81.95684429233634,492.38345716449885,False
"rl_inverse_kinematics/ruth/contact_points.npy, 1000 rows, seed 0",395147,,False,1,0.0,0.05811968011628655,13.608472097577197,13.592135994294077,0.01633610328311974,485.18559570850704,-71.24870619501829,490.18588063448306,False
"rl_inverse_kinematics/ruth/contact_points.npy, 1000 rows, seed 0",395234,,False,1,0.0,0.0597185196897397,13.78832722375801,13.58935982338249,0.19896740037552085,476.5831057131517,-83.87381163128181,492.90328587851013,False
"rl_inverse_kinematics/ruth/contact_points.npy, 1000 rows, seed 0",395315,,False,1,3.552713678800501e-15,0.07984435254071076,16.04157020332581,15.352463601199116,0.6891066021266958,470.6830689340829,-69.01367119156004,488.62042564217074,False
"rl_inverse_kinematics/ruth/contact_points.npy, 1000 rows, seed 0",395490,,False,1,1.8474111129762605e-13,0.21583189896902846,30.57424239607756,30.26451808850438,0.3097243075731768,465.57662525304437,-79.67525440298132,494.0830720797151,False
"rl_inverse_kinematics/ruth/contact_points.npy, 1000 rows, seed 0",396400,,False,1,1.7763568394002505e-15,-0.01534582534018166,5.23673273283977,4.862736861474057,0.3739958713657128,471.9065519565575,-79.29491410642663,491.32395323801046,False
"rl_inverse_kinematics/ruth/contact_points.npy, 1000 rows, seed 0",396451,,False,1,0.0,0.1376813706687886,22.387579357714895,22.023526602448786,0.36405275526610836,462.4803921600503,-77.83624718482831,493.40290106511634,False
"rl_inverse_kinematics/ruth/contact_points.npy, 1000 rows, seed 0",396553,,False,1,0.0,0.14330354658133032,22.992703999320714,22.435152579015554,0.5575514203051597,471.34320168526096,-87.05014747820216,493.2731915483031,False
"rl_inverse_kinematics/ruth/contact_points.npy, 1000 rows, seed 0",397092,,False,1,2.877698079828406e-13,0.22090640042762602,31.087507393155803,30.611859381881505,0.47564801127429845,470.7309316994837,-90.60766024781537,493.79915167343574,False
"rl_inverse_kinematics/ruth/contact_points.npy, 1000 rows, seed 0",397335,,False,1,0.0,-0.016056705107622256,5.154910802059,4.355813328914066,0.7990974731449336,469.5219405017935,-83.35701357524003,492.2043426550658,False
"rl_inverse_kinematics/ruth/contact_points.npy, 1000 rows, seed 0",398366,,False,1,1.7763568394002505e-15,0.0594454839458222,13.757621647240637,13.215826202016164,0.5417954452244729,461.69390241165365,-73.29910788687648,492.73900157768,False
"rl_inverse_kinematics/ruth/contact_points.npy, 1000 rows, seed 0",398543,,False,1,0.0,0.06203961410464035,14.049214705175757,13.963490942872154,0.08572376230360312,469.833999214089,-67.46525376484041,489.4846322637942,False
"rl_inverse_kinematics/ruth/contact_points.npy, 1000 rows, seed 0",398750,,False,1,0.0,0.059531521409810766,13.767297792019967,13.182392884711582,0.5849049073083847,462.1352468578064,-72.21397407811337,492.72494093911564,False
"rl_inverse_kinematics/ruth/contact_points.npy, 1000 rows, seed 0",399504,,False,1,8.881784197001252e-14,0.2088204415239282,29.861104895844996,29.740822302613452,0.12028259323154344,484.5671037140195,-85.5413718218376,494.4082863289434,False
"rl_inverse_kinematics/ruth/contact_points.npy, 1000 rows, seed 0",399583,,False,1,3.552713678800501e-15,0.1403821098709508,22.67854858153672,22.58257461141717,0.09597397011955167,495.17641701155577,-82.10568054706083,493.6987920631231,False
"rl_inverse_kinematics/ruth/contact_points.npy, 1000 rows, seed 0",399846,,False,1,2.5224267119483557e-13,0.21959801171857413,30.955401788811855,30.445747611524823,0.5096541772870324,487.3103222717827,-86.98003478213653,494.0892769220393,False
"rl_inverse_kinematics/ruth/contact_points.npy, 1000 rows, seed 0",399887,,False,1,0.0,0.08125590175483702,16.19882098625771,15.963858733282843,0.23496225297486895,489.29409505582174,-78.42817615496743,489.757292230751,False
"rl_inverse_kinematics/ruth/contact_points.npy, 1000 rows, seed 0",400952,,False,1,0.0,0.06003150168023072,13.823520827434322,13.716314370443056,0.10720645699126585,484.89254934468926,-85.63387891792668,493.04714338628656,False
"rl_inverse_kinematics/ruth/contact_points.npy, 1000 rows, seed 0",401296,,False,1,8.881784197001252e-16,-0.02079883412561161,4.608805189486926,4.519941721664273,0.08886346782265253,486.25685458702867,-78.94567883358567,491.7005479056057,False
"rl_inverse_kinematics/ruth/contact_points.npy, 1000 rows, seed 0",402080,,False,1,1.7763568394002505e-15,0.06241872154749662,14.091801401687215,13.803536587638446,0.2882648140487696,479.4294931716083,-86.63565617384535,492.8763788038485,False
"rl_inverse_kinematics/ruth/contact_points.npy, 1000 rows, seed 0",402484,,False,1,0.0,-0.020636554156471424,4.6275015059033775,4.1897064392866055,0.43779506661677203,479.2937408207929,-82.71392352644305,491.5655195867188,False
"rl_inverse_kinematics/ruth/contact_points.npy, 1000 rows, seed 0",402492,,False,1,2.7355895326763857e-13,0.22063203741748477,31.05981891459327,30.878549019512445,0.18126989508082403,474.29978658822404,-89.46070995281842,494.04718150479044,False
"rl_inverse_kinematics/ruth/contact_points.npy, 1000 rows, seed 0",403192,,False,1,8.881784197001252e-16,-0.006282559636296229,6.278851248754924,5.802881919287867,0.4759693294670564,466.01753518863893,-70.18192988545329,490.96695295155524,False
"rl_inverse_kinematics/ruth/contact_points.npy, 1000 rows, seed 0",403608,,False,1,2.5934809855243657e-13,0.2198376984704729,30.979614655182065,30.88052349972252,0.0990911554595435,471.33884496926544,-92.42177893462242,493.7439064753423,False
"rl_inverse_kinematics/ruth/contact_points.npy, 1000 rows, seed 0",403873,,False,1,3.552713678800501e-15,0.14104993339198005,22.75041710293176,22.500767548596524,0.24964955433523528,467.60238144449136,-85.3993895833739,493.28868741902613,False
"rl_inverse_kinematics/ruth/contact_points.npy, 1000 rows, seed 0",404689,,False,1,0.0,0.13823759822771792,22.447548206879656,22.354478752100743,0.09306945477891304,464.42487817224435,-75.66402472802099,493.3736226464349,False
"rl_inverse_kinematics/ruth/contact_points.npy, 1000 rows, seed 0",404979,,False,1,3.197442310920451e-14,0.19834850209219726,28.78764078332252,28.785719545823518,0.0019212374990011938,473.59503123164666,-82.32573843582652,485.7069482635088,False
"rl_inverse_kinematics/ruth/contact_points.npy, 1000 rows, seed 0",405389,,False,1,2.6645352591003757e-14,0.05301597556311466,13.033559587934985,12.812621984927267,0.2209376030077177,479.6778661994226,-73.0342592731871,490.2895879642725,False
"rl_inverse_kinematics/ruth/contact_points.npy, 1000 rows, seed 0",406654,,False,1,1.7763568394002505e-15,0.06398782534019944,14.267991715530442,14.147268984374046,0.12072273115639653,481.4240447898137,-71.63379956832692,489.76195147533593,False
"rl_inverse_kinematics/ruth/contact_points.npy, 1000 rows, seed 0",407416,,False,1,1.7763568394002505e-15,0.01165793156556064,8.335176393316171,7.953517603984935,0.38165878933123665,475.3660534971965,-74.18069791707248,490.7894918551206,False
"rl_inverse_kinematics/ruth/contact_points.npy, 1000 rows, seed 0",407740,,False,1,8.881784197001252e-16,-0.02180718820965038,4.492619987399528,3.984175468178082,0.5084445192214457,403.6904542950066,-120.39482933059818,490.87866379398525,False
"rl_inverse_kinematics/ruth/contact_points.npy, 1000 rows, seed 0",407826,,False,1,2.7355895326763857e-13,0.22063688980184537,31.060308675106608,30.91295064367942,0.1473580314271885,482.5902459449036,-88.99448572377659,494.16048750596843,False
"rl_inverse_kinematics/ruth/contact_points.npy, 1000 rows, seed 0",407918,,False,1,1.7763568394002505e-15,0.05912826397624973,13.721942710793458,13.434026809411545,0.28791590138191303,476.8669145700192,-85.59246597713512,492.9130528681976,False
"rl_inverse_kinematics/ruth/contact_points.npy, 1000 rows, seed 0",408707,,False,1,1.7763568394002505e-15,0.06841050399529032,14.763955489431757,14.346713331064828,0.41724215836692835,477.5816592957527,-76.30114112306825,489.55385216630214,False
"rl_inverse_kinematics/ruth/contact_points.npy, 1000 rows, seed 0",408725,,False,1,0.0,0.06919595231999173,14.851935218596179,14.823806386988243,0.028128831607935112,475.6721170001116,-73.60620794786044,489.38793729690315,False
"rl_inverse_kinematics/ruth/contact_points.npy, 1000 rows, seed 0",408968,,False,1,3.552713678800501e-15,0.0650508244387135,14.387285165577001,13.87349980406239,0.5137853615146106,478.668427384543,-88.14079956649834,492.68595873160416,False
"rl_inverse_kinematics/ruth/contact_points.npy, 1000 rows, seed 0",409506,,False,1,1.8474111129762605e-13,0.21576563794136813,30.567524349266783,30.52109355785822,0.04643079140856443,465.1794307304419,-76.57603265795547,494.19081537142387,False
"rl_inverse_kinematics/ruth/contact_points.npy, 1000 rows, seed 0",409614,,False,1,2.5224267119483557e-13,0.21942899616824285,30.938324774023588,30.930638399950794,0.007686374072793711,470.8168904094449,-89.3637783177187,494.03605101230795,False
"rl_inverse_kinematics/ruth/contact_points.npy, 1000 rows, seed 0",410199,,False,1,7.105427357601002e-15,0.3641091931949531,44.43689422169167,44.43217384156233,0.004720380129334956,460.1533675401271,-102.22368255839507,475.1410813049035,False
"rl_inverse_kinematics/ruth/contact_points.npy, 1000 rows, seed 0",410700,,False,1,0.0,0.22363528799317056,31.362514309115454,30.87957679104489,0.48293751807056395,469.96462971414905,-94.81690216998747,493.2188446259263,False
"rl_inverse_kinematics/ruth/contact_points.npy, 1000 rows, seed 0",411015,,False,1,8.881784197001252e-16,-0.021671976154293292,4.508200715782106,4.2831310878355,0.22506962794660623,470.6446649806531,-76.12678881182308,492.2749784639832,False
"rl_inverse_kinematics/ruth/contact_points.npy, 1000 rows, seed 0",411038,,False,1,1.7763568394002505e-15,0.05594146130060957,13.363250371535125,13.184284885077258,0.17896548645786758,467.8523072815399,-73.0317660711716,492.88837512152736,False
"rl_inverse_kinematics/ruth/contact_points.npy, 1000 rows, seed 0",411051,,False,1,8.881784197001252e-16,-0.023734237417251672,4.270521510083611,3.8338371351824025,0.4366843749012088,468.94298296417116,-69.94461113557945,492.28453181765383,False
"rl_inverse_kinematics/ruth/contact_points.npy, 1000 rows, seed 0",411166,,False,1,8.881784197001252e-16,-0.022309118269879944,4.434778348932879,4.218463269248363,0.2163150796845157,475.62926570729195,-79.16831864081053,491.52386682014827,False
"rl_inverse_kinematics/ruth/contact_points.npy, 1000 rows, seed 0",411744,,False,1,1.9184653865522705e-13,0.2163740228274415,30.629191595827834,30.529514776714215,0.09967681911361836,494.281166052158,-92.72835535311495,494.34791855494757,False
"rl_inverse_kinematics/ruth/contact_points.npy, 1000 rows, seed 0",412472,,False,1,0.0,0.061218918343043396,13.956999027148168,13.563889793408116,0.39310923374005213,493.9208539228024,-90.04211689503879,493.14959388369255,False
"rl_inverse_kinematics/ruth/contact_points.npy, 1000 rows, seed 0",412791,,False,1,1.4210854715202004e-14,0.657035502080777,62.931853453880315,62.92256750506572,0.009285948814593326,435.6749160532092,-142.83450274691774,448.67949291425253,False
"rl_inverse_kinematics/ruth/contact_points.npy, 1000 rows, seed 0",413622,,False,1,2.7711166694643907e-13,0.2207840631400245,31.075162102290903,30.92599606501153,0.14916603727937172,484.4851658330939,-91.53283514744393,494.179234077538,False
"rl_inverse_kinematics/ruth/contact_points.npy, 1000 rows, seed 0",414995,,False,1,0.0,0.06097191762206984,13.929239045582856,13.65445302752721,0.2747860180556465,484.02682554353396,-81.74162522825411,490.00058400649516,False
"rl_inverse_kinematics/ruth/contact_points.npy, 1000 rows, seed 0",415201,,False,1,0.0,0.14045773539576362,22.686688713705358,22.224625361933242,0.462063351772116,473.9120731768392,-88.1235839944222,493.41164243087087,False
"rl_inverse_kinematics/ruth/contact_points.npy, 1000 rows, seed 0",415843,,False,1,0.0,0.13859062893905663,22.485598247226378,21.744664524649526,0.7409337225768517,468.4945133053319,-76.34742628263012,493.48193427197464,False
"rl_inverse_kinematics/ruth/contact_points.npy, 1000 rows, seed 0",416241,,False,1,0.0,-0.024739926067372568,4.154582700147094,3.854371370981754,0.30021132916533944,470.30903889933523,-72.40208398280062,492.3539969773705,False
"rl_inverse_kinematics/ruth/contact_points.npy, 1000 rows, seed 0",416851,,False,1,3.552713678800501e-15,0.1439206248018093,23.058981982684916,22.571955392173642,0.48702659051127384,472.5823097288149,-93.4741120321955,492.81178327929695,False
"rl_inverse_kinematics/ruth/contact_points.npy, 1000 rows, seed 0",417190,,False,1,8.881784197001252e-16,-0.01031906094205536,5.814972463112251,5.356013233096493,0.45895923001575767,474.8622942194328,-69.82806040115113,491.2353310586377,False
"rl_inverse_kinematics/ruth/contact_points.npy, 1000 rows, seed 0",417675,,False,1,7.105427357601002e-15,0.23250306583215954,32.251225501895554,32.16772416919547,0.08350133270008087,473.9279440398348,-86.40588813026115,483.9289802681096,False
"rl_inverse_kinematics/ruth/contact_points.npy, 1000 rows, seed 0",417880,,False,1,0.0,7.405643874612649e-05,7.008494196721216,6.724069310270856,0.2844248864503598,471.0702307812003,-172.18619006576785,491.9061250935011,False
"rl_inverse_kinematics/ruth/contact_points.npy, 1000 rows, seed 0",417921,,False,1,1.7763568394002505e-15,-0.012564734543275353,5.556722192664013,5.321460581608763,0.23526161105525034,493.4343694955108,-93.98216223303422,492.55808847446116,False
"rl_inverse_kinematics/ruth/contact_points.npy, 1000 rows, seed 0",418020,,False,1,3.055333763768431e-13,0.22152567544308505,31.149977807718024,30.897515825930515,0.25246198178750845,499.73555926189493,-92.74478248139162,494.3133292676276,False
"rl_inverse_kinematics/ruth/contact_points.npy, 1000 rows, seed 0",418649,,False,1,1.7763568394002505e-15,0.05880072384108864,13.685098067220455,13.16249547042131,0.5226025967991443,417.0136097048914,-110.94842062412226,491.866030686699,False
"rl_inverse_kinematics/ruth/contact_points.npy, 1000 rows, seed 0",419368,,False,1,1.7763568394002505e-15,-0.016850210593168838,5.063565102549301,4.749536770142411,0.31402833240689,494.01319562448265,-88.97887726932053,491.81581558722013,False
"rl_inverse_kinematics/ruth/contact_points.npy, 1000 rows, seed 0",419411,,False,1,1.7763568394002505e-15,0.0660237576936234,14.496422759455646,14.267532978054014,0.22888978140163196,493.653634458588,-87.83511625917176,490.18083515682883,False
"rl_inverse_kinematics/ruth/contact_points.npy, 1000 rows, seed 0",419855,,False,1,7.105427357601002e-15,0.08507277677336371,16.62349179995281,16.249892642974604,0.3735991569782051,466.6044815282584,-162.78857825999486,491.89078399422453,False
"rl_inverse_kinematics/ruth/contact_points.npy, 1000 rows, seed 0",420813,,False,1,0.0,-0.02285311124534019,4.372083549354699,4.273906774663107,0.09817677469159136,476.54391151817487,-82.65359469883911,492.3937305531144,False
"rl_inverse_kinematics/ruth/contact_points.npy, 1000 rows, seed 0",420852,,False,1,5.3290705182007514e-14,0.20249209439479032,29.213575876521798,28.631333215701744,0.5822426608200537,459.08081309940746,-162.29460788756518,492.5241649848024,False
"rl_inverse_kinematics/ruth/contact_points.npy, 1000 rows, seed 0",421266,,False,1,2.877698079828406e-13,0.220988441639949,31.09578553345632,30.79458945480582,0.3011960786504986,478.94076226088987,-95.10002522982057,493.94133141405604,False
"rl_inverse_kinematics/ruth/contact_points.npy, 1000 rows, seed 0",421623,,False,1,8.881784197001252e-16,-0.023640615936386243,4.2813134380668725,3.9700147156262497,0.31129872244062273,472.7577061681152,-74.9425662448839,492.4280059545763,False
"rl_inverse_kinematics/ruth/contact_points.npy, 1000 rows, seed 0",421785,,False,1,8.881784197001252e-16,-0.0227168473629524,4.387788436897867,3.8972224779452533,0.49056595895261346,474.1559053890044,-78.5582413116473,492.3674707789032,False
"rl_inverse_kinematics/ruth/contact_points.npy, 1000 rows, seed 0",421977,,False,1,0.0,-0.023096801645977903,4.343996430073421,3.9518420909450014,0.3921543391284197,473.9391348628397,-78.22587339531218,492.3659134912275,False
"rl_inverse_kinematics/ruth/contact_points.npy, 1000 rows, seed 0",422183,,False,1,1.7763568394002505e-15,0.07212405421732891,15.179644309128657,14.833554822703453,0.3460894864252033,479.6568474856253,-70.11790280586939,489.1282946552288,False
"rl_inverse_kinematics/ruth/contact_points.npy, 1000 rows, seed 0",422288,,False,1,1.7763568394002505e-15,0.05985846006079789,13.804063543937366,13.771933863542731,0.032129680394634264,475.02158285602417,-89.59034716112056,492.8323998862834,False
"rl_inverse_kinematics/ruth/contact_points.npy, 1000 rows, seed 0",422595,,False,1,1.4210854715202004e-14,0.18817416210745905,27.735361563528073,27.67370746315595,0.06165410037212382,483.7235945902463,-83.92641925740725,486.3814198115414,False
"rl_inverse_kinematics/ruth/contact_points.npy, 1000 rows, seed 0",422863,,False,1,0.0,0.14090464001231848,22.734783940809454,22.410549249823248,0.3242346909862057,472.43820223974865,-90.12555988353091,493.22896871369096,False
"rl_inverse_kinematics/ruth/contact_points.npy, 1000 rows, seed 0",423444,,False,1,3.197442310920451e-13,0.22183883077176797,31.181553995600996,30.31066512958051,0.8708888660204863,470.66501430129426,-89.36832807979522,493.6942715120688,False
"rl_inverse_kinematics/ruth/contact_points.npy, 1000 rows, seed 0",423503,,False,1,0.0,0.06402751374972794,14.272446673835164,14.19798387829278,0.07446279554238444,484.01607376975574,-72.11919825743948,489.6685167083154,False
"rl_inverse_kinematics/ruth/contact_points.npy, 1000 rows, seed 0",424078,,False,1,1.7763568394002505e-15,0.015957838278299698,8.82657931257139,8.442307239383537,0.3842720731878533,498.9193960949869,-92.63141087885688,491.4897640786313,False
"rl_inverse_kinematics/ruth/contact_points.npy, 1000 rows, seed 0",424887,,False,1,0.0,0.2894936392401074,37.770673462202765,37.453008534939286,0.31766492726347906,454.26776510428806,-115.78199539823976,480.02951572662073,False
"rl_inverse_kinematics/ruth/contact_points.npy, 1000 rows, seed 0",425168,,False,1,1.7763568394002505e-15,0.059224549220202996,13.732772778361097,13.459005881874877,0.27376689648622055,491.4506304681234,-95.56176418293879,493.16313438929524,False
"rl_inverse_kinematics/ruth/contact_points.npy, 1000 rows, seed 0",425466,,False,1,2.842170943040401e-14,0.195424956609826,28.48620102654357,28.14224967385238,0.3439513526911888,480.5836965548744,-86.76272525348764,495.7166690830378,False
"rl_inverse_kinematics/ruth/contact_points.npy, 1000 rows, seed 0",425498,,False,1,0.0,0.06161221328732667,14.001194763752604,13.564388211889499,0.43680655186310524,493.1824013128644,-93.68467001071868,493.1401029581791,False
"rl_inverse_kinematics/ruth/contact_points.npy, 1000 rows, seed 0",427204,,False,1,8.881784197001252e-16,-0.022496054286175873,4.413234796552701,3.8296667572432925,0.5835680393094087,488.8462281533092,-87.46350201546903,491.8016551380106,False
"rl_inverse_kinematics/ruth/contact_points.npy, 1000 rows, seed 0",428321,,False,1,1.7763568394002505e-15,0.07095314951494133,15.04865036606079,14.901942574195578,0.14670779186521266,482.9858955758025,-72.9448559941847,489.25396149235115,False
"rl_inverse_kinematics/ruth/contact_points.npy, 1000 rows, seed 0",430284,,False,1,2.7000623958883807e-13,0.22024201666871907,31.020446063707375,30.923442126698802,0.0970039370085729,503.4222876236293,-96.90709102150149,494.4566535642963,False
"rl_inverse_kinematics/ruth/contact_points.npy, 1000 rows, seed 0",431255,,False,1,0.0,0.06183614395231345,14.026355228032289,13.947289490901646,0.07906573713064269,503.9753971610904,-90.92654666288615,490.51243817401325,False
"rl_inverse_kinematics/ruth/contact_points.npy, 1000 rows, seed 0",431426,,False,1,1.7763568394002505e-15,0.06210574073519815,14.056643477232155,13.568624757774934,0.4880187194572212,496.93412006271205,-94.0043321657231,493.18677863063226,False
"rl_inverse_kinematics/ruth/contact_points.npy, 1000 rows, seed 0",431680,,False,1,0.0,-0.014728313122205895,5.307798670876988,5.039787298459257,0.2680113724177309,494.9162201649506,-95.79242927104072,491.81039543560314,False
"rl_inverse_kinematics/ruth/contact_points.npy, 1000 rows, seed 0",432417,,False,1,8.881784197001252e-16,-0.01929074236404317,4.782531100989982,4.651490390516166,0.13104071047381627,490.7947193359253,-95.1484343094557,492.6123730798193,False
"rl_inverse_kinematics/ruth/contact_points.npy, 1000 rows, seed 0",433986,,False,1,2.3447910280083306e-13,0.21854840484859836,30.849307804328657,30.699038468967636,0.1502693353610205,477.34802050263636,-95.87346351154231,494.09556607113655,False
"rl_inverse_kinematics/ruth/contact_points.npy, 1000 rows, seed 0",434453,,False,1,0.0,0.07057963907473802,15.006849567293042,14.563857317792491,0.4429922495005503,486.29456705091985,-77.21061929820249,489.4026003109112,False
"rl_inverse_kinematics/ruth/contact_points.npy, 1000 rows, seed 0",435082,,False,1,4.440892098500626e-16,-0.02688457253689654,3.9072744834938393,3.6432552152787374,0.2640192682151019,486.6653497386732,-89.3762460731133,491.89128500615993,False
"rl_inverse_kinematics/ruth/contact_points.npy, 1000 rows, seed 0",436889,,False,1,0.0,0.06187563599092935,14.030792236921927,13.622671396076516,0.40812084084541134,419.5912313910813,-99.39270288142376,491.83664616403564,False
"rl_inverse_kinematics/ruth/contact_points.npy, 1000 rows, seed 0",436958,,False,1,2.4868995751603507e-14,0.05247476181334914,12.972524440441909,12.376783326883581,0.5957411135583275,490.58563270062206,-95.76905816435045,493.27284689412215,False
"rl_inverse_kinematics/ruth/contact_points.npy, 1000 rows, seed 0",436992,,False,1,7.105427357601002e-15,0.22391729112975758,31.390892974775863,31.356953934844103,0.033939039931759396,500.6093338790627,-98.6743749003793,494.43428956132004,False
"rl_inverse_kinematics/ruth/contact_points.npy, 1000 rows, seed 0",437056,,False,1,8.881784197001252e-16,-0.01220984444621599,5.597542324595803,5.242034471213758,0.35550785338204527,501.16047216094813,-100.82536344028995,491.9072335921383,False
"rl_inverse_kinematics/ruth/contact_points.npy, 1000 rows, seed 0",437572,,False,1,0.0,-0.017432483985431825,4.996526708794484,4.591048632577701,0.40547807621678267,501.6707170938944,-94.28257780879332,491.9752862120383,False
"rl_inverse_kinematics/ruth/contact_points.npy, 1000 rows, seed 0",438040,,False,1,0.0,-0.011459634651343564,5.683822899930992,5.331488076653602,0.3523348232773902,492.7749430611697,-97.24633262332591,491.70875097396805,False
"rl_inverse_kinematics/ruth/contact_points.npy, 1000 rows, seed 0",438190,,False,1,0.0,-0.01808194748199597,4.921743646963057,4.887281719639961,0.03446192732309594,495.3330800068791,-97.46683990330735,491.85672389378794,False
"rl_inverse_kinematics/ruth/contact_points.npy, 1000 rows, seed 0",438221,,False,1,0.0,0.06510034951634608,14.392841699425773,14.159247299260173,0.2335944001656003,496.6120757614516,-95.39780905659688,490.21069856212364,False
"rl_inverse_kinematics/ruth/contact_points.npy, 1000 rows, seed 0",438963,,False,1,8.881784197001252e-16,-0.019232759190121466,4.789209543122143,4.48633526941878,0.3028742737033632,488.71046571231767,-97.50234334997583,492.5610217967172,False
"rl_inverse_kinematics/ruth/contact_points.npy, 1000 rows, seed 0",439202,,False,1,0.0,0.0584221306529426,13.64250425672308,13.15946051202942,0.48304374469365996,483.03412310781397,-94.68059542791201,493.0566874526583,False
"rl_inverse_kinematics/ruth/contact_points.npy, 1000 rows, seed 0",439422,,False,1,2.7355895326763857e-13,0.220271693355642,31.023442451767718,29.96798470794552,1.055457743822199,479.24973976700835,-90.27381742672364,494.19907815004603,False
"rl_inverse_kinematics/ruth/contact_points.npy, 1000 rows, seed 0",439542,,False,1,2.7000623958883807e-13,0.2201158001678127,31.007701336215696,30.50940280035422,0.4982985358614762,481.40171053996096,-98.95642910936282,494.0892695499435,False
"rl_inverse_kinematics/ruth/contact_points.npy, 1000 rows, seed 0",441666,,False,1,2.2026824808563106e-13,0.21808202330310847,30.80213271799136,30.161081904982964,0.6410508130083947,474.4524718766331,-95.53514371244016,493.8706749126419,False
"rl_inverse_kinematics/ruth/contact_points.npy, 1000 rows, seed 0",442336,,False,1,1.7763568394002505e-15,-0.008966450415054962,5.970461617235529,5.539384637419554,0.43107697981597504,488.5465917074744,-77.76095070903938,491.47597066493984,False
"rl_inverse_kinematics/ruth/contact_points.npy, 1000 rows, seed 0",442379,,False,1,1.7763568394002505e-15,0.0665101042281556,14.550960666117383,13.940297952289972,0.610662713827411,515.2087453371946,-99.74808235248895,490.65283591509177,False
"rl_inverse_kinematics/ruth/contact_points.npy, 1000 rows, seed 0",442399,,False,1,3.552713678800501e-15,0.1419064666679948,22.84254670681172,22.263925813091586,0.5786208937201351,505.5957431113551,-106.37433412883,493.8326770928865,False
"rl_inverse_kinematics/ruth/contact_points.npy, 1000 rows, seed 0",443007,,False,1,8.881784197001252e-16,-0.019740473700536717,4.730729035296804,4.467360882913824,0.26336815238297984,500.7196790272293,-105.81402935383267,492.8113370729734,False
"rl_inverse_kinematics/ruth/contact_points.npy, 1000 rows, seed 0",443164,,False,1,8.881784197001252e-16,-0.01594124240000988,5.168201291918256,5.058580845013891,0.10962044690436468,504.719621849662,-102.15858678333326,492.02196251192083,False
"rl_inverse_kinematics/ruth/contact_points.npy, 1000 rows, seed 0",443291,,False,1,0.0,0.09006155244816846,17.17733700332301,17.01497634267344,0.162360660649572,499.6242245086019,-93.90394442567676,489.34819225489395,False
"rl_inverse_kinematics/ruth/contact_points.npy, 1000 rows, seed 0",443805,,False,1,8.881784197001252e-16,-0.02112037185999296,4.5717590960075425,4.567326476884087,0.0044326191234551615,493.01391502749215,-101.92086247755026,492.68855797891877,False
"rl_inverse_kinematics/ruth/contact_points.npy, 1000 rows, seed 0",444064,,False,1,1.7763568394002505e-15,0.035509897660245746,11.052916744254784,10.710666978926666,0.342249765328118,446.25345431265674,-161.48230187112262,491.0121817429077,False
"rl_inverse_kinematics/ruth/contact_points.npy, 1000 rows, seed 0",444312,,False,1,3.055333763768431e-13,0.2215483190934808,31.15226133322607,30.718442295303454,0.4338190379226141,491.65416018647335,-102.83528934702755,494.1968899748931,False
"rl_inverse_kinematics/ruth/contact_points.npy, 1000 rows, seed 0",444597,,False,1,1.7763568394002505e-15,-0.01965363749835976,4.740731558013621,4.230456209243589,0.5102753487700324,487.734429126815,-96.07487332378085,492.58906523382416,False
"rl_inverse_kinematics/ruth/contact_points.npy, 1000 rows, seed 0",445194,,False,1,0.0,0.22817658236045973,31.818586009006047,31.69220931560213,0.1263766934039161,397.51859936470345,-91.011228635166,489.54201372788077,False
"rl_inverse_kinematics/ruth/contact_points.npy, 1000 rows, seed 0",445611,,False,1,8.881784197001252e-16,-0.011750515927243653,5.650370666675264,5.329761350467918,0.3206093162073458,399.8444062534875,-84.69452719836477,490.2549383179294,False
"rl_inverse_kinematics/ruth/contact_points.npy, 1000 rows, seed 0",445864,,False,1,8.881784197001252e-16,-0.022250049909536995,4.441585566735008,4.281579620719229,0.16000594601577944,490.5342147120659,-97.01325228077485,491.82770663213034,False
"rl_inverse_kinematics/ruth/contact_points.npy, 1000 rows, seed 0",446392,,False,1,0.0,0.003755724460878637,7.4305812531735995,6.997117821581367,0.4334634315922328,486.28557671561487,-78.42474014158525,491.1613213577498,False
"rl_inverse_kinematics/ruth/contact_points.npy, 1000 rows, seed 0",446542,,False,1,8.881784197001252e-16,-0.007922508141255395,6.09043651872221,5.671423266417695,0.4190132523045147,486.1294176497159,-85.5482741331906,491.4232310997686,False
"rl_inverse_kinematics/ruth/contact_points.npy, 1000 rows, seed 0",446609,,False,1,2.1316282072803006e-14,0.052558989020971086,12.982023992050244,12.709632671198946,0.27239132085129825,496.5947913894248,-91.09241057841835,490.7621226776343,False
"rl_inverse_kinematics/ruth/contact_points.npy, 1000 rows, seed 0",447808,,False,1,1.7763568394002505e-15,-0.024013616450708854,4.238315897285121,4.074015128217888,0.1643007690672329,487.81556289514566,-93.20106683460611,491.8276504542611,False
"rl_inverse_kinematics/ruth/contact_points.npy, 1000 rows, seed 0",448133,,False,1,7.105427357601002e-15,0.04814909810539118,12.484231624278031,12.344953926809412,0.13927769746861962,499.3582330790497,-88.3388417263522,491.1968674223338,False
"rl_inverse_kinematics/ruth/contact_points.npy, 1000 rows, seed 0",449358,,False,1,3.552713678800501e-15,0.22676831288577273,31.6773694337294,31.621285574430182,0.056083859299217664,411.6755946365582,-98.64604443196436,489.8051851995625,False
"rl_inverse_kinematics/ruth/contact_points.npy, 1000 rows, seed 0",449483,,False,1,1.7763568394002505e-15,0.06324268762924852,14.184337081362312,13.925291964387114,0.25904511697519794,509.14829537512884,-101.26596789086342,490.5891859560571,False
"rl_inverse_kinematics/ruth/contact_points.npy, 1000 rows, seed 0",449923,,False,1,0.0,0.14042908721209343,22.683605147146,22.093302484224566,0.5903026629214345,493.0461078622369,-106.83856053470899,493.7438847004755,False
"rl_inverse_kinematics/ruth/contact_points.npy, 1000 rows, seed 0",450310,,False,1,8.881784197001252e-16,-0.012424352935459041,5.5728695122352585,5.07313203568689,0.4997374765483684,495.8376077728084,-103.82009088544335,491.77723576173764,False
"rl_inverse_kinematics/ruth/contact_points.npy, 1000 rows, seed 0",450869,,False,1,3.552713678800501e-15,0.06305106087970636,14.162819317553254,13.73605760099162,0.426761716561634,499.13852372663064,-100.43054871478043,490.3318645504266,False
"rl_inverse_kinematics/ruth/contact_points.npy, 1000 rows, seed 0",450969,,False,1,0.0,-0.03617545038172351,2.83492390891348,2.8343382978236398,0.0005856110898401212,439.25039160179267,-161.20831571824772,491.48441225260876,False
"rl_inverse_kinematics/ruth/contact_points.npy, 1000 rows, seed 0",451299,,False,1,8.881784197001252e-16,-0.02096498279600193,4.589662579950094,4.184082507837245,0.40558007211284863,487.3446722693499,-98.981932007985,492.5871110183292,False
"rl_inverse_kinematics/ruth/contact_points.npy, 1000 rows, seed 0",451709,,False,1,0.0,0.07120352347927389,15.076666593416979,14.590454673374065,0.4862119200429138,493.02486270105305,-91.73139365449748,489.640018584578,False
"rl_inverse_kinematics/ruth/contact_points.npy, 1000 rows, seed 0",451792,,False,1,0.0,-0.021026130419688795,4.58261738640196,3.972605684336522,0.6100117020654383,493.50124671946037,-99.29738837642016,491.89205238171115,False
"rl_inverse_kinematics/ruth/contact_points.npy, 1000 rows, seed 0",452701,,False,1,0.0,0.13294725582469813,21.876292076599576,21.61968573497358,0.2566063416259965,481.9901984472245,-86.2371201828407,494.08984353739834,False
"rl_inverse_kinematics/ruth/contact_points.npy, 1000 rows, seed 0",452713,,False,1,3.552713678800501e-15,0.1315601618998433,21.72618764590897,21.517444344237088,0.2087433016718805,482.3364885146094,-84.32097067079002,494.2359187317427,False
"rl_inverse_kinematics/ruth/contact_points.npy, 1000 rows, seed 0",453010,,False,1,8.881784197001252e-16,-0.01899464517249859,4.8166345030008815,4.5645833012323624,0.25205120176851903,488.2877257084595,-95.57374003430135,491.7065226101819,False
"rl_inverse_kinematics/ruth/contact_points.npy, 1000 rows, seed 0",453616,,False,1,8.881784197001252e-16,-0.01648397702854693,5.105726457878304,5.075543155411492,0.030183302466811668,488.3694075971767,-91.15598067430565,491.633444190089,False
"rl_inverse_kinematics/ruth/contact_points.npy, 1000 rows, seed 0",454484,,False,1,1.7763568394002505e-15,0.06487935435414838,14.368045919843192,14.321384097731904,0.046661822111287776,481.59033954715335,-99.29864668958247,492.50921027579943,False
"rl_inverse_kinematics/ruth/contact_points.npy, 1000 rows, seed 0",455622,,False,1,2.6290081223123707e-13,0.21983206957061546,30.97904609286461,30.90921817597154,0.06982791689307177,500.298979702126,-109.04878271583304,494.46940386530457,False
"rl_inverse_kinematics/ruth/contact_points.npy, 1000 rows, seed 0",455630,,False,1,1.7763568394002505e-15,0.059968930397757886,13.816485300701844,13.605858332938316,0.21062696776352752,501.4343373174601,-109.12124583040227,493.3249355221452,False
"rl_inverse_kinematics/ruth/contact_points.npy, 1000 rows, seed 0",455764,,False,1,0.0,0.010703690094589546,8.22604298686725,7.823487318415639,0.40255566845161184,496.86344773231053,-101.66620896403137,491.42471597000497,False
"rl_inverse_kinematics/ruth/contact_points.npy, 1000 rows, seed 0",456001,,False,1,7.105427357601002e-15,0.14483354168659326,23.156983847970213,22.19516697080695,0.9618168771632618,498.94444156147455,-107.34511933518579,493.60355325892215,False
"rl_inverse_kinematics/ruth/contact_points.npy, 1000 rows, seed 0",456201,,False,1,8.881784197001252e-16,-0.018179478481004617,4.910512544192368,4.371397935256672,0.5391146089356962,499.9581078677955,-106.41273143989528,492.75832566093163,False
"rl_inverse_kinematics/ruth/contact_points.npy, 1000 rows, seed 0",456363,,False,1,0.0,0.0010990566053538865,7.1260448098408915,6.975381093687941,0.15066371615295093,487.3783532819323,-97.13291426025091,492.35738607667577,False
"rl_inverse_kinematics/ruth/contact_points.npy, 1000 rows, seed 0",456531,,False,1,0.0,0.23300246940956787,32.30104702978894,32.285785396908736,0.01526163288020399,440.4184178411714,-132.8383112824398,483.05081556429525,False
"rl_inverse_kinematics/ruth/contact_points.npy, 1000 rows, seed 0",456662,,False,1,1.7763568394002505e-15,0.056889741310627025,13.470033791564447,13.329176651464211,0.14085714010023587,490.0751939114353,-105.85173403062397,493.26564305577,False
"rl_inverse_kinematics/ruth/contact_points.npy, 1000 rows, seed 0",458766,,False,1,1.9895196601282805e-13,0.21688419275751344,30.680876815581453,30.118378440182063,0.5624983753993895,479.9198790525353,-100.868466649004,494.29154841415163,False
"rl_inverse_kinematics/ruth/contact_points.npy, 1000 rows, seed 0",459531,,False,1,0.0,0.25187416076175745,34.16547051386852,34.16304497934179,0.0024255345267292228,476.97417281148927,-101.36568890116195,482.86984546631504,False
"rl_inverse_kinematics/ruth/contact_points.npy, 1000 rows, seed 0",459631,,False,1,0.0,0.13462035105670891,22.057167571549364,21.33311499028205,0.7240525812673155,485.96029173989115,-83.71729778062321,494.19146311509235,False
"rl_inverse_kinematics/ruth/contact_points.npy, 1000 rows, seed 0",459702,,False,1,1.7763568394002505e-13,0.21555831789534322,30.546502013670263,30.53061618074866,0.015885832921604504,476.69871340337335,-101.78645410711881,494.0098121017197,False
"rl_inverse_kinematics/ruth/contact_points.npy, 1000 rows, seed 0",459774,,False,1,1.5276668818842154e-13,0.21373122784356693,30.361060849686027,30.22713005569369,0.13393079399233798,481.89347802279076,-91.46928995784059,494.64411314938184,False
"rl_inverse_kinematics/ruth/contact_points.npy, 1000 rows, seed 0",459979,,False,1,0.0,0.13450224485558435,22.044405742600464,21.76206772788015,0.28233801472031317,483.96273059102003,-89.26894948508954,493.9482792322847,False
"rl_inverse_kinematics/ruth/contact_points.npy, 1000 rows, seed 0",461333,,False,1,0.0,0.08130259286100748,16.20402068394831,16.10446070555258,0.09955997839573172,503.7061165450449,-110.21701236511635,489.85411652922517,False
"rl_inverse_kinematics/ruth/contact_points.npy, 1000 rows, seed 0",461844,,False,1,0.0,0.22893714069352383,31.89477236235448,31.62133861056863,0.27343375178585205,412.37116512625215,-90.15265611980972,489.7148847879063,False
"rl_inverse_kinematics/ruth/contact_points.npy, 1000 rows, seed 0",462289,,False,1,3.552713678800501e-15,0.13356690473728164,21.943304105466577,21.308652683856575,0.6346514216100019,489.0888832420605,-103.3658565223697,493.9592051585839,False
"rl_inverse_kinematics/ruth/contact_points.npy, 1000 rows, seed 0",463345,,False,1,0.0,0.14257726240303775,22.9146611083216,21.926452372358632,0.9882087359629672,488.0226698462129,-109.113473231449,493.5445365178248,False
"rl_inverse_kinematics/ruth/contact_points.npy, 1000 rows, seed 0",463918,,False,1,1.7763568394002505e-15,-0.018447870808950707,4.879604960895721,4.558543287027786,0.32106167386793505,493.2809995019271,-105.8533081099068,491.8171420683957,False
"rl_inverse_kinematics/ruth/contact_points.npy, 1000 rows, seed 0",463995,,False,1,8.881784197001252e-16,-0.01988564587578332,4.714006522354734,4.141666523670304,0.5723399986844298,487.8010595859176,-98.99369746832971,492.6289373997229,False
"rl_inverse_kinematics/ruth/contact_points.npy, 1000 rows, seed 0",464450,,False,1,1.7763568394002505e-15,0.06117897974001559,13.952510593789462,13.882330393843832,0.0701801999456304,487.94453388860165,-106.11199809437821,492.8527234427038,False
"rl_inverse_kinematics/ruth/contact_points.npy, 1000 rows, seed 0",464577,,False,1,8.881784197001252e-16,-0.021770534224981583,4.496843729767859,4.0721199995911315,0.42472373017672727,487.19233023345566,-96.37766508409021,492.6421518087768,False
"rl_inverse_kinematics/ruth/contact_points.npy, 1000 rows, seed 0",465054,,False,1,2.2737367544323206e-13,0.21820732277768687,30.814808933143468,30.299874140927475,0.5149347922159926,479.4746618974567,-106.46259262458402,493.9092639833857,False
"rl_inverse_kinematics/ruth/contact_points.npy, 1000 rows, seed 0",465125,,False,1,0.0,0.06233507129337987,14.082405217577518,14.059302968913954,0.02310224866356414,495.91269813500423,-97.95216128399757,490.0212890257911,False
"rl_inverse_kinematics/ruth/contact_points.npy, 1000 rows, seed 0",465390,,False,1,1.2079226507921703e-13,0.2112949878444615,30.11331110786746,29.944749283784184,0.1685618240832767,486.3406359718338,-86.3780910142312,495.1373344795546,False
"rl_inverse_kinematics/ruth/contact_points.npy, 1000 rows, seed 0",466054,,False,1,1.7763568394002505e-15,-0.02116353721984878,4.5667856160314475,4.174033546174134,0.3927520698573135,490.5353173014988,-100.33196356740353,491.83133098468124,False
"rl_inverse_kinematics/ruth/contact_points.npy, 1000 rows, seed 0",466439,,False,1,2.842170943040401e-14,0.05370486137535854,13.111229303675003,13.047497372238224,0.06373193143677902,498.82329020644517,-99.36669807810401,490.66882865235084,False
"rl_inverse_kinematics/ruth/contact_points.npy, 1000 rows, seed 0",466441,,False,1,0.0,0.1383593695619038,22.460673860655675,22.127501697018996,0.3331721636366787,480.30380348808774,-100.1316410519353,493.38868976963175,False
"rl_inverse_kinematics/ruth/contact_points.npy, 1000 rows, seed 0",467835,,False,1,0.0,-0.016638855611444146,5.087896973450347,4.617215717761033,0.47068125568931407,494.5259472337971,-113.38942864138241,492.6604330079643,False
"rl_inverse_kinematics/ruth/contact_points.npy, 1000 rows, seed 0",467851,,False,1,3.552713678800501e-15,0.13254300323994803,21.832559681927417,21.59772508279737,0.23483459913004623,491.9516169999171,-110.40341804525352,493.93040152738365,False
"rl_inverse_kinematics/ruth/contact_points.npy, 1000 rows, seed 0",468025,,False,1,3.552713678800501e-15,0.13498322492743406,22.096371356934107,21.807973786242393,0.2883975706917141,491.6312298285852,-111.8351310215833,493.87304190237177,False
"rl_inverse_kinematics/ruth/contact_points.npy, 1000 rows, seed 0",468133,,False,1,3.552713678800501e-15,0.13997896704194449,22.63514840942482,22.374533096781505,0.2606153126433135,496.5965393576697,-116.46206068923088,493.84626792994106,False
"rl_inverse_kinematics/ruth/contact_points.npy, 1000 rows, seed 0",468205,,False,1,0.0,0.1260478479083765,21.128362147002633,20.8918568227578,0.23650532424483472,425.5657302609801,-164.8834547846386,491.47189582277906,False
"rl_inverse_kinematics/ruth/contact_points.npy, 1000 rows, seed 0",468471,,False,1,1.7763568394002505e-15,0.0068287340328538814,7.782585728708483,7.640830681408603,0.1417550472998803,488.48973451293733,-102.07367595533651,492.28779981029095,False
"rl_inverse_kinematics/ruth/contact_points.npy, 1000 rows, seed 0",468950,,False,1,1.7763568394002505e-15,0.057586140513256175,13.548427075078441,13.124865851241939,0.4235612238365025,490.20627834375506,-111.00954599800463,493.2764254382088,False
"rl_inverse_kinematics/ruth/contact_points.npy, 1000 rows, seed 0",468961,,False,1,3.552713678800501e-15,0.13810484919689256,22.433238069550374,21.81217643131465,0.621061638235723,488.59597775812733,-109.76114526506532,493.8529316845651,False
"rl_inverse_kinematics/ruth/contact_points.npy, 1000 rows, seed 0",469517,,False,1,1.7763568394002505e-15,0.06403217842021224,14.272970270361533,14.228602626703204,0.04436764365832957,498.3063647246586,-108.34524369603136,490.11968089730215,False
"rl_inverse_kinematics/ruth/contact_points.npy, 1000 rows, seed 0",469880,,False,1,0.0,0.058453227636840376,13.646003090770671,13.274411602247577,0.3715914885230944,487.4857295585822,-109.73164151915469,493.1279451748083,False
"rl_inverse_kinematics/ruth/contact_points.npy, 1000 rows, seed 0",469895,,False,1,0.0,0.06264835349658646,14.117593547980587,14.0140465760041,0.10354697197648655,497.79710878246766,-107.29983464023141,490.17865769092634,False
"rl_inverse_kinematics/ruth/contact_points.npy, 1000 rows, seed 0",470072,,False,1,3.552713678800501e-15,0.06013225783478306,13.834849479541438,13.30271260697651,0.5321368725649283,486.85301173822336,-109.11573413538548,493.06553158599706,False
"rl_inverse_kinematics/ruth/contact_points.npy, 1000 rows, seed 0",470147,,False,1,0.0,0.0712753375308796,15.084701821082962,14.776524283428275,0.3081775376546876,496.7639607081705,-99.41304332553074,489.5874560360746,False
"rl_inverse_kinematics/ruth/contact_points.npy, 1000 rows, seed 0",470211,,False,1,7.105427357601002e-15,0.29302180538699846,38.10080820018743,38.032488224611384,0.06831997557604552,481.7364658160629,-113.36754530316507,480.41724277428176,False
"rl_inverse_kinematics/ruth/contact_points.npy, 1000 rows, seed 0",470472,,False,1,1.8474111129762605e-13,0.21585303339083503,30.57638507804134,30.290367954947147,0.2860171230941937,482.3775282242424,-106.75694308274933,494.4674685570797,False
"rl_inverse_kinematics/ruth/contact_points.npy, 1000 rows, seed 0",470769,,False,1,0.0,-0.02133366913370186,4.547182763457399,4.477701359032397,0.06948140442500161,490.1000250274162,-91.38406491863856,492.8253481572372,False
"rl_inverse_kinematics/ruth/contact_points.npy, 1000 rows, seed 0",470843,,False,1,1.7763568394002505e-15,0.05791596216827721,13.585547062545158,13.391593497382289,0.19395356516286988,497.6790156578088,-105.09944185978182,490.417833650532,False
"rl_inverse_kinematics/ruth/contact_points.npy, 1000 rows, seed 0",470844,,False,1,2.2382096176443156e-13,0.21765490286938677,30.75891096839118,30.021177815491885,0.7377331528992954,480.9138164825731,-106.88709612209115,494.2317105123145,False
"rl_inverse_kinematics/ruth/contact_points.npy, 1000 rows, seed 0",472364,,False,1,1.7763568394002505e-15,0.06564722619486679,14.454191302114978,13.838213227867515,0.6159780742474634,482.20992189717083,-104.60217234594597,492.600629482328,False
"rl_inverse_kinematics/ruth/contact_points.npy, 1000 rows, seed 0",472690,,False,1,0.0,-0.007560189116425922,6.132069517468774,5.908442998394793,0.22362651907398146,498.7472219224864,-88.9636676900262,491.60204880821607,False
"rl_inverse_kinematics/ruth/contact_points.npy, 1000 rows, seed 0",472826,,False,1,3.730349362740526e-14,0.05500889511188132,13.258196140851947,13.19667154890054,0.06152459195140736,487.7886551810151,-96.32127083527507,493.2649781177123,False
"rl_inverse_kinematics/ruth/contact_points.npy, 1000 rows, seed 0",472869,,False,1,1.7763568394002505e-15,-0.025057992705533955,4.11791080957569,4.0808935394179935,0.037017270157696736,494.85340024661934,-90.70027366440945,492.82333482820275,False
"rl_inverse_kinematics/ruth/contact_points.npy, 1000 rows, seed 0",472971,,False,1,1.3500311979441904e-13,0.21245927327920902,30.231779965104906,30.225718153191075,0.00606181191383115,486.96956515060253,-101.90271685412944,485.25010580492267,False
"rl_inverse_kinematics/ruth/contact_points.npy, 1000 rows, seed 0",473203,,False,1,0.0,0.1367600178762289,22.288196670059314,21.728779243912935,0.5594174261463785,495.19752204242457,-122.11934962043992,493.7924137544071,False
"rl_inverse_kinematics/ruth/contact_points.npy, 1000 rows, seed 0",473238,,False,1,1.3500311979441904e-13,0.21291286657477343,30.27790020722321,29.86758789837011,0.41031230885310066,493.5782641246037,-116.87127773351048,494.5653111149437,False
"rl_inverse_kinematics/ruth/contact_points.npy, 1000 rows, seed 0",473326,,False,1,0.0,-0.01095059598791944,5.74235895115275,5.627769872184924,0.11458907896782566,505.60880328514315,-124.66606028338265,491.9748516488255,False
"rl_inverse_kinematics/ruth/contact_points.npy, 1000 rows, seed 0",474732,,False,1,3.339550858072471e-13,0.22251587551720506,31.249790079092882,31.10586125969421,0.14392881939867408,412.146850392207,-77.66795797098126,490.08983572367094,False
"rl_inverse_kinematics/ruth/contact_points.npy, 1000 rows, seed 0",475299,,False,1,0.0,-0.020837929536469298,4.604300913683072,4.210829409633569,0.3934715040495025,490.76808310230996,-111.24234751543156,492.67634587514897,False
"rl_inverse_kinematics/ruth/contact_points.npy, 1000 rows, seed 0",475777,,False,1,0.0,0.14037685225636956,22.677982650460322,22.239030263689102,0.43895238677121995,490.4969838520922,-113.28137481646976,493.527832224156,False
"rl_inverse_kinematics/ruth/contact_points.npy, 1000 rows, seed 0",476614,,False,1,0.0,-0.017636159317421407,4.973075337679302,4.8681715459024115,0.10490379177689046,491.6665144270304,-108.88026449545346,491.7386060997004,False
"rl_inverse_kinematics/ruth/contact_points.npy, 1000 rows, seed 0",477217,,False,1,0.0,0.134880870488435,22.085314232952825,22.079287463037616,0.006026769915209229,483.3872483429087,-104.1677208684116,493.9004064164217,False
"rl_inverse_kinematics/ruth/contact_points.npy, 1000 rows, seed 0",478216,,False,1,0.0,-0.012553413637474082,5.558024391296779,5.3260670252015565,0.2319573660952221,494.3104931046686,-98.21391143673078,491.6485268289526,False
"rl_inverse_kinematics/ruth/contact_points.npy, 1000 rows, seed 0",478506,,False,1,2.3447910280083306e-13,0.2186389397114867,30.858463143800304,30.691091040597268,0.16737210320303575,477.51042800296455,-106.38766334475872,493.7433777651478,False
"rl_inverse_kinematics/ruth/contact_points.npy, 1000 rows, seed 0",479053,,False,1,0.0,0.1503739118695697,23.750425965418923,23.113962731903058,0.6364632335158653,481.3154728279893,-107.04555468920167,492.60588673080167,False
"rl_inverse_kinematics/ruth/contact_points.npy, 1000 rows, seed 0",479271,,False,1,0.0,-0.018701607051641925,4.850383689421872,4.182666621054926,0.6677170683669464,503.4786272069887,-129.005544253533,492.8499276740188,False
"rl_inverse_kinematics/ruth/contact_points.npy, 1000 rows, seed 0",480212,,False,1,0.0,0.059450471949616265,13.758182629204788,13.343249218594243,0.41493341061054423,498.72280419380803,-122.9302027684258,493.3213245387341,False
"rl_inverse_kinematics/ruth/contact_points.npy, 1000 rows, seed 0",480299,,False,1,0.0,0.07717774344445752,15.744211983066402,15.574386697536836,0.16982528552956566,425.18005693113537,-160.4344208872769,491.22787971259737,False
"rl_inverse_kinematics/ruth/contact_points.npy, 1000 rows, seed 0",481008,,False,1,2.2026824808563106e-13,0.21786314036649734,30.779985364665965,30.33434419514042,0.445641169525544,489.7307965502825,-119.50085349861783,494.5297909596902,False
"rl_inverse_kinematics/ruth/contact_points.npy, 1000 rows, seed 0",481946,,False,1,3.552713678800501e-15,0.0602180880922725,13.844499540000427,13.51465804179854,0.3298414982018869,489.62582490309035,-116.06431185766652,493.07704898853126,False
"rl_inverse_kinematics/ruth/contact_points.npy, 1000 rows, seed 0",482630,,False,1,3.552713678800501e-14,0.0545834261382668,13.210253558010889,13.001656273660084,0.20859728435080527,487.9725597011048,-103.69969893584546,493.4359832936302,False
"rl_inverse_kinematics/ruth/contact_points.npy, 1000 rows, seed 0",483199,,False,1,3.552713678800501e-15,0.1385246334816236,22.47848585989636,21.5398528229459,0.9386330369504599,486.3154539786025,-102.51020233533265,493.92659978047794,False
"rl_inverse_kinematics/ruth/contact_points.npy, 1000 rows, seed 0",483209,,False,1,0.0,0.0697335688467175,14.912136961899604,14.573218168566418,0.3389187933331854,498.78813090602586,-102.7976689580856,489.59095516594084,False
"rl_inverse_kinematics/ruth/contact_points.npy, 1000 rows, seed 0",483372,,False,1,1.4921397450962104e-13,0.2136101936408981,30.348765456883847,30.260838722182566,0.08792673470128065,483.40829324620637,-104.32936824453157,494.7320314462196,False
"rl_inverse_kinematics/ruth/contact_points.npy, 1000 rows, seed 0",483590,,False,1,3.907985046680551e-14,0.055118116387756856,13.27050205161656,13.072399197196455,0.1981028544201049,488.3191543169924,-101.08243338158209,493.41522567986897,False
"rl_inverse_kinematics/ruth/contact_points.npy, 1000 rows, seed 0",484231,,False,1,3.552713678800501e-15,0.146594659699942,23.345867594619662,22.934529151479225,0.411338443140437,481.36992979858377,-110.42981934064281,492.81761541081585,False
"rl_inverse_kinematics/ruth/contact_points.npy, 1000 rows, seed 0",484423,,False,1,0.0,0.1449015877038915,23.16428616290434,23.08051299405042,0.08377316885392005,481.3344464333947,-110.0581398691528,492.8693421802477,False
"rl_inverse_kinematics/ruth/contact_points.npy, 1000 rows, seed 0",484830,,False,1,3.161915174132446e-13,0.22194382644004443,31.192138865753368,30.655094587126218,0.5370442786271497,478.34671153246506,-108.28075239216129,493.5113355727028,False
"rl_inverse_kinematics/ruth/contact_points.npy, 1000 rows, seed 0",485344,,False,1,0.0,-0.013761002394938686,5.4191030954080786,5.368249908178588,0.050853187229490615,500.8553892278006,-98.7606474061659,491.7800044666236,False
"rl_inverse_kinematics/ruth/contact_points.npy, the 21 rows of contact_list.npy (RL training targets)",460435,,False,1,3.552713678800501e-15,0.1458737815445403,23.268579417950924,22.7616805150637,0.5068989028872259,478.21938885015965,-102.44013192965241,492.729854180267,False
"rl_inverse_kinematics/ruth/contact_points.npy, the 21 rows of contact_list.npy (RL training targets)",38669,,False,1,3.552713678800501e-15,0.0653873908178378,14.425044330248456,14.07253172742618,0.3525126028222765,489.51959494783154,-137.7580758290651,490.0221591825135,False
"rl_inverse_kinematics/ruth/contact_points.npy, the 21 rows of contact_list.npy (RL training targets)",385634,,False,1,0.0,0.06162671793381909,14.002824553438149,13.675355173984304,0.327469379453845,461.89809359550117,-82.56994385245787,492.59760448937857,False
"rl_inverse_kinematics/ruth/contact_points.npy, the 21 rows of contact_list.npy (RL training targets)",471437,,False,1,1.7763568394002505e-15,0.05917420884249978,13.72711059754734,13.400259193414733,0.32685140413260605,497.07277986433786,-102.9662951113335,490.3116930534312,False
"rl_inverse_kinematics/ruth/contact_points.npy, the 21 rows of contact_list.npy (RL training targets)",141518,,False,1,1.7763568394002505e-15,0.060930312582019926,13.924562841890024,13.574216891786895,0.3503459501031294,429.36689183034844,-147.8452880542004,491.86028782777043,False
"rl_inverse_kinematics/ruth/contact_points.npy, the 21 rows of contact_list.npy (RL training targets)",58666,,False,1,8.881784197001252e-16,-0.01699825253028289,5.046521435547331,5.0146535633684515,0.03186787217887943,483.46146244675765,-131.41225033775302,491.5903771544149,False
"rl_inverse_kinematics/ruth/contact_points.npy, the 21 rows of contact_list.npy (RL training targets)",364150,,False,1,1.7763568394002505e-15,-0.020770777382740392,4.6120376539540375,4.525390778760958,0.08664687519307979,421.2267246525308,-146.19216726204994,491.20655671252075,False
"rl_inverse_kinematics/ruth/contact_points.npy, the 21 rows of contact_list.npy (RL training targets)",57173,,False,1,3.552713678800501e-15,0.08873110968996654,17.02976983035803,16.694575002473087,0.33519482788494415,404.97646444355723,-118.34299967962721,490.43985822183413,False
"rl_inverse_kinematics/ruth/contact_points.npy, the 21 rows of contact_list.npy (RL training targets)",310487,,False,1,4.085620730620576e-14,0.055012770291042096,13.258632764822618,13.097483221000438,0.16114954382218016,436.1464745812363,-75.27814271939545,489.58385337001783,False
"rl_inverse_kinematics/ruth/contact_points.npy, the 21 rows of contact_list.npy (RL training targets)",227177,,False,1,7.105427357601002e-15,0.04731765008641617,12.39028146771755,12.282273151183455,0.10800831653409482,417.50378942207374,-118.20157100890557,489.6716073454875,False
"rl_inverse_kinematics/ruth/contact_points.npy, the 21 rows of contact_list.npy (RL training targets)",66987,,False,1,8.881784197001252e-16,-0.021695837997861435,4.505451100415148,4.206027709357547,0.2994233910576014,494.9936188779776,-129.02207882837044,492.8352571502221,False
"rl_inverse_kinematics/ruth/contact_points.npy, the 21 rows of contact_list.npy (RL training targets)",290595,,False,1,0.0,-0.019904235599617816,4.711865122628345,4.485414473327608,0.22645064930073744,436.57158662667604,-85.09074582297606,491.5751324605435,False
"rl_inverse_kinematics/ruth/contact_points.npy, the 21 rows of contact_list.npy (RL training targets)",7132,,False,1,8.881784197001252e-16,-0.012885425998843996,5.519833062642213,5.118341322495206,0.4014917401470077,500.5442913384647,-128.23911776807105,491.8718047222268,False
"rl_inverse_kinematics/ruth/contact_points.npy, the 21 rows of contact_list.npy (RL training targets)",315339,,False,1,0.0,-0.02049681859635658,4.643600026315245,4.582980076791493,0.06061994952375205,446.4934287296852,-78.23821294446928,491.7760151163668,False
"rl_inverse_kinematics/ruth/contact_points.npy, the 21 rows of contact_list.npy (RL training targets)",278559,,False,1,0.0,-0.020738788740079787,4.615723098806886,4.090314454795587,0.525408644011299,428.32585590822464,-97.82568684991435,491.4328643646979,False
"rl_inverse_kinematics/ruth/contact_points.npy, the 21 rows of contact_list.npy (RL training targets)",341429,,False,1,1.7763568394002505e-15,0.05580422015638812,13.347792562921915,13.289563375404704,0.0582291875172114,451.22200086543296,-71.30206524662806,489.6485380127823,False
"rl_inverse_kinematics/ruth/contact_points.npy, the 21 rows of contact_list.npy (RL training targets)",162503,,False,1,1.7763568394002505e-15,0.06229391605185411,14.07778224854784,13.786792380608285,0.2909898679395546,434.7346855063513,-139.7532131957139,489.255064144811,False
"rl_inverse_kinematics/ruth/contact_points.npy, the 21 rows of contact_list.npy (RL training targets)",384592,,False,1,0.0,-0.02512445936678235,4.110247199011385,3.9212476660814195,0.18899953292996585,471.54395790138557,-76.60152572031566,491.49846906990774,False
"rl_inverse_kinematics/ruth/contact_points.npy, the 21 rows of contact_list.npy (RL training targets)",444935,,False,1,0.0,0.06225236336289651,14.073114551823021,14.038423967332037,0.03469058449098483,496.0351458025393,-96.63870147692946,490.2565834467552,False
"rl_inverse_kinematics/ruth/contact_points.npy, the 21 rows of contact_list.npy (RL training targets)",159485,,False,1,1.7763568394002505e-15,0.059755385096183944,13.79247283503582,13.601476397999317,0.19099643703650315,444.3198867869648,-150.45636498477674,489.3608095416748,False
"rl_inverse_kinematics/ruth/contact_points.npy, the 21 rows of contact_list.npy (RL training targets)",253238,,False,1,1.2434497875801753e-14,0.04835523458047551,12.507519542736388,12.301453668490366,0.20606587424602196,426.0309618337176,-105.38949301575747,492.2151770945115,False
